poi_id,name,category,overview,image
987810,해운대 동백섬,자연경관(하천‧해양),"동백섬은 오랜 세월 퇴적작용으로 육지와 연결되었지만 아직도 동백섬이라고 부르고 있어 옛날 지형을 연상시켜 주고 있다. 일찍이 최치원 선생을 비롯한 많은 시인 묵객들은 바다와 숲이 어우러진 이곳의 절경을 찾아 노닐고 그 감흥을 읊어 후세에 전하고 있다. 동백섬을 둘러 산책로가 조성되어 시민들의 발길이 끊이지 않고 있으며 최치원의 해운대 각자, 동상, 시비를 비롯해서 황옥공주 전설의 주인공 인어상과 누리마루 APEC하우스 등 과거와 현재에 걸친 인적이 곳곳에 배어 있다. 또한, 동백섬에서 보는 부산의 전경은 인상적인데 건너편 미포 쪽 해안끝선과 달맞이 언덕, 바다와 하늘을 가로지르는 광안대교, 부산바다의 상징 오륙도 등이 한눈에 들어온다. 이름 그대로 예전에 말발굽에 차일 정도로 동백꽃이 지천으로 피고 지던 곳에는 지금도 변함없이 겨울에서 봄 사이에 꽃망울을 맺고 빨간 꽃이 통으로 떨어져 운치를 더하고 있다.",https://tong.visitkorea.or.kr/cms/resource/47/3350847_image2_1.jpg
126848,해동용궁사,종교성지,"해동용궁사는 1376년 공민왕(恭民王)의 왕사(王師)였던 나옹대사(懶翁大師)의 창건으로 바다와 용과 관음대불이 조화를 이루어 신앙의 깊은 뜻을 담고 있으며, 진심으로 기도를 하면 누구나 꼭 현몽을 받고 한 가지 소원을 이루는 곳으로 유명하다. 임진왜란의 병화로 소실되었다가 1930년대 초 통도사의 운강(雲崗)이 중창하였다. 1974년 정암(晸菴) 스님이 이 절의 주지가 되어 관음도량으로 복원할 것을 발원하고 백일기도를 하였는데, 꿈에서 흰옷을 입은 관세음보살이 용을 타고 승천하는 것을 보았다 하여 절 이름을 해동용궁사로 바꾸었다. 현존하는 건물은 대웅전을 비롯하여 굴법당, 용왕당(용궁단), 범종각, 요사채 등이 있다. 대웅전 옆에 있는 굴법당은 미륵전이라고 하여 창건 때부터 미륵좌상 석불을 모시고 있는데 자손이 없는 사람이 기도하면 자손을 얻게 된다 하여 득남불이라고 부른다. 대웅전 앞에는 사사자 석탑이 있다.",https://tong.visitkorea.or.kr/cms/resource/35/3499335_image2_1.jpg
2504464,부산 송도해상케이블카,기타체험,"송도해수욕장에 위치한 송도해상케이블카는 우리나라 제1호 공설해수욕장인 송도해수욕장의 옛 명성을 되살리기 위해 29년 만에 복원되었다. 부산에어크루즈는 해수욕장 동쪽 송림공원에서 서쪽 암남공원까지의 구간을 바닥이 투명한 크리스털캐빈을 포함하여 최신기종인 캐빈 39기가 운행된다. 특히, 바다 위를 가로질러 운행함으로써 부산 송도 일대의 빼어난 풍광을 즐길 수 있다.
이 밖에 국내 최초의 케이블카 뮤지엄 ‘송도 도펠마이어 월드’, 아시아 최초의 공중그네 ‘스카이스윙’, ‘테마파크 포토서비스 ’등 다양한 테마시설과 볼거리를 제공한다.

◎ 한류의 매력을 만나는 여행 정보 - 예능 
바다와 산, 그리고 하늘을 한눈에 다 담고 싶다면 ‘송도 해상케이블카’가 모든 걸 충족시켜 줄 것이다. ‘뉴진스코드 IN 부산’에서는 뉴진스 멤버들이 이 케이블카에 탑승해 발밑으로 보이는 바다와 탁 트인 자연 풍경에 감탄하는 모습을 보인다. 부산을 한눈에 담고 싶다면 ‘송도 해상케이블카’에 올라타 보는 것을 추천한다.",https://tong.visitkorea.or.kr/cms/resource/11/3413711_image2_1.jpg
2732397,물빛색스튜디오,기타체험,"부산의 물빛색스튜디오는 이색 기념사진을 찍을 수 있는 곳이다. 수조 안의 모델의 모습을 촬영하는 수중촬영을 할 수 있다. 물빛색스튜디오에는 너비 3.5m, 깊이 2.4m의 대형 단독 수조가 준비되어 있고, 그 위로 다양한 색상을 비출 수 있는 조명이 준비되어 있다. 또한, 촬영 시에 필요한 의상과 소품도 다양하게 구비되어 있다. 각종 한복과 드레스, 인어 복장 등 선택지가 다양하다. 주로 커플, 웨딩, 만삭 촬영을 하고 있다. 샤워실도 있어 세면도구가 모두 구비되어 있다. 메이크업부터 촬영까지 전문가들의 손길을 거쳐 진행된다.",https://tong.visitkorea.or.kr/cms/resource/64/3491264_image2_1.jpg
2815627,롯데월드 어드벤처 부산,테마공원,"롯데월드 어드벤처 부산은 숲 속의 청량함과 짜릿한 스릴감을 완벽하게 즐길 수 있도록 준비되어 있다. '놀이공원' 하면 떠오르는 언제나 즐겁고 신나는 공연 그리고 퍼레이드를 경험할 수 있다. 롯데월드 어드벤처 부산은 대한민국 제2의 도시라고 불리는 부산에 세워진 데다 대중교통을 이용한 접근성도 편리해 개장 첫날부터 끊임없는 발길이 이어지고 있다.
6개의 테마존으로 꾸려져 있다. 요정 마을 팅커폴스 존 중심에 토킹트리가 있는데 이 나무는 애니매트로닉스 기술이 적용되어 파크 내 6개 테마에 관한 이야기를 들려준다. 롯데월드 내 가장 높은 곳에 위치한 로얄가든 존의 로리캐슬은 물에 떠 있는 듯한 모습으로 연출되어 있으며 부산의 전경과 함께 기장 앞바다를 한눈에 즐길 수 있다. 이외의 놀이 기구들 특히 자이언트 디거, 자이언트 스플래쉬 등 대표 어트랙션은 그 짜릿함이 벌써 입소문을 타고 있다. 이렇게 어른들을 위한 어트랙션뿐만 아니라 유아를 동반한 가족 이용객을 위한 놀이 기구도 준비되어 있다. 날씨와 관계없이 아이와 안전하게 즐길 수 있도록 실내에 배치되어 있다. 

◎ 한류의 매력을 만나는 여행 정보 - 드라마 
중간과 준희가 남부럽지 않은 데이트를 즐겼던 롯데월드 어드벤처 부산은 동화 속에 들어온 듯한 풍경과 스릴 넘치는 놀이기구, 환상적인 퍼레이드가 공존하는 곳이다. ‘토킹 트리’ 앞에 서면 반지를 주고받으며 행복해하던 중간·준희 커플이 떠오른다.",https://tong.visitkorea.or.kr/cms/resource/21/2815721_image2_1.jpg
2783344,낙동강 생태탐방선,자연공원,"낙동강 생태탐방선은 낙동강 물줄기를 따라 에코투어를 즐길 수 있는 프로그램이다. 물금과 대동 코스, 을숙도 일원 코스, 화명과 물금 코스가 있다. 낙동강 생태탐방선은 전화로 사전예약 또는 방문 후 승선이 가능하다. 승선신고서 작성을 위해 신분증을 반드시 지참해야 하며, 탑승 20분 전까지 탑승장에 도착해야 한다.
여객 30명까지 승선이 가능한 탑승선은 쾌적하고 넓은 내부를 자랑한다. 탐방선이 출발하면 생태탐방 해설사가 낙동강의 생태와 역사에 관해 설명해 준다. 유익한 해설을 들은 후에는 탐방선 2층에서 따뜻한 햇볕과 시원한 강바람을 맞으며 아름다운 낙동강 풍광을 눈에 담을 수 있다. 낙동강 생태탐방선의 특징 중 하나는 친환경에너지를 사용한다는 것인데, 2층에서 태양광발전기와 풍력발전기를 통해 에너지를 얻는 모습을 직접 관찰할 수 있다. 또 선내에 망원경이 비치되어 멀리 있는 풍경까지 더욱 자세한 생태탐방이 가능하다.",https://tong.visitkorea.or.kr/cms/resource/51/2787651_image2_1.jpg
2662991,구포만세거리,도시지역문화관광,"구포만세거리는 1903년 개통돼 일제강점기부터 지금까지 북구의 관문으로 사랑받았던 구포역에서 시작되는 거리다. 구포역부터 구포시장까지 가는 길로 구포장터 3·1 만세운동에 관한 다양한 벽화들을 감상할 수 있다. 구포장터 3·1 만세운동은 1919년 3월 29일 구포장터에서 1,200여 명이 대규모 만세운동을 벌여 김옥겸 선생 등 42명이 옥고를 치른 부산의 대표적인 독립만세 운동이며 의거의 주축이 주로 유림과 학생이었던 타 지역과 달리, 상인과 노동자 등 서민 대중들이 주도했다는 점에서 그 의미가 크다고 할 수 있다. 본격적으로 거리로 나서면 먼저 눈에 띄는 것은 곳곳에 남은 역사의 흔적들과 지금의 구포 문화를 직접 경험할 수 있는 구포국수체험관 및 문화예술플랫폼으로 이어진다.",https://tong.visitkorea.or.kr/cms/resource/34/3493634_image2_1.jpg
2606230,국립달음산자연휴양림,자연공원,"해발 588미터의 달음산은 기장 8경 중에 제1경이며, 기장군의 2대 명산 중의 하나이다. 달음산 정산에 거대한 바위가 있어 독수리처럼 굽어본다하여 취봉 또는 수리봉으로 불린다. 국립달음산자연휴양림은 달음산 서쪽 자락에 위치하고 있으며, 부산광역시 최초의 국립 자연휴양림으로 산과 바다를 모두 보고 즐길 수 있는 최적의 휴양림이다. 발아래 철썩대는 바닷물을 볼 수 있는 한국의 삼대 관음성지중의 한곳인 해동용궁사를 비롯해 일광해수욕장, 기장대변 멸치축제 등 접근성과 편의성을 두루 갖추고 있다.",https://tong.visitkorea.or.kr/cms/resource/21/2611721_image2_1.jpg
3027444,낙조정,랜드마크관광,"낙조정은 부산광역시 사하구 을숙도에 있는 철새 관찰 전망대이다. 낙조정은 철새보호구역에서 철새의 활동에 지장을 주지 않으면서 철새의 형상으로 새와 함께 즐긴다는 의미로 붙여진 이름이다. 2층에 전망대가 있고, 철새를 관찰할 수 있는 망원경이 비치되어 있어 철새의 이동을 관찰할 수 있다. 낙조정에는 경사로 올라가는 특이한 엘리베이터가 설치되어 있어 노약자도 전망대에서 철새를 조망할 수 있도록 운영하고 있다. 옆에는 어도관람실도 함께 운영하고 있으며, 지하 2층에 내려가면 물고기를 직접 관찰할 수 있도록 투명 유리창으로 된 어도를 만날 수 있다.",https://tong.visitkorea.or.kr/cms/resource/23/3027423_image2_1.JPG
1945309,이기대,자연경관(하천‧해양),"이기대는 장산봉이 바다로 면한 동쪽 바닷가에 있는 대로 용호3동에 속한다. 용호하수처리장에서 고개 하나 넘은 곳에 있으며 장산봉이 바다로 면한 동쪽은 기묘한 바위절벽으로 경관이 뛰어났지만 사람들이 걸어서 오가기에는 위험하다. 그래서 주로 바다에서 배로 그 경관을 즐긴다. 이기대 중심자리는 직각으로 된 절벽이 아니라 바다에 접한 암반이 비스듬히 기울어져 평면에 가깝게 된 곳이 산을 따라 2㎞ 정도 바닷가로 이어져 있다. 그 바위반석에서 동해를 바라보는 경관과 밀려드는 파도를 바라보는 경관이 빼어난 곳이다. 예전에는 군작전지구로 지정되어 있어 민간인의 출입이 금지되었다가 1993년에 개방되었다.

(출처: 부산 남구 문화관광 홈페이지)",https://tong.visitkorea.or.kr/cms/resource/11/4096311_image2_1.jpg
1277679,부산타워,역사유물,"부산타워는 부산 원도심 용두산공원에 있는 120m 높이의 전망대이다. 전망대에서는 부산항과 광안대교, 남포동 일대의 전경을 한눈에 감상할 수 있다. 특히 야경이 아름다워 관광객들에게 인기 있는 장소로 손꼽힌다. 타워 내부에는 다양한 전시와 문화 행사가 열리는 공간이 마련되어 있어 방문객들에게 다양한 문화 체험을 제공한다. 타워 상층에는 전망대가 하층에는 하늘을 나는 잠수함 컨셉으로 다양한 놀이 시설들이 있으며, 내려오면 화려한 포토존과 부산을 상징하는 여행지를 컬러로 꾸민 방도 있다. 또한, 타워 주변에는 다양한 먹자골목과 박물관이 있어 함께 둘러보기에도 좋다.",https://tong.visitkorea.or.kr/cms/resource/66/4096266_image2_1.jpg
2994179,전포공구길,도시지역문화관광,"부산 서면 일대에 위치한 전포공구길은 최근 몇 년 사이 젊은 층이 찾는 핫플레이스로 자리 잡은 거리다. 지하철 1호선 서면역과 부전역 사이에 있어 대중교통으로 편리하게 방문할 수 있다. 과거 공구상가가 밀집했던 이곳은 기존 상가를 리모델링해 옛 감성과 현대적인 인테리어를 조화롭게 살린 카페, 음식점, 소품숍 등이 들어서면서 SNS에서 입소문을 탄 명소가 되었다. 2023년 전포 공구골목 조성 사업을 통해 곳곳에 아름다운 야간 경관조명이 설치되어 있어 저녁에는 더욱 개성 있는 분위기를 느낄 수 있다.",https://tong.visitkorea.or.kr/cms/resource/78/2994078_image2_1.JPG
2660770,부산 치유의 숲,웰니스관광,"부산 치유의 숲은 부산광역시 푸른도시가꾸기사업소가 운영하는 영남권 최초의 치유의 숲으로, 2017년 11월 부산대학교 학술림에 조성되었다. 153ha 규모에 해발 240m 안팎의 넓고 완만한 산세를 지녀 편안하게 걷기 좋다. 소나무와 참나무가 어우러진 숲에서는 나뭇잎을 스치는 바람과 개울물, 산새 소리가 걸음마다 따라온다. 평지와 언덕, 계곡과 바위산 등 다채로운 지형을 품고 있으며, 아홉산 숲을 만나는 힐링로드, 회동수원지 풍광을 즐기는 솔바람길, 짙은 숲의 생명력을 느끼는 큰바위길을 컨디션에 따라 선택할 수 있다. 흙길과 매트길, 데크길도 걷는 재미를 더한다. 산림치유·숲해설·유아숲 프로그램도 운영한다.",https://tong.visitkorea.or.kr/cms/resource/00/4096200_image2_1.jpg
2496023,키자니아 부산,기타체험,"직업 체험 테마파크인 키자니아는 국내외 다양한 기업과 파트너십을 맺어 어린이들에게 수준 높은 직업 체험 기회를 제공하고 있다. 2016년 4월 8일 개장한 키자니아 부산은 전 세계 22번째이자 국내 2호 키자니아다. 영남권 아이들에게 40여 가지 전문적인 직업 체험활동을 제공하는 키자니아 부산은 신세계 센텀시티몰 4~6층에 위치하고 있다. 오픈 1년 만에 50만 방문객을 돌파하고 2025년까지 약 300만 명의 고객이 키자니아 부산을 찾고 있다. 키자니아 부산은 게임 개발 센터, 스포츠 방송 센터, 피라미드 탐험대, 보트 조종 스쿨 등 키자니아 서울과 차별적인 체험시설도 마련되어 있어 다른 성격과 느낌을 전달한다. ‘승무원교육센터’는 비상탈출훈련이 보강되고, 보트 조종 스쿨이 있는 등 도시의 특색을 반영한 체험 활동을 제공한다. MBC, 오뚜기, 진에어, 삼성전자, HD현대, 하이원리조트, 부산일보 등 국내 기업과 공공기관과의 파트너십을 통해 전문적이고 리얼한 체험 콘텐츠를 선보이고 있다.",https://tong.visitkorea.or.kr/cms/resource/33/3526933_image2_1.jpg
2994364,송도스카이파크,랜드마크관광,"송도스카이파크는 송도해상케이블카의 도착 지점에 있는 테마파크다. 송도 베이스 스테이션에서 케이블카를 탑승하고 송도 해변과 영도 등 주변의 풍광을 15분 정도 관람하면 송도스카이파크에 도착한다. 지하 1층에는 케이블카 뮤지엄인 송도 도펠마이어월드가 있으며, 1층에는 매표소, 승강장, 광장, 분식점 등이 있다. 2층에는 오션테라스와 카페, 3층에는 어린 왕자 테마파크인 스카이하버 전망대가 있다.
송도스카이파크 앞 파크스퀘어광장에는 움직이는 거대한 공룡 모형이 전시된 다이노어드벤처와 각종 포토존이 있어 사진 찍기 좋다. 광장에서 연결되어 있는 암남공원은 바다를 보며 산책하기 좋은 트레킹 코스로 많은 시민들이 찾고 있는 곳이기도 하다. 
송도스카이파크 광장을 내려오면 관광 명소인 용궁구름다리도 있다.",https://tong.visitkorea.or.kr/cms/resource/85/3589785_image2_1.jpg
4093705,부산 우암동 소막마을 주택,역사유적지,"일제강점기에 소의 검역과 수출을 위해 조성한 소막사를 광복 이후 귀환 동포와 한국전쟁 피란민이 주거공간으로 바꾸어 사용한 근현대 생활유산이다. 넓은 막사 내부를 여러 가구가 나누어 살 수 있도록 칸막이를 설치했고, 좁은 골목과 우물, 지붕 위 환기구 등에는 당시 생활환경의 흔적이 남아 있다. 이후 항만과 주변 산업시설에서 일한 노동자들의 거주지로 이어지며 우암동 소막마을을 형성했다. 현재 보존 주택에서는 소막사의 건축 구조와 피란민의 주거 변화, 마을 주민들의 생활사를 살펴볼 수 있으며, 골목을 둘러볼 때는 주민의 실제 생활공간임을 고려해야 한다. 인근의 유엔기념공원과 부산박물관을 함께 둘러보기 좋다.",https://tong.visitkorea.or.kr/cms/resource/31/4093331_image2_1.jpg
1082315,스포원파크재난안전체험관,기타체험,"스포원파크 재난안전체험관은 재난체험시설과 교육·전시시설로 구성된 종합 안전체험교육시설이다. 지진체험관, 연기체험관, 소화기작동 체험관, 응급처치 체험관 등 4개의 재난체험시설과 오리엔테이션홀, 재난역사 전시관, 생활안전전시관 등 3개의 교육·전시시설을 포함해 총 7개 주제 공간을 운영하고 있다. 전직 소방관 등으로 구성된 12명의 전문 자원봉사자가 재난 및 안전교육과 체험을 직접 진행하여 실제 상황에 대비한 안전의식과 대응능력을 기를 수 있도록 지원한다.",https://tong.visitkorea.or.kr/cms/resource/04/4095804_image2_1.jpg
2661475,회동수원지(회동수원지 둘레길),자연경관(하천‧해양),"회동수원지는 ‘금정회동호’라고도 불리는 곳이다. 부산광역시 금정구 회동동, 선동 등 5개 동에 인접한 도심 속 산중 지역에 위치하고 있는 부산 시민의 상수원지이다. 1946년~1967년에 완공되었으며, 부산 시민의 중요한 식수원이자 휴양처로 알려져 있다. 조선시대에는 이곳에서 주자학을 공부하던 사람들이 숨어 지내면서 이곳의 아름다운 경치를 ‘오륜대’라고 불렀다. 상수원보호구역으로 지정되어 일반인의 접근이 금지되었다가 2010년 1월부터 시민에 개방되었다. 상수원지로서의 기능뿐만 아니라 땅뫼산 황토숲길, 편백나무숲, 갈맷길 등 도심 속에서 힐링을 느낄 수 있는 명소로 시민들에게 사랑받고 있다.
회동수원지에는 둘레길이 조성되어 있다. 총거리는 21㎞로, 동대교에서 시작하여 회동동버스차고지에서 마무리되는 코스이다. 이어지는 길은 평탄해 누구나 편하게 걸을 수 있다.
또한 회동호 누리교에서 시작하여 상현마을, 오륜대 전망대, 생태탐방로(대숲길), 땅뫼산 황토숲길, 땅뫼산 수변데크를 거쳐 동대교에서 끝나는 회동수원지투어도 즐길 수 있다.",https://tong.visitkorea.or.kr/cms/resource/56/3552456_image2_1.jpg
3016808,부산역 풍물거리,도시지역문화관광,"부산역 풍물거리는 포장마차가 있는 거리이다. 과거 많은 포장마차가 운영되어 오다 2021년 화재로 포장마차촌이 소실되어 새로 포장마차촌을 정비하여 개장하였다. 현재에는 여섯 곳의 포장마차촌이 운영되고 있으며 새로 지은 포장마차로 내부가 깔끔하고 에어컨 등 편의 시설도 갖추어져 있다. 메뉴 종류가 천장 쪽에 부착되어 있고 사진과 함께 영문 메뉴 명도 있어서 외국인도 많이 찾는 곳임을 알 수 있다. 곰장어, 장어구이, 문어숙회, 연탄 주꾸미, 막창구이 등 많은 종류의 음식들이 구비되어 있는 곳이다. 부산의 밤거리를 느껴보고 친구와 함께 낭만과 운치를 느껴보는 곳이기도 하다.",https://tong.visitkorea.or.kr/cms/resource/93/3016793_image2_1.JPG
777057,내원정사(부산),종교성지,"내원정사는 서구 도솔산에 자리잡은 도심 속 사찰로서 부산광역시 전통 사찰로 지정되었다. 창건 이후 1983년까지 10여 년에 걸쳐 1차 불사로 전통 목조의 대웅전, 관음전, 요사채, 종루 등 12동의 당우(堂宇)를 조성하였다. 1985년에는 2차 불사로 불교 유치원을 설립하였다. 또한 1990년에는 3차 불사로 만불전을 건립하였다. 내원정사 만불전은 늘어나는 신도들을 수용하기 위한 법회의 장이며, 사찰 운영의 현대화와 합리화를 위해 현대적 시스템을 갖춘 요사이다. 내원정사에 있는 지정 문화유산으로는 내원정사 수장 묘법연화경(妙法蓮華經)이 있다.",https://tong.visitkorea.or.kr/cms/resource/55/3031655_image2_1.JPG
127419,허심청,웰니스관광,"허심청은 편안하고 즐거운 온천욕과 휴식 및 체력단련을 통한 건강증진을 추구하는 새로운 유형의 도시형 온천 건강랜드로, 1991년 10월 부산시 도심 재개발 사업으로 탄생했다. 허심청의 온천탕은 전체 4,297.54m²로 3,000명을 동시에 수용할 수 있는 동양 최대 규모의 온천시설이다.
대온천탕에서는 장수탕, 회목탕, 청자탕, 동굴탕, 노천탕 등 40여 종의 효능별 욕탕과 계절에 따라 천연재료와 한방약재를 달리한 이벤트탕을 운영하며, 개인별 체질과 연령에 따라 자유롭게 이용할 수 있는 다양한 입욕코스를 갖추고 있다. 확 트인 초대형 온천탕과 자연채광이 가능한 천장, 예술적 조형미를 갖춘 아름다운 실내 전경으로 허심청만의 특별한 휴식을 경험할 수 있으며, 찜질방 및 부대시설에서는 가족과 함께 편안한 시간을 보낼 수 있다.",https://tong.visitkorea.or.kr/cms/resource/37/4090237_image2_1.jpg
4085879,"러블리가든(사계, 나를심다)",농산어촌체험,"부산 강서구에 위치한 러블리가든(사계, 나를심다)는 유럽 포도를 유기농으로 재배하는 체험형 농장이다. 봄에는 새순과 포도 나무 키우기 체험, 여름에는 포도 나무가 자라 포도가 되어 가는 모습 감상할 수 있으며 다양한 과일 수확 체험을 경험할 수 있다. 가을에는 포도 농장주와 함께하는 도슨트 투어 및 수확 체험, 겨울에는 다양한 만들기 클래스를 운영하며 사계절 내내 자연속에서 몸과 마을은 치유할 수 있다.",https://tong.visitkorea.or.kr/cms/resource/96/4085896_image2_1.jpeg
1608673,부산진일신여학교,종교성지,"부산진일신여학교는 동구 좌천동 있는 부산 최초의 근대식 여성 교육기관이다. 1909년에 만들어진 서양식 근대 건물의 원형과 이후 증축한 부분까지 잘 보존된 점에서 건축사적 의의가 크다. 부산의 근대 건축물 대부분이 일제에 의해 지어진 것과 다르게, 부산진일신여학교 건물은 호주인 선교사들이 지은 서양식 건물로 이러한 가치를 인정받아 2003년 5월 부산광역시 기념물로 지정됐다. 건물의 1층 외부는 석조이고, 2층은 붉은 벽돌로 되어 있지만, 내부는 목재로 감싼 점이 특이하다. 건물 바깥에 벽돌을 쌓은 기술이 매우 뛰어날 뿐만 아니라 건물 정면의 계단과 2층 난간은 20세기 초 서양식 건물의 모습을 간직하고 있다. 부산진일신여학교는 선교사가 세운 타 교육기관들과 마찬가지로 성경과 영어를 가르쳤으며, 그 밖에 한글, 역사, 수학, 심리학 등 다양한 과목에 대한 교육을 담당했다. 민족과 성별에 따른 차별적 교육이 이뤄지던 일제강점기, 부산진일신여학교는 조선인으로서 그리고 여성으로서 세상을 보는 법을 가르친 곳이었다.
이러한 민족교육은 훗날 뜨거운 항일 정신으로 피어났다. 1919년 3월 11일, 이 학교의 교사와 여학생들은 밤새 직접 만든 태극기를 들고 거리에 나서며 부산·경남 지역 최초의 만세운동을 이끌었다.",https://tong.visitkorea.or.kr/cms/resource/71/3552471_image2_1.jpg
127445,금강공원,도시공원,"일본 상인이 금정산자락의 일부를 자신의 개인 정원으로 꾸며 만든 이곳이 광복 후 공원으로 지정되면서 ‘금강공원’이라는 이름을 갖게 되었다. ‘금강’이라는 이름은 금정산의 수려함이 금강산에 버금간다 하여 ‘소금강’이라고 불렸는데, 여기서 따온 이름이다. 도심 속에 위치해 있어 사계절 인적이 끊이지 않는 공원으로, 누구나 즐길 수 있는 휴식처로 사랑을 받고 있다. 공원 내에는 다양한 문화시설이 있다. 동래지역이 가진 전통민속예술의 발굴과 계승, 보급을 위해 1974년 9월에 개관한 부산민속예술관, 우리나라 최초의 세계 해양자연사 전문 박물관인 부산해양자연사박물관이 자리하고 있다. 금강공원 케이블카도 빼놓을 수 없는 명물이다. 1966년 만들어진 케이블카는 오랜 시간이 지났지만 빨갛고 노란 옛날 느낌 그대로 운행하고 있다. 이외에도 체육시설, 지방문화재기념물 제13호인 임진동래의총, 7개의 기념비도 볼 수 있다.",https://tong.visitkorea.or.kr/cms/resource/87/4083687_image2_1.jpg
2782782,해운대수목원,자연공원,"1987년부터 1993년까지 석대 쓰레기 매립장으로 이용되던 시설을 수목원으로 재개발한 곳이다. 수목유전자원의 보전·증식 및 전시, 산림 치유 및 휴양을 통해 자연친화적인 국내 최대 공립수목원으로 조성했다. 다양한 식물과 자연요소를 만날 수 있는 생명의 숲, 당나귀와 타조를 만날 수 있는 초식동물원, 동식물이 자연스럽게 어우러지는 생태습지원 등 다양한 주제원을 가지고 있다. 어린이들이 마음껏 뛰어놀 수 있는 푸른 잔디광장도 조성되어 있어 온 가족이 함께하기 좋은 곳이다.",https://tong.visitkorea.or.kr/cms/resource/91/3353991_image2_1.jpg
2607943,청사포 다릿돌전망대,랜드마크관광,"2017년 8월 17일 개장한 청사포 다릿돌전망대는 해남부선 폐선부지를 산책로로 조성한 그린레일웨이에 있다. 도심 속 어촌인 청사포, 수려한 해안경관, 일출, 낙조 등을 감상할 수 있어 부산의 대표적인 관광명소로 꼽힌다. 
2024년 8월 길이 72.5m, 폭 3m 규모로 상판이 해수면에서 20m 높이에 바다 방향으로 쭉 뻗은 일자형에서 길이 191m, 폭 3m 규모 U자형으로 확장했다. 전망대 끝자락에는 반달 모양의 투명 바닥을 설치해 바다 위를 걷는 아슬아슬함을 느낄 수 있다.
전망대 바로 앞에서부터 해상 등대까지 가지런히 늘어선 5개의 암초인 다릿돌을 바라보며 청사포의 수려한 해안경관과 일출, 낙조의 자연 풍광을 감상할 수 있다. 

(출처 : 해운대구청)",
126078,광안리해수욕장,해수욕장,"광안리해수욕장은 부산광역시 수영구에 위치한 대표적인 해변으로, 맑고 푸른 바다와 고운 백사장이 어우러져 사계절 내내 많은 관광객이 찾는 명소이다. 해변 너머로 펼쳐지는 광안대교는 낮에는 시원한 바다 풍경을, 밤에는 화려한 조명과 함께 아름다운 야경을 선사해 부산을 대표하는 전망 명소로 손꼽힌다. 여름철에는 해수욕은 물론 서핑, 패들보드 등 다양한 해양 레저를 즐길 수 있으며, 해변을 따라 카페와 맛집이 밀집해 있어 여유로운 휴식과 미식을 함께 즐기기에 좋다. 또한 각종 공연과 축제, 드론쇼 등 다채로운 문화행사가 열려 볼거리를 더하며, 도심과 가까워 대중교통으로도 편리하게 방문할 수 있다. 아름다운 바다 풍경과 풍부한 즐길 거리를 갖춘 광안리해수욕장은 가족, 친구, 연인 모두에게 사랑받는 부산의 대표 관광지이다.",https://tong.visitkorea.or.kr/cms/resource/45/3311245_image2_1.jpg
126195,유엔기념공원,도시공원,"유엔기념공원은 세계 유일의 유엔군 묘지로서, 세계평화와 자유의 대의를 위해 생명을 바친 유엔군 전몰장병들이 잠들어 있다. 이곳 묘지는 한국전쟁이 일어난 이듬해인 1951년 1월, 전사자 매장을 위하여 유엔군 사령부가 조성하였으며, 같은 해 4월 묘지가 완공됨에 따라 개성, 인천, 대전, 대구, 밀양, 마산 등지에 가매장되어 있던 유엔군 전몰장병들의 유해가 안장되기 시작하였다.
1955년 11월 대한민국 국회는 유엔군의 희생에 보답하기 위해 이곳 토지를 유엔에 영구히 기증하고, 아울러 묘지를 성지로 지정할 것을 결의하였으며, 1955년 12월 15일, 한국 정부로부터 국회의 결의 사항을 전달받은 유엔은 이 묘지를 유엔이 영구적으로 관리하기로 유엔총회에서 결의문을 채택하였다. 한국전 당시 대한민국의 자유와 평화를 지키기 위해서, 군대를 파견한 16개국과 의료 지원단을 보낸 5개국의 용사 중, 전사한 유엔군 전사 장병의 영혼이 잠들어 있는 성역으로 이곳 기념 묘지에는 최초 11,000여 명의
전사자가 안장되어 있었으나, 그 후 유가족이나 본국 정부의 요청으로 이장되어, 현재 2,300기의 유해가 안장되어 있다.
한국 정부가 1978년에 건립한 유엔군 위령탑에는 한국전에 파견된 전투 장비, 인원 규모, 전사자 현황이 동판에 한글 및 영문으로 새겨져 있으며, 영국 정부가 주체가 되어 건립한 영연방 위령탑에는 영연방 국가의 전사자 중 시신을 찾지 못한 그들의 고귀한 희생을 기리고 있다.",https://tong.visitkorea.or.kr/cms/resource/39/4055739_image2_1.png
2350092,더베이101,랜드마크관광,"더베이101은 해운대의 야경을 자랑하는 복합문화예술공간으로, 아름다운 바다와 산, 그리고 현대적인 건물이 공존하고 있다. 밤이 되면 화려한 마천루를 볼 수 있는 부산의 유명한 관광명소로, 해운대 동백섬 입구에 위치하고 있다. 더베이101에는 해운대 시티뷰를 바라보며 브런치, 음료 등을 즐길 수 있는 카페, 테라스 및 루프탑을 겸비하고 있는 식당, 다양한 소품 및 주방용품 등을 볼 수 있는 소품샵, 갤러리 등 다양한 시설이 입점되어 있다. 또한, 요트투어를 운영하고 있어 요트를 타고 아름다운 해운대의 야경을 눈에 담을 수 있다. 해운대의 야경 혹은 마천루를 활용한 멋진 사진을 찍기 위한 포토존 명소로도 자리 잡고 있어 많은 관광객이 찾고 있다.  

◎ 한류의 매력을 만나는 여행 정보 - 드라마 
금주와 큰손들이 요트투어를 즐기며 브래드 송에 관한 이야기를 나눈 더베이101은 부산의 오션뷰와 시티뷰가 한데 모인 장소다. 요트를 타고 해운대 바다를 달리며 럭셔리한 부산의 밤을 즐겨보자.",https://tong.visitkorea.or.kr/cms/resource/41/3407941_image2_1.png
252564,75광장,도시공원,"부산 영도구 75 광장은 부산의 역사와 문화를 느낄 수 있는 중요한 장소이다. 이 광장은 1975년에 조성된 이후, 부산의 중요한 정치적, 사회적 사건들이 일어난 장소로 알려져 있다. 75 광장은 넓은 공간과 함께 다양한 문화 행사와 공연이 열리는 곳으로, 지역 주민들뿐만 아니라 많은 관광객들이 방문한다. 또한, 광장 주변에는 편의시설과 다양한 음식점들이 있어 시민들이 여가를 즐기기에 좋은 장소이다. 75 광장은 부산의 역사적인 의미를 간직하고 있으며, 시민들의 소통과 문화 활동의 중심지 역할을 한다.",https://tong.visitkorea.or.kr/cms/resource/86/3498486_image2_1.jpg
3526092,에스엠비 웰니스 센터,웰니스관광,"부산 기장군 바다와 맞닿은 조용한 마을에 영혼(Soul), 마음(Mind), 몸(Body)의 균형을 찾는 공간, 에스엠비(SMB) 웰니스 센터가 있다. 이름 그대로 심신과 영혼의 회복을 추구하는 이곳은 잠시나마 숨 가쁜 일상에서 벗어나 자신의 중심을 찾을 수 있도록 돕는다. 에스엠비 웰니스 센터는 일시적인 힐링을 넘어, 진정한 의미의 복구를 원하는 이들에게 필요한 공간이다. 온전히 나에게 집중하는 시간을 통해 지친 몸과 마음, 그리고 영혼에 새로운 힘을 불어넣기 좋다.",
2456767,F1963,산업관광,"F1963은 부산 수영구에 위치한 복합문화공간이다. 원래는 1963년에 설립된 와이어 생성 공장이었으나, 리모델링을 거쳐 문화예술과 디자인을 중심으로 한 공간으로 변모했다. 다양한 전시와 공연, 영화 상영 등이 이루어지며, 예술과 창작 활동을 위한 다양한 프로그램이 진행된다. 또한, F1963은 카페, 레스토랑, 디자인 숍 등 다양한 시설을 갖추고 있어 방문객들이 문화와 예술을 즐기며 여유로운 시간을 보낼 수 있다. 야외 대나무숲, 키친가든 등 그린존도 구성하고 있어 도심 속 친환경 열린 공간으로서의 역할도 수행하고 있다. 현대적이고 세련된 분위기 속에서 지역 주민들과 관광객들에게 사랑받는 명소로, 부산의 새로운 문화 허브로 자리매김하고 있다.",https://tong.visitkorea.or.kr/cms/resource/61/3350961_image2_1.jpg
2867579,통일아시아드 공원,도시공원,"부산시 사하구 다대동에 있는 통일아시아드 공원은 2002년 아시안게임 당시 북한 응원단을 태운 만경봉호가 다대포항에 입항하여 체류한 사실을 기념하고, 도심 내 부족한 주민쉼터를 확충하기 위해 조성된 기념공원이다. 조형물로는 기둥 위에 모자를 씌워 놓은 것 같은 아시아드 열주, 성화를 형상화한 빛 기념물, 만경봉호 외관을 닮은 유리로 만들어진 만남의 벽 등이 있다. 예쁜 산책로, 반려견을 위한 친환경 화장실, 보호자 전용도로 등 편의시설이 잘되어 있어 아이들과 함께 혹은 반려견과 함께 산책하기 좋은 곳이다. 넓지 않지만 지역 주민들이 산책할 수 있는 공간으로 활용되고 있다. 근처에 다대포 해수욕장, 몰운대 등이 인접해 있어 함께 둘러보기 좋다.",https://tong.visitkorea.or.kr/cms/resource/50/2867550_image2_1.JPG
2733473,아미산 전망대,랜드마크관광,"아미산 전망대는 낙동강과 바다가 만나 한 몸이 되는 지점을 내려다보며 환상적인 분위기를 느낄 수 있는 곳이다. 낙동강 하구만이 가진 특색 있는 모래섬들을 한눈에 조망할 수 있으며, 황금빛 낙조와 솔개의 아름다운 조합을 볼 수 있다. 아미산 전망대는 1층 안내데스크와 세미나실, 2층 전시관, 3층 실내 전망대와 카페테리아로 구성되어 있다. 전시관에는 각 테마별로 낙동강 하구에 대한 궁금증을 풀어주기 좋게 설명되어 있다. 낙동강 하구의 풍경, 생태계, 삼각주 형성과정, 인근 생태공원과 관광시설 정보 등은 관람객의 호기심을 충족시켜 준다. 3층 실내전망대에는 낙동강 하구를 자세히 살펴볼 수 있도록 망원경이 설치되어 있다. 전망대에서 내려다보는 도요등, 신자도, 백합등, 장자도 등 강물에 실려 온 토사가 퇴적되어 만들어진 사주가 장관이다. 바닷물과 바람에 흩어지고 쌓이고를 매일 반복하기 때문에 그 크기가 지속적으로 변하고 있다고 한다.",
2663341,부산시민공원,도시공원,"부산시민공원은 기억, 문화, 즐거움, 자연, 참여의 활동주제로 조성되었다. 부산의 새로운 공공 경관과 치유와 침적 그리고 새로운 가능성의 축적의 장으로 세계에서 유례를 찾아볼 수 없는 새로운 형태의 최첨단 공원으로 그 중 공원 중앙지역에 자리하고 있는 하야리아 잔디광장이 가장 넓다. 공원 내에는 공원역사관, 공원안내소, 분수, 광장, 어린이놀이시설 등과 카페, 편의점, 화장실 등의 편의시설이 갖추어져 있다. 부산시민공원은 부산 시민들과 외국인들도 편하게 방문하여 휴식을 취할 수 있는 공원이다.",https://tong.visitkorea.or.kr/cms/resource/05/3497005_image2_1.jpg
2870289,오륙도해맞이공원,도시공원,"오륙도 해맞이공원은 부산시 남구 용호동 일대에 있다. 오륙도 맞은편 언덕 위에 있으며, 오륙도를 가장 잘 조망할 수 있는 곳이다. 이곳에서 오른쪽 북쪽 해안을 동해라 부르고 왼쪽은 남해라 부르며, 동해로 가는 770㎞ 해파랑길과 1,463㎞ 남파랑길이 만나는 곳이기도 하다. 탁 트인 바다, 수선화, 유채꽃이 관광객을 반기고 바다와 오륙도를 조망하기 좋은 스카이워크가 설치된 공원이다.
스카이워크는 오륙도를 바라보는 전망대로 해맞이공원의 상징물로 부상하고 있다. 35m의 해안 절벽에 철제빔을 세워 그 위에 24개의 유리판을 U자 형태로 돌려 넣은 15m의 돌출 유리 다리이다. 스카이워크 절벽 아래 해안선에는 동해와 남해 분기점 표지판이 설치되어 있다. 예로부터 동해와 남해가 서로 만나는 상징적인 곳으로 잘록하게 튀어나왔다고 하여 ‘잘룩개’, 또는 말안장처럼 생겼다고 해서 ‘승두말’로 불린다. 이곳에서 오륙도를 가까이 볼 수 있다.",
126098,일광해수욕장,해수욕장,"일광해수욕장은 기장군에 위치한 해수욕장으로 기장 8경 중 하나로 꼽힐 만큼 아름다운 곳이다. 모래사장은 이천강과 이천포가 맞닿은 곳에서부터 시작하여 학리 어구까지 마치 원을 이루며 펼쳐져 있다. 백사장의 주위에는 수백 년이 넘은 노송들이 우거져 있었는데 지금은 그 모습이 사라졌다. 그리고 백사장 오른쪽 끝자리에 위치한 학리마을에서는 이름 그대로 학이 노송 위를 무리 지어 날기도 하였으나 현재 그 모습 또한 많이 사라졌다. 이 밖에 백사장 한가운데에 고려 말 정몽주, 이색, 이숭인 세 성인들이 유람하였다고 전해지는 삼성대가 있다. 주변 관광지로는 국수당, 남산봉수대, 황학대 등이 있다.",https://tong.visitkorea.or.kr/cms/resource/94/3495494_image2_1.jpg
126148,범어사(부산),종교성지,"범어사는 부산광역시 금정산 동쪽 기슭에 위치한 사찰로 대한불교 조계종 제14교구 본사이다. 범어사는 합천 해인사, 양산 통도사와 더불어 남도 3대 사찰로 한국 불교계의 중심지 중 하나다. 금정산 동쪽 기슭에 위치하며 신라 제30대 문무왕 18년(678년) 의상대사가 창건, 흥덕왕 때 중건했다. 흥덕왕 개축 당시는 방사 360, 토지 360결, 소속된 노비가 100여 호에 이르던 큰 사찰이었다. 그러나 임진왜란 때 참화로 모두 소실되어 거의 폐허가 되었다. 현재 건물은 광해군 5년(1613년) 묘전화상과 해민스님이 중건한 것이다. 화엄경의 이상향인 맑고 청정하여 서로 돕고 이해하고 행복이 충만한 아름다운 삶을 지상에 실현하고자 설립된 사찰로 범어사에는 역사적으로 많은 고승대덕을 길러내고 선승을 배출한 수행사찰로 오랜 전통과 많은 문화재가 있는 곳이다.",https://tong.visitkorea.or.kr/cms/resource/92/3561492_image2_1.jpg
662862,중앙해수랜드,웰니스관광,"중앙해수랜드는 남부환경체육공원 인근에 위치한 사우나 및 피트니스 시설이다. 심층 암반 해수를 활용한 사우나를 운영하고 있으며, 헬스와 요가, 에어로빅 등 다양한 운동 프로그램을 갖추고 있다. 사우나 시설과 피트니스 클럽을 함께 운영하여 휴식과 운동을 즐길 수 있는 복합 여가 공간으로 이용되고 있다.",https://tong.visitkorea.or.kr/cms/resource/98/3476698_image2_1.jpg
2672393,해운대 블루라인파크,테마공원,"해운대 블루라인파크는 해운대 미포~청사포~송정에 이르는 4.8㎞ 구간의 동해남부선 옛 철도시설을 친환경적으로 재개발하여, 수려한 해안절경을 따라 해운대 해변열차와 해운대 스카이캡슐을 운행하는 국제 관광도시 부산, 해운대 관광특구의 핵심 관광 시설이다. 
해운대 해변열차는 아름다운 동부산의 수려한 해안절경을 감상하면서 해운대 미포에서 청사포를 거쳐 송정까지 왕복으로 운행하는 교통수단을 겸비한 관광열차며, 해운대 스카이캡슐은 신비로운 해안절경을 7~10m 공중 레일에서 관람하면서 해운대 미포에서 청사포까지 2㎞ 구간을 자동으로 운행하는 낭만적인 4인승 캡슐이다.",https://tong.visitkorea.or.kr/cms/resource/99/3546099_image2_1.jpg
2679008,KT&G 상상마당 부산,기타문화관광지,"KT&G의 사회공헌활동의 일환으로 운영되는 상상마당은 국내 대표적인 문화 예술 공간으로, 누구나 생활 속에서 문화 예술을 즐길 수 있도록 아낌없이 지원하는 공간이다. 다양한 분야의 아티스트를 지원하고, 문화를 나누고 교류하는 공간을 조성해, 수많은 아이디어와 영감을 자유롭게 나누고 있다. 2020년 9월에 개관한 KT&G 상상마당 부산은 지하 5층, 지상 13층 규모의 문화 예술 공간입니다. 지하 1층부터 5층까지는 ‘플레이(PLAY)’를 콘셉트로 댄스 스튜디오, 카페, 디자인 스퀘어, 공연장, 갤러리 등이 자리하고 있습니다. 5층과 6층에는 ‘코워크(CO–WORK)’를 콘셉트로 1인 크리에이터를 위한 창작 공간과 부산 지역 스타트업을 위한 청년 창업 지원 공간이 마련되어 있습니다. 7층부터 13층까지는 ‘리프레시(REFRESH)’를 콘셉트로 숙박 시설, 영화관, 루프탑 등을 배치해 방문객 모두가 문화와 휴식을 함께 즐길 수 있습니다.",https://tong.visitkorea.or.kr/cms/resource/17/3541017_image2_1.jpg
2760699,비석문화마을,도시지역문화관광,"아미동 비석문화마을은 부산의 역사를 좀 더 단적으로 보여주는 동네이다. 구한말 일본인 거류민단이 들어오면서 빈민촌이었던 이곳에 화장장과 공동묘지가 들어섰고 해방 이후 한국 전쟁과 피난, 부산시내 판잣집 철거 정책으로 산으로 떠밀려온 사람들이 삶의 희망을 꿈꾸며 일궈온 마을이다.
비석마을의 골목에서는 그 흔적들을 볼 수 있는데, 각진 모양의 상석이나 비석들은 가파른 계단의 디딤돌로 쓰이거나 옹벽 또는 집의 주춧돌 등으로 활용되었다. 아픈 역사와 문화를 가진 곳에서 지금의 아름다운 문화 마을로 탈바꿈하기까지 모든 과정이 고스란히 담겨있는 곳이다.
또한 산복도로 르네상스사업과 행복마을 만들기 사업으로 커뮤니티 시설이 건립되고 아미동 주민들의 마을공동체가 활발히 운영하며 이곳에서의 삶을 미래로 이어가고 있다.",https://tong.visitkorea.or.kr/cms/resource/31/4068231_image2_1.jpg
3017319,이송도전망대,랜드마크관광,이송도전망대는 영도 흰여울문화마을 끝자락에 있는 전망대로 푸른 바다가 바라보이는 곳에 위치하고 있어 아름다운 영도 앞바다를 볼 수 있는 장소이다. 흰여울문화마을은 피난민들의 애잔한 삶이 시작된 곳이자 현재는 마을 주민과 함께하는 문화마을공동체 흰여울문화마을이 자리한 곳이다. 부산의 대표적인 원도심 흰여울길은 봉래산 기슭에서 굽이쳐 내리는 물줄기가 마치 흰 눈이 내리는 모습과 비슷하다 하여 이름 지어졌다. 2011년 12월부터 낡은 가옥을 리모델링하면서 현재는 영도의 생활을 느낄 수 있는 독창적인 문화 예술마을로 변모하여 많은 관광객이 찾는 지역이다. 앞바다의 섬들과 위치를 표시하는 안내도가 있으며 전망대 옆 계단은 포토존으로 유명한 곳으로 사진을 촬영하기 위해 줄을 서야 하는 명소이다. 이송도전망대 옆에는 흰여울전망대도 자리하고 있어 아름다운 바다 풍광을 감상하기 좋은 곳이다.,https://tong.visitkorea.or.kr/cms/resource/81/3495881_image2_1.jpg
2862152,밀락더마켓,기타체험,"부산 수영구에 위치한 밀락더마켓은 보리에에서 운영하는 복합문화공간이다. 양옆에 에스컬레이터와 엘리베이터가 있어 편리하게 이용할 수 있으며, 들어서서 보이는 벽면의 그래피티들이 인상적인 포토존을 형성하고 있다. 차별화된 열린 광장형의 체험공간을 지향하는 이곳은 로컬과 문화를 연결하는 새로운 라이프스타일의 공간이며, 누구나 주인공이 될 수 있는 꿈의 무대 버스킹스퀘어와 부산바다를 느낄 수 있는 오션뷰스탠드, 수준 높은 국내외 외식브랜드를 경험할 수 있는 F&B존 등으로 공간이 구성되어 있다. 입점한 브랜드에 따라 팝업 스토어로 기간을 정해놓고 운영 중인 곳도 있기에 방문하고 싶었던 브랜드가 있다면 미리 확인해 보고 방문하면 좋을 듯하다.",https://tong.visitkorea.or.kr/cms/resource/36/3495536_image2_1.jpg
2783306,해리단길,도시지역문화관광,"부산 해운대 도시철도역 4번 출구에서 옛 해운대 기차역 뒤편 기찻길을 건너면 해리단길이 시작된다. 해리단길은 서울의 경리단길에서 아이디어를 얻은 이름이다. 좁은 도로를 따라 다양한 개성의 카페와 음식점들이 속속 생겨나면서 해운대 인기 명소로 자리매김했다.
골목길 담벼락에 그려진 위트 넘치는 벽화를 비롯해 자유로운 거리 분위기를 즐길 수 있어 시민들은 물론 관광객들도 일부러 찾아오는 곳이다. 사진 찍기 좋은 아기자기한 외관의 카페와 식당, 색다른 기념품을 판매하는 소품샙, 비정기적으로 열리는 플리마켓 등 다채로운 볼거리가 발길을 끌어모은다.",https://tong.visitkorea.or.kr/cms/resource/37/3492437_image2_1.jpg
3511000,주식회사 놀핏,기타체험,"주식회사 놀핏은 ‘놀면서 피트니스, 노르딕워킹과 로컬 도보투어의 콜라보’를 지향하며, 사하구의 아름다운 자연 자원을 기반으로 노르딕워킹, 요가, 어싱, 아로마테라피 등 풍부한 웰니스 콘텐츠를 활용한 체험형 관광 프로그램을 운영하고 있다. 다양한 웰니스 콘텐츠로 관광객에게 즐겁고 건강한 순간을 선사한다.",https://tong.visitkorea.or.kr/cms/resource/69/4059269_image2_1.jpg
1608633,보수동 책방골목,산업관광,"켜켜이 쌓인 빛바랜 책들 사이에서 오래된 시간을 걷는 부산의 골목이다. 보수동책방골목은 6·25전쟁 당시 부산이 임시수도가 되었을 때 피난 온 부부가 박스를 깔고 헌책과 잡지를 팔던 노점에서 시작되었다. 전쟁 중 보수동 일대 야산에서 천막 수업을 이어가던 수많은 학생들이 이 골목을 통학로로 이용하면서 헌책방은 성황을 이루었고, 하나둘 피란민들이 가세하며 지금의 책방골목이 형성되었다. 국내에서 가장 오래된 헌책방 골목으로, 고서·소설·참고서·만화·아동서적·외국 원서까지 가게마다 전문 분야를 달리해 운영하고 있다. 책방골목 문화관과 어린이도서관도 함께 자리하며, 인근에는 국제시장·부평깡통시장이 있어 부산 원도심 여행 코스로 함께 즐기기 좋다. 매년 가을 보수동책방골목 문화축제도 열린다.",https://tong.visitkorea.or.kr/cms/resource/32/4055732_image2_1.png
2614712,구상반려암 (부산 국가지질공원),자연공원,"구상반려암 지질명소는 부산의 중심부에 위치한 황령산의 서편 전포동 일대에 위치하고 있다. 지하에서 마그마가 서서히 냉각되어 만들어지는 심성암에서는 등립질, 중립질, 세립질의 현정질조직이 나타나는 것이 보편적이나, 구상반려암은 백색 또는 무색광물로 이루어진 구핵이나 백색 광물과 흑색, 혹은 녹색 또는 유색광물을 포함하며, 바위의 표면에서 이들은 동심원 또는 꽃 모양 무늬로 나타난다. 반려암은 우리나라에서 분포가 매우 적은 희귀암이며, 도심지 한가운데에 위치한 특수성을 지닌 구상반려암은 지금까지 아시아에서 유일하게 보고되고 있어 연구 가치가 매우 높은 부산국가지질공원이다.",
3549017,더바디성형외과의원,웰니스관광,"THE BODY PLASTIC SURGERY

아름다움의 시작,
더바디성형외과

2010년 개원이래 대리수술 없이 담당 의료진이
상담부터 마지막 한땀까지 직접하는 더바디성형외과

20년 이상의 경력과 노하우를 지닌 담당 성형외과전문의가
고객 한 사람 한 사람의 디테일을 살리고, 건강한 아름다움을 만들 수 있도록 가장 적합한 전체적인 밸런스를 고려해 자연스럽고 조화로운 결과로 만드는 것이 핵심이다.

“항상 더 나은 서비스와 만족도 높은 수술결과, 책임감 있는 사후관리를 약속한다.”",
1942245,김민부전망대,역사유물,"168계단의 중간에서 우측으로 빠지면 부산항을 한눈에 내려다볼 수 있는 김민부 전망대가 나온다. 전망대의 한쪽 벽에는 고교 음악 교과서에 수록된 가곡이자 김민부가 가사를 쓴 〈기다리는 마음〉이 새겨져 있다. 산복도로 조망 9경이라고 할 만큼 전망이 좋은 곳이다.
부산이 낳은 천재 시인 김민부는 동구 수정동에서 태어났다. 본명은 김병석으로 그는 범일동 성남초등학교 재학 시절 두 차례 월반했고, 중학교 입학시험에선 부산 최고 점수를 받을 정도로 뛰어난 학생이었다. 부산중학교 재학시절 김민부로 개명했다.
김민부는 부산고등학교 1학년에 재학 중일 때 동아일보 신춘문예에 시조 ‘석류’로 입선하고, 그해 4월 부산대와 부산일보가 공동 주최한 제1회 전국학생문예작품 콩쿠르에서 ‘딸기밭에서’라는 시로 특선을 차지한다. 고등학교 2학년 때는 첫 번째 시집 ‘항아리’를 발표했고, 3학년 때는 시조 ‘균열’이 한국일보 신춘문예에 당선되는 등 특출 난 문학적 재능을 자랑했다.
1960년 서라벌예대 문예창작과를 졸업하고, 동국대 국문과에 편입해 졸업한 후, 1962년 부산문화방송국에 입사해 라디오 프로그램 ‘자갈치아지매’를 기획, 집필한다. ‘자갈치아지매’는 아직도 방송되고 있으며, 해당 방송사의 최장수 프로그램이다. 1965년에는 서울로 무대를 옮겨 MBC, DBC, TBC 등에서 방송작가로 두각을 나타낸다. 1970년엔 오페라 ‘자갈치아지매’의 극본을 써서 김자경오페라단이 이를 무대에 올리기도 했다.",https://tong.visitkorea.or.kr/cms/resource/89/4058889_image2_1.jpg
1942337,168계단,기타체험,"산복도로에서 부산항까지 가장 빨리 내려갈 수 있는 지름길이다. 산복도로의 대표적인 특징 중 하나인 세로로 난 지상 6층 높이의 아찔한 계단이다. 계단의 수가 168개이며 계단 아래에 원래 3개의 우물이 있었다고 한다. 현재는 식수로 쓰던 1개의 우물만 남아있으며 물이 부족하던 시절 물을 받기 위해 길게 줄을 서있는 모습을 상상해 볼 수 있다. 물지게, 물항아리 등 남녀노소 누구나 만나는 만남의 장이었으며 소문이 퍼지는 근원지였다고 전해진다.",
1942237,부산 구 백제병원,역사유적지,"부산 구 백제병원은 1927년 최용해가 개업한 부산최초의 근대식 개인 종합병원으로 그때 당시 상당한 규모의 병원으로 부산 부립병원 및 철도병원과 함께 부산의 3대 병원으로 명성을 얻었다. 폐원 이후 1933년 봉래각이라는 고급 중화요리점으로 바뀌었고, 이후 부산에 주둔한 아카츠키 부대의 장교 숙소로 이용되었으며 1945년 해방 이후 부산 치안대 사령부 사무실로 사용되었다. 1950년에는 임시 영사관 및 대사관으로 사용되다 개인이 매입하여 1953년 예식장으로 사용되었다. 현재는 5층을 철거한 뒤 카페 및 일반 상가들이 입주하였다.",
126081,해운대해수욕장,해수욕장,"해운대해수욕장은 넓은 백사장과 아름다운 해안선을 자랑하고 있으며 얕은 수심과 잔잔한 물결로 해수욕장의 최적 조건을 갖추고 있다. 부산 하면 제일 먼저 떠올리는 곳이 해운대 해수욕장이라고 할 만큼 부산을 대표하는 명소이며, 해마다 여름철 피서객을 가늠하는 척도로 이용될 만큼 국내 최대 인파가 몰리는 곳이기도 하다. 특히, 해안선 주변에 크고 작은 빌딩들과 고급 호텔들이 우뚝 솟아있어 현대적이고 세련된 분위기의 해수욕장으로 유명하기 때문에 여름휴가철뿐만 아니라 사시사철 젊은 열기로 붐비고 해외 관광객들에게도 잘 알려져 있어 외국인들이 많이 찾는 곳이다. 해운대해수욕장에서는 매년 정월 대보름날의 달맞이 축제를 진행하고 있다. 또한, 매년 겨울 주최하고 있는 북극곰수영대회는 이미 겨울철 대표 축제로 자리 잡았다. 이외에도 모래 작품전, 부산 바다 축제 등 각종 크고 작은 행사들이 열리고 있다. 또한, 해수욕장 주변에 동백섬, 오륙도, 아쿠아리움 , 요트경기장, 벡스코 달맞이고개 등 볼거리가 많다.

◎ 한류의 매력을 만나는 여행 정보 - 드라마 
남순이 몽골 엄마와 함께 모래사장에 조개로 ‘바다’라는 글자를 만들고 함께 사진을 찍으며 즐거운 시간을 보낸 곳이다.",
702551,센텀시티 스파랜드,웰니스관광,"스파랜드는 부산 도심 속에 위치한 휴양형 온천 명소이다. 18개의 온천탕과 13개의 테마로 즐기는 찜질을 즐길 수 있으며, 지하에서 끌어올린 2종류의 천연 온천수와 다양한 테마의 욕탕으로 입욕의 즐거움을 더한다. 스파랜드는 천연 온천수를 각기 다른 온도로 제공한다. 고온욕에서는 체온을 빠르게 상승시키고, 중온욕에서는 느긋하게 입욕할 수 있는 등 23종류의 다양한 욕탕에 번갈아 입욕함으로써 만족감을 느낄 수 있다. 외벽으로 들어오는 자연 채광과 호텔급 이상의 급배기 시스템의 환경에서 두 가지 온천수를 활용한 대욕장에서 도심 속의 피로를 풀고 건강 입욕을 즐길 수 있다. 온천과 찜질 외에도 휴식 공간, 엔터테인먼트존, 각종 에스테틱 프로그램은 물론, 이벤트룸, 카페, 레스토랑 등 휴식과 즐거움을 동시에 누릴 수 있다.",
2994680,클럽디 오아시스,테마공원,"클럽디 오아시스는 부산 해운대구 달맞이길 엘시티 지상 3층에서 6층에 위치한 워터파크와 스파 시설이다. 4층엔 워터파크 5층엔 사우나 6층엔 스파가 위치하고 있다. 클럽디오아시스는 국민보양온천 제8호로 지정되어 있고 부산최초이자 부산 유일의 도심형 보양 온천이다. 클럽디 오아시스는 해운대 바다를 한눈에 볼 수 있는 인피니티 풀을 비롯해 실내 파도 풀장, 두 개의 어트랙션, 키즈 슬라이드를 갖추고 있다.",
128829,부산 암남공원,도시공원,해안절경을 자랑하는 암남공원은 진정산 일대의 자연공원이다. 해안의 소나무 숲 사이로 바라다 보이는 바다풍경과 그 위에 유유히 떠 있는 배들의 모습으로 한 폭의 그림을 선사한다. 산책로를 따라 공원을 한 바퀴 둘러보는데 소요되는 시간은 1시간 정도 걸린다. 중간중간에 전망대와 벤치가 있는 휴게광장에 이르면 탁 트인 바다를 내려다볼 수 있다. 작은 섬 두도와 그곳에 우뚝 선 하얀 등대가 그림처럼 시야에 들어온다.,
3008128,이기대공원 동생말전망대,랜드마크관광,"이기대공원 동생말전망대는 용호동 이기대공원 해안둘레길 시작 지점인 섭자리 인근에 위치한 이기대 둘레길코스에 있는 전망대이다. 동쪽 산의 끝이라는 뜻을 담고 있는 동생말은 이기대 해안산책로와 해파랑길의 시작 지점이며, 7월 장마가 끝나갈 무렵에는 해무가 피어올라 해운대 마린시티를 몽환적으로 감싸는 풍경을 볼 수 있다. 동생말 전망대에서 광안대교와 마린시티를 조망 할 수 있으며, 특히 아름다운 해운대의 야경을 감상 할 수 있는 야경 명소이기도 하다. 동생말 전망대에는 '낭만 가득한 이기대 동생말 전망대' 이라는 조형물이 설치되어 있어 사진 찍기에도 좋은 곳이며, 전망대에서 바라보는 해안풍경과 이기대 해안절벽은 감탄이 나올 정도의 절경이다.",
3011182,문화골목,도시지역문화관광,"건축가 최윤식 대표가 2004년 부산광역시 남구 대연동 경성대학교 인근에 주택 1채를 매입하여 음악이 있는 레스토랑으로 꾸민 이후, 2007년에 인접한 주택 4채를 통째로 사들여 주택가의 골목 풍경과 건물들의 원형을 유지하면서 복합 문화 공간으로 조성하였다. 2008년 개관 하였으며, 그 해 부산다운 건축상 대상을 수상하였다. 80석의 객석을 갖춘 용천지랄 소극장, 갤러리 석류원, 차를 나눠 마시는 친구란 의미의 커피숍인 다반, 풍금과 북, 기타 등이 놓여 있는 노래방 풍금, 오리엔탈 바 색계, 일본식 주점 몽로, 막걸리를 파는 아담한 주점 고방, 1만 8000장의 LP판과 CD로 벽면을 가득 메운 라이브 카페 노가다, 3층 옥상에 공연을 하러 내려온 배우들에게 빌려주는 게스트 하우스 선무당이 있다. 선무당 앞에는 큰 종탑이 있는데, 이곳은 문화 골목 주변을 한눈에 내려다볼 수 있는 곳이다. 북쪽으로 난 골목을 비롯하여 모두 세 개의 출입구를 갖고 있는데, 다섯 채의 건물이 골목길을 사이에 두고 하나의 건물처럼 유기적으로 연결되어 있다. 문화 골목의 대지 면적은 1000㎡ 정도이며, 벽돌 구조의 건물을 리모델링하면서 일부 철골과 나무 외장을 더하여 기존 조경과 수목들을 최대한 유지하면서 폐건축 자재를 재활용해 도시 재생의 모델을 제시했다는 평가를 받고 있으며, 문화골목은 젊은층에게 부산의 명소로 자리잡고 있는 곳이다.",
3033472,망미단길,도시지역문화관광,"망미단길은 수영구 망미번영로 52번길 주변에 형성되어 있는 문화거리이다. 망미단길에는 아기자기하게 꾸며 놓은 감성 카페와, 사진관, 책방, 소품 숍, 공방, 옷 가게 등 다양한 종류의 가게들로 구성되어 있는 문화 공간이며, 젊은 층으로부터 입소문을 통하여 많이 알려져 관광객들이 많이 찾는 골목길이다. 망미단길 옆에는 수영고가교 하부 공간을 활용한 지역상생형 복합문화공간인 비콘그라운드가 형성되어 있어 다양한 시설들을 이용할 수 있는 곳이기도 하며, 망미단길 인근에 수영사직공원이 조성되어 있어 역사유적 관람과 힐링공간으로 손색이 없는 관광지이다.",
3033447,빵천동,도시지역문화관광,"남천역 3번 출구~남천동 벚꽃거리~수영로 464번길 구간에 소상공인 위주의 트렌디한 로컬 빵집이 다수 자리 잡고 있는 곳으로, 빵천동이라는 애칭으로 유명해진 곳이다. 최근 수영구청에서 빵천동 빵집 관광 지도를 제작하여 지자체 홈페이지에 등재하고 있다. 부산의 유명 관광지인 광안리해수욕장과 인접해 있으며 빵지 순례를 떠나는 사람들과 타지에서 온 여행객들의 취향에 적합한 유명 빵집들이 다수 위치하고 있다. 빵천동에는 오랜 시간 주민들과 함께 해 온 든든한 토박이 빵집과 맛과 개성을 앞세운 트렌디한 빵집 약 30여 곳이 성업하고 있다. 남천동 흐드러진 벚꽃길을 걸으며 골목골목 빵 굽는 냄새를 즐길 수 있고, 활기찬 광안리 주변 분위기와 함께 고소한 빵 냄새를 만끽해 보는 기회를 가져 보자.",
3014435,서면먹자골목,도시지역문화관광,"부산에서 가장 번화한 서면 로터리와 복개천 사이에 있는 재래시장 골목길에 위치해 있으며 떡볶이, 어묵, 순대를 비롯하여, 계란, 파전, 만두, 김밥 등 다양한 길거리 음식과 분위기 좋은 카페, 호프집 등이 가득한 먹자골목이다. 저렴한 가격에 다양한 종류의 먹거리를 만날 수 있는 곳으로 손칼국수 거리, 돼지국밥 거리, 떡볶이 거리 등이 유명한 곳이다. 부산 토박이들도 즐겨 찾는 손칼국수 가게들은 직접 면을 만들어 파는 곳으로 반죽을 얇게 펴서 칼로 잘라 만드는 면은 쫄깃하고 탄력이 있어 식감이 좋고 멸치육수를 낸 국물도 담백하여 입맛을 돋우게 한다. 돼지국밥 거리에도 여러 맛있는 국밥집이 경쟁하고 있지만 어디를 들어가더라도 맛있는 부산 돼지국밥을 먹을 수 있는 곳이다.",
3014437,민락해변공원,도시공원,"민락해변공원은 광안리해수욕장의 민락동 쪽 해안가 가장자리에 위치한 공원이다. 사계절 꽃으로 조성된 곳으로, 광안리해수욕장과 광안대교를 바라보며 휴식할 수 있는 공원이다. 여름철에는 수영구청에서 노란 해바라기 꽃으로 공원을 단장하여 행사도 진행하고 있으며, 젊은이들의 버스킹 공연장으로도 인기 있는 곳이다. 광안리해수욕장을 찾는 많은 사람들이 민락해변공원에서 광안대교를 조망하며 휴식하며 힐링하는 장소로 여유로움을 찾는 곳이다.",
3032396,개금벚꽃길,기타자연관광,"개금벚꽃길은 개금동 764번지부터 개금동 765번지까지 있는 벚꽃 명소 길이다. 벚꽃이 피는 3월 말부터 4월까지는 많은 사람들이 찾는 곳이며, 벚꽃길 데크로드가 조성되어 있어 사진 찍을 수 있는 포토존이 많은 곳이다. 개금벚꽃길은 코스는 짧지만 오래된 벚꽃나무들이 높은 곳에 심어져 있는데, 오래된 벚꽃 가지들이 길 아래로 늘어져 길 아래 있는 알록달록한 이국적인 주택과 어울려 멋진 풍경을 연출하는 곳이다. 이곳은 최근 입소문을 타고 젊은 층이 많이 찾는 곳으로 벚꽃철이면 관광객들로 붐비는 곳이다.",
3014406,황령산레포츠공원,도시공원,"황령산레포츠공원에는 부산진구에서 운영하는 종합 체육 레포츠 시설로, 씨름장, 테니스장, 배드민턴장, 대운동장 등과 생태놀이공원이 있다. 체육시설은 누구나 부산진구청 홈페이지를 방문하여 대관 신청하여 이용할 수 있으며, 생태놀이공원에는 숲속 음악 대장, 둥지 놀이대, 징검다리, 도토리 놀이대 등 재미있고 신나는 어린이들 놀이터가 조성되어 있다. 황령산 기슭에 자리 잡고 있는 레포츠공원은 자연 속에서 스포츠를 즐길 수 있으며, 레포츠공원 옆에는 국민체육센터와 청소년문화의 집이 운영되고 있어서 실내체육과 문화강좌 등 다양한 문화 예술 활동을 할 수 있는 곳이다.",
3015292,강서체육공원,도시공원,"강서체육공원은 부지면적 208,985㎡로 총공사비 927억 원을 투입하여 2002년 6월에 완공되었다. 2002년 부산아시아경기대회 펜싱경기와 배드민턴 경기가 열린 실내체육관과 2,000석 규모의 하키 경기장, 500석 규모의 보조경기장 및 양궁 경기장 등으로 구성되어 있다. 종목별 경기장뿐만 아니라 시민체육, 문화센터 등 여가시설을 위한 체육 가족공원으로 조성되었으며 천연잔디구장 2면은 부산아이콘스 및 유소년 축구클럽 전용연습장으로 사용하고 있다. 실내체육관은 4,189석의 관람석을 갖추고 대관 행사를 진행하고 있고 보조체육관은 수영장, 배드민턴장, 트레이닝센터 등을 갖추고 있으며, 하키 경기장, 양궁 경기장, 축구 연습장, 테니스장, 야외농구장, 소공원 등을 갖춘 종합체육공원이다. 4월 초순경 대저농업협동조합에서 주관하는 대저토마토축제가 개최하는 장소로 이용되고 있다.",
3015226,부산자연곤충마을,기타체험,"부산자연곤충마을은 곤충체험농장으로 단체 체험이 가능하다. 농장으로 견학 오는 단체 탐방객들이 항상 붐비는 곳으로 기준 인원수만 맞으면 일행끼리 단독으로 체험도 가능하다. 곤충마을답게 장수풍뎅이, 사슴벌레, 장수풍뎅이 유충 등 곤충 관찰은 기본으로 곤충에 대한 자세한 설명을 해주며 작은 동물들과 파충류들도 만나볼 수 있고 귀여운 포토존들도 곳곳에 준비되어 있다. 찾아가는 곤충체험(곤충 이동 수업), 찾아가는 동물체험(동물 사랑 수업), 초·중·고 진로체험(동물·곤충사육사), 비누 만들기 체험 등 다양한 곤충체험교육을 시행하고 있으며 넓은 잔디밭에서 신나게 뛰어놀다가 갈 수 있는 곤충체험농장이다. 2025년 6월 14일부터 개인 체험은 종료되었고 단체 체험 예약은 가능하다.",
3015247,두루팜,농산어촌체험,"두루팜은 교통의 흐름이 좋은 낙동강변의 서부산권에 위치하고 있어 부산, 김해에서 접근성이 좋으며 도시의 빼곡한 일상에서 벗어나 잠시 틈을 내어 쉬었다 갈 수 있는 곳으로 대대로 한 가문이 100년 이상을 가꾸고 지켜온 농장이다. 농작물의 주종은 딸기와 블루베리이며 시즌별로 체험할 수 있다. 가족이나 좋은 사람들끼리 누구나 와서 식물이 자라고 꽃 피우고 열매 맺는 것을 관찰하고 심어보며 직접 수확하는 기쁨을 맛볼 수 있도록 준비해 놓았다. 탁 트인 들녘도 누벼보고 하늘도 마음껏 올려다보는 여유를 가져볼 수 있는 체험농장이다. 2013년 5월부터 개장했으며 딸기농장, 블루베리 1 농장, 블루베리 2 농장 등에서 딸기, 블루베리를 재배하고 있다. 서낙동강이 가까이에 흐르는 푸른 자연을 한껏 품고 있는 서부산권 두루팜은 모든 사람들이 편안하게 체험할 수 있도록 딸기농장과 테라스를 완벽하게 갖추고 있다.",
3015559,히어로테마파크 정관점,테마공원,"히어로테마파크 정관점은 히어로 스포츠파크, 히어로 플레이파크, 에어바운스로 구성된 대형 실내 테마파크이다. 입구에 들어서면 입체 영상을 볼 수 있는 VR 맥스라이더가 있고 히어로 스포츠 파크에는 트램, 집라인, 키즈존, 공을 찰 수 있는 사커존, 두 개의 버블슈트, 블록존, 볼풀장, 베이비존, 셀프사진관, 편백존, 장난감존, 노래방, 오락실 등 다양한 실내놀이 시설을 운영하고 있다. 에어바운스에는 어린이들이 좋아할 만한 미끄럼틀 등을 구비하고 있으며 생일 파티룸 대여도 하고 있다. 넓은 주차장과 매점 등 다양한 편의 시설들을 구비하고 있어 어린이들과 즐겁게 하루를 보내기 좋은 곳이다.",
3015906,카덴96,웰니스관광,"카덴96은 가족 어린이 유황온천 풀장으로 다양한 놀이문화를 제공하는 복합 물놀이장이다. 카덴 96의 유황온천은 온도 36.22도 심도 996m에서 하루 3.825톤의 온천수를 물탱크에 보관하지 않고 직수로 공급하는 100% 온천수 풀장이다. 유황 온천수는 혈액순환 항진 작용과 피로 해소, 신체의 해독 기능, 만성두통 치료, 진통 소염효과 등 다양한 효과가 있고 아토피 치료, 알레르기 치료, 피부미용 등에도 효과가 있다고 알려져 있다. 유황온천장은 평상을 대여하면 수영장, 샤워장 등을 이용할 수 있다. 취사가 가능하고 매점을 운영하며 카페도 자리하고 있어 휴식과 힐링의 시간을 보낼 수 있는 곳이다.",
3015937,윗골공원,도시공원,"정관 윗골공원은 물놀이장으로 유명한 도심 속 공원이다. 물놀이장에는 워터 슬라이드와 워터드롭이 있어서 아이들이 즐겁게 물놀이를 즐길 수 있고 수심이 낮아서 유아들도 놀기 좋고 미끄럼틀과 다양한 형태의 분수가 있어서 재미있게 물놀이를 즐길 수 있는 공원이다. 30개 정도의 평상과 파라솔도 무료로 이용할 수 있으며 음식은 먹을 수 있고 취사는 불가능하다. 물놀이장 편의시설은 샤워장, 탈의실, 의무실, 화장실이 있고, 관리인도 상주하고 있어 안전하게 물놀이를 즐길 수 있는 무료 야외 물놀이장이다.
정관 윗골공원에는 물놀이장 외에도 어린이 놀이터와 정관 어린이 도서관이 있어서 어린이가 하루 종일 알차게 보낼 수 있는 공원이다.",
3038572,몬스터파크 부산명지점,기타체험,"몬스터파크 부산명지점은 토들러존, 에어바운스, 플레이그라운드, 어드벤처로 총 4개의 공간으로 구성된 실내 테마파크로 아이들이 마음껏 뛰어놀 수 있는 놀이시설이 구비되어 있다. 연령대 상관없이 모두가 즐길 수 있는 다양한 놀이시설이 있다. 자유로운 영혼을 가진 모니와 천방지축 포포, 호기심 넘치는 만능 재주꾼 노리, 자신감과 정의로움으로 똘똘 뭉친 쿠 사랑스럽고 귀여운 꼬꼬마 무무, 용감하고 씩씩한 수호자 츄가 있다. 몬스터파크 7층에는 에어바운스, 볼풀, 미끄럼틀 등의 시설이 있으며, 8층에는 집라인, 트램펄린, 미끄럼틀 등을 이용할 수 있는 대형 키즈카페이며 매월 다양한 이벤트도 진행하고 있다.",
3015202,정거마을 문화거리,도시지역문화관광,"조용하고 아담한 어촌벽화문화마을로 알려진 정거마을은 강서구 가덕도와 인접해 있는 작은 섬 눌차도의 바닷가 어촌마을이다. 정거마을의 동쪽에는 파도가 심해서 배가 잘 뒤집어지는 곳이 있는데 파도가 잔잔해질 때까지 배에 닻을 매어놓고 기다린다는 뜻으로 ‘닻거리’라고 불리다가 한자 표기로 停(머무를 정) 巨(클 거) 里(마을 리)를 써서 정거마을이 되었다고 한다. 가는 길은 가덕도와 눌차도를 이어주는 다리인 천가교를 지나야 하며 부산광역시의 뉴딜 시범지역으로 선정되어 2013년 60여 세대 담장에 마을의 특색을 담은 벽화마을과 생태문화마을로 조성되었다. 벽화마을은 보통 산위에 많이 조성되는데 이곳은 어촌마을이라 어촌과 관련된 벽화들이 많이 그려져 있으며, 어촌의 풍경이 고스란히 담긴 다양한 벽화들을 많이 만날 수 있는 곳이다. 벽화에는 담벼락에 낙서하는 아이, 철봉에 매달려 노는 아이 등 소박하고 정겨운 골목마다 알록달록하고 예쁜 벽화들로 그려져 있어 밝은 분위기를 느낄 수 있다. 주민들이 거주하는 마을이라 방문할 때는 주민들에게 불편을 주지 않도록 조용히 관람하는 것이 좋으며 가족과 함께 조용하고 오붓하게 나들이하기 좋은 문화마을이다.",
3038622,노리클럽,기타체험,"대규모 테마 키즈 카페인 노리클럽은 나이 만 1세~만 8세까지 시설 이용이 가능하며, 산으로 바다로, 뚝딱뚝딱 공작소, 노리살롱, 내가 그린 그림, 편백나무 숲으로, 흔들흔들 액션클럽 등 다양한 테마의 놀이시설로 이루어진 키즈카페이다. 24개월 미만만 입장 가능한 베이비존도 별도 마련되어 있어 다양한 연령층의 아이들이 놀 수 있는 공간이며 김밥, 피자 등 일부 외부 음식 반입도 가능한 곳으로 소풍을 나온 것처럼 어린이들과 시간을 보내기 좋은 곳이다. 키즈카페에는 매점, 휴게시설, 어린이 전용 화장실 등 어린이가 좋아할 만한 시설들을 많이 갖추고 있어 다양한 놀이와 체험을 통해 유아들의 창의력 향상과 성장에 도움이 될만한 곳이다.",
3015416,대룡마을,도시지역문화관광,"장안읍 오리에 위치하고 있는 대룡마을은 예술가들이 모여사는 마을로 알려져 있으며 2007년부터 시작된 좋은 마을 만들기 프로젝트에서부터 시작하여 현재까지 많은 사랑을 받고 있는 예술마을이다. 마을 동쪽의 큰 바위가 용처럼 생겨 대룡마을이라 이름하였다는 설과 마을 앞쪽 계곡에 큰 용이 승천하였다고 해서 대룡마을이라고 했다는 여러 설이 있는 곳으로 최근 예술촌이 형성되면서 젊은 예술가들이 모여 작품 활동을 하는 예술 문화마을로 재탄생 한 곳이다. 대룡마을에서 가장 유명한 아트인 오리는 복합체험공간으로 오리 공작소와 장작 화덕피자, 그리고 소면과 음료를 판매하는 공작소 면 집이 모여 있으며 주말이나 공휴일에는 여러 가지 잡화들을 판매하고 있는 플리마켓이 열리기도 한다. 주민들의 쉼터인 쌈지공원도 조성되어 있고 건물에 그려 놓은 벽화도 감상할 수 있는 곳으로 도심에서 벗어나 가족단위로 둘러보기 좋은 예술마을이다.",
3016002,부산과학체험관,기타체험,"부산과학체험관은 과학 체험을 통해 상상의 나래를 펼쳐 생각의 공간을 넓힐 수 있는 과학 누리이다. 빛, 전자기, 소리·파동, 지구·생명, 열·역학, 수학·융합 등 6가지 테마의 기초과학 체험물로 구성되어 있으며 기초과학에서 미래기술까지 체험하고 느끼며 복잡하다고 느낄 수 있던 과학의 이면을 볼 수 있다. 부산광역시 교육청 직속기관 부산광역시 교육청 창의융합교육원 분원으로 교통이 편리하고 즐길 거리와 쾌적한 쉼터가 많으며 창의력 신장 프로그램은 다양한 영역에서 흥미를 유발하는 기회를 제공한다. 친구끼리, 연인들의 데이트 코스로 온 가족이 또는 혼자 방문을 하더라도 함께 놀 친구들이 있는 놀이터처럼 즐길 수 있는 부산과학체험관은 부산 시민의 과학 문화 수준을 한 단계 더 높이는 역할을 담당하고 있다. 유치원, 초·중·고등학교의 수학, 과학 교육과정과 연계하며 제2의 학교 및 과학교실 역할을 수행하고 있다. 흥미 있는 체험 위주의 기초과학 체험물로 구성되어 있으며 국내 타 과학관과는 차별화되고 특성화된 공간으로 운영되고 있다. 또한, 과학에 대한 관심을 유발할 수 있는 과학 장치들을 제공하고 있으며 기초 및 생활 과학의 개념과 기본 원리를 체험하고 과학적 원리를 습득하는 등 즐겁게 학습할 수 있다는 장점이 있다. 자기주도적 학습능력과 창의력, 합리적 심성 함양에 도움이 되는 곳으로 시민의 과학 문화 지식을 더하는데 기여하고 있다.",
3016775,증산공원,도시공원,"도심 속 근린공원으로 시민들의 쉼터 역할을 하는 증산공원은 1982년에 개장하여 현재에 이르고 있으며 주변이 숲으로 둘러싸여 있고 운동장과 농구장, 족구장, 배드민턴장, 게이트볼장 및 간단한 체육 시설을 갖추고 있고 중앙 광장이 있다. 공원 일대에는 조선 초기에 축성된 부산진성이 있다. 증산이라는 지명은 산의 모양이 시루같이 생겼다 하여 증산이라는 이름이 붙게 됐으며 『동국여지승람』에는 ‘부산(釜山)은 동평현에 있으며 산이 가마골과 같으므로 이같이 이름하였는데 그 밑이 곧 부산포(釜山浦)이다’라는 기록으로 보아 부산이라는 지명도 여기에서 유래되었다는 설이 있다. 가장 높은 곳에 위치한 공터에서는 부산항의 모습을 한눈에 담아볼 수 있는 증산전망대가 있고 부산지역 최초의 경사형 엘리베이터가 설치되어 있으며 산책로가 잘 정비가 있고 다양한 체육시설이 설치되어 있어 운동과 휴식을 즐기기에 좋은 도심 속 공원이다. 공원 주변에는 안용복 부산포개항문화관, 동구도서관, 자성대 공원, 만리산 체육공원, 전포 돌산 공원, 부산 중앙 부두 등이 있다.",
3017395,복천사(부산),종교성지,"신선동 봉래산 자락에 위치하고 있는 복천사(부산)는 고려 말 나웅 왕사가 창건했다는 사찰로 유서 깊은 절이다. 아름다운 풍경으로 유명한 복천사는 조용하고 편안한 장소를 찾는 관광객들에게 추천하는 장소로 힐링을 원하는 관광객은 이곳에서 조용한 하루를 만끽하면 좋은 곳이다. 계곡의 물이 좋다고 해서 복천사라 이름이 붙여졌다고 하며 바다가 내려다보이는 사찰로 일몰이 유명한 사진촬영 명소로 많이 알려져 있다. 복천사에는 지장시왕도, 아미타극락회상도, 조상경 등 약 70여 점의 문화유산을 소장하고 있다.",
3017467,중리항 방파제 등대,랜드마크관광,중리항 방파제 등대는 빨간색 원통형 모양의 등대로 해양수산부 부산지방해양수산청에서 관리하고 있으며 2018년 8월 처음 불을 밝혔다. 천혜의 아름다운 낙조 지역으로 알려진 중리 바닷가 방파제 끝단에 설치되어 있으며 황금빛 노을을 만끽할 수 있는 명소로 알려져 있다. 등대가 있는 방파제에는 낚시를 즐기는 낚시꾼들이 많이 찾는 곳이며 2022년 3월 이달의 등대로 선정되기도 하였다. 등대가 있는 방파제 입구에는 30년 전 해녀들이 정착해 운영하는 해녀촌이 있어 영도 앞바다에서 갓 잡아 올린 싱싱한 해산물을 맛볼 수 있고 그들의 역사와 삶의 흔적을 느껴볼 수 있는 영도 해녀문화전시관도 인접해 있다. 노을을 감상할 수 있는 노을 전망대도 위치해 있어 함께 방문하기 좋은 관광지이다.,
3083341,정관온천,웰니스관광,"정관온천은 부산 기장군 정관읍에 위치한 자연친화적인 온천 시설이다. 860m 지하에서 용출하는 천연 암반 온천으로 약알칼리성 수질을 가지고 있으며 약알칼리성 온천수는 신경통, 류머티즘 관절염 같은 질병 치료 효과가 있어 스트레스 해소, 피부 미용에 좋다고 알려져 있다. 정관온천에는 다양한 탕과 찜질방, 노천탕을 구비하고 있어 시원한 야외 공기를 마시며 온천을 즐기기에 좋은 곳이다. 또한, 넓은 주차장과 피트니스클럽을 운영하고 있어 건강관리와 체력 증진에 도움이 된다. 가족 단위 방문객과 부모님과의 나들이에 안성맞춤이며, 함께 힐링할 수 있는 곳이다.",
3027228,다대포생태탐방로,자연공원,"다대포생태탐방로는 다대포해수욕장 인근의 자연습지를 가로질러 나무데크로 조성된 자연 생태공원길이다. 수만 평에 달하는 자연습지와 백사장, 모래톱의 아름다운 풍경은 물론, 경관조명이 갖춰져 있어 근사한 야경까지 즐길 수 있는 곳으로 고우니 생태길이라는 이름으로도 불리고 있다. 나무데크길을 따라 산책을 즐기며 습지를 관찰할 수 있고, 아름다운 갈대밭의 운치를 즐길 수 있는 곳으로 부산의 명소로 자리 잡고 있다. 그뿐만 아니라 일몰, 노을 명소로 알려져 사진 애호가들이 즐겨 찾는 출사지이며, 웨딩사진 촬영지로도 많이 찾고 있는 장소이다. 더불어 인근에 노을 명소인 노을정휴게소, 다대포해수욕장, 다대포해변공원, 다대포 꿈의 낙조분수 등 다양한 관광지가 있어 함께 둘러보기에 좋다.",
3027780,송림공원,도시공원,"해운대 송림공원은 해운대 바닷가에 조성된 부산의 수국 명소로 유명한 공원이다. 해운대 해수욕장 끝자락인 웨스틴조선호텔 근처에 형성되어 있다. 2021년 HUG 주택도시 보증공사에서 설립하였으며 해운대구와 우호교류도시인 경남 고성군 만화방초의 기술자문과 한중대영공업, 동남리사이클링, 부산신해운대로타리클럽에서 수국을 기증받아 조성하였다. 소나무 군락지가 있어 소나무와 함께 다양한 종류와 색상의 아름다운 수국을 볼 수 있다. 수국이 만개하는 6월~7월에는 많은 방문객이 찾아오는 곳으로 인근에는 해운대 바닷가, 더베이101, 동백섬 등이 있어 함께 둘러보기 좋다.",
3027575,청사포 횟집촌,도시지역문화관광,"청사포 횟집촌은 옛날부터 청사포 어촌에서 운영되고 있는 횟집거리이다. 해운대 도심과 가까워 방문객들이 많이 찾는 청사포 해안가 주변에 형성되어 있으며 횟집촌의 주요 메뉴는 조개구이, 장어구이, 회, 대게, 해산물 등 다양하게 마련되어 있다. 청사포 횟집촌에 있는 대부분의 음식점이 탁 트인 바다 전망을 자랑하고 있어 부산의 아름다운 해안선을 바라보며 싱싱한 회를 즐길 수 있다. 가족들과 부모님과 함께 방문하기 좋은 곳이다.",
3083459,할매탕,웰니스관광,"부산 해운대구 중동에 위치한 할매탕은 90년 전통의 해수 온천으로 가족탕과 대중탕을 갖춘 지역 명소이다. 해운대역과 해운대온천센터와 인접해 있어 접근성이 뛰어나며, 주변 관광지와의 연계가 용이하다. 시설은 2층에 가족탕, 3층에 여탕, 4층에 남탕이 마련되어 있어 편리하게 이용할 수 있다. 특히 가족탕은 프라이빗 한 공간에서 온천욕을 즐길 수 있다. 또한 수질이 맑고 온도가 적당하여 피부 건강과 피로 해소에 효과적이며, 지역 주민뿐 아니라 관광객에게도 사랑을 받고 있는 장소이다. 청결한 환경 속에서 몸을 따뜻하게 녹이는 힐링이 가능하며 온천욕을 통해 진정한 휴식을 원하는 이들에게 추천한다.",
3083429,벡스코 상상체험 키즈월드,기타체험,"벡스코 상상체험 키즈월드는 벡스코 전시관 내 위치하고 있는 상설 키즈카페이다. 아이들을 위한 대규모 실내 놀이공간으로, 음료와 우동, 라면 등 다양한 음식을 함께 즐길 수 있는 매점이 있다. 날씨 상관없이 실내에서 마음껏 뛰놀 수 있는 곳으로 사전 예약 없이도 방문할 수 있다. 벡스코 상상체험 키즈월드는 다양한 테마의 놀이 기구를 겸비하고 있는데 회전그네, 페달보트, 대형 에어바운스, 집라인, 바이킹, 워터 버블 등 운영되고 있다. 아이와 함께 방문해 즐겁고 새로운 추억을 남길 수 있는 공간이다. 현재는 금요일과 주말, 법정공휴일만 운영하고 있으니 방문 전 참고하기를 바란다.",
3028538,책마루전망대,랜드마크관광,"동구도서관 옥상에 위치하고 있는 책마루전망대는 황령산, 부산남항, 부산항대교 등 부산의 멋진 풍경을 조망할 수 있는 곳이다. 도서관 3층에서 계단을 이용하거나 야외에 설치된 전망대 전용 엘리베이터를 타고 4층으로 올라가면 된다. 전망대에는 모니터형 액자, 책 모양의 조형물 등 여러 가지 조형물이 설치되어 있어 사진 찍기 좋은 곳으로도 유명하고 밤에는 부산의 멋진 야경을 감상할 수 있다. 취식이 금지되어 있고 드론 등 임의 영상 촬영 금지, 반려견 동반 금지 등 이용 안내 수칙을 지켜야 한다.",
3028565,이중섭전망대,랜드마크관광,"이중섭전망대는 이중섭 화가가 범일동 풍경을 그린 배경으로 추정되는 곳으로 부산항과 범일동 일대가 훤히 내려다보이는 곳에 있으며 이중섭의 작품과 가족들에게 보낸 편지를 볼 수 있는 전망대이다. 이중섭전망대에는 부산의 화려한 야경을 조망할 수 있을 뿐만 아니라 전망대 카페를 운영하고 있어 차를 마시며 캘리그래피, 아크릴화, 미니유화 등의 다양한 체험을 할 수 있다. 또, 인근에 이중섭 거리미술관과 희망100계단 등에는 이중섭과 관련된 그림과 편지들을 볼 수 있는 이중섭 거리가 조성되어 있다. 이중섭은 1950년 6·25전쟁으로 부산으로 피난한 후 이듬해 제주도에 건너가 머물다 1951년 12월 부산 범일동에서 생활하게 되었으며, 1955년 미도파 화랑에서 단 한 번의 개인전을 열었다. 우리나라 근현대사의 가장 유명한 화가 중 한 명으로 야수파적인 강렬한 색감과 선묘 위주의 독특한 작품들로 유명하다.",
2789460,대항항 포진지 동굴,자연생태,"2차 세계대전 말에 일본군은 전력이 급강하하자 부산과 주변 해안에 미군 상륙작전을 대비하기 위한 방어시설을 구축하였는데 가덕도 대항마을의 인공동굴도 이와 같은 정세에서 조성된 것으로 보인다. 가덕도 대항 인공동굴은 현재 10여 개 정도 발견되었으며 탄광 노동자들을 데려와 만들었다고 전해진다. 형태는 I자, T자, L자형 동굴과 연결 복식 동굴이 있고 내부 통로가 십자형으로 얽혀 있을 정도로 긴 동굴도 있다. 동굴 내부에 당시 상황을 이해하기 쉽게 조형물로 표현해 놓아 가슴 아픈 역사의 흔적을 되짚어 볼 수 있는 장소이다.",
2662531,호천마을,도시지역문화관광,"부산광역시 부산진구 범천동에 위치한 호천마을은 냇가에 호랑이가 자주 나타나 호천(虎川)이라는 이름이 붙여졌다. 또한 각종 영화 및 드라마에 등장하며 유명세를 치른 마을이다. 여러 색의 집들이 옹기종기 모여있는 모습이 아름다움을 연출한다. 낮뿐만 아니라 밤에 보는 야경이 아름다워 부산 내에서도 야경 명소로 소문이 난 곳이다. 호천마을 하면 아름다운 풍경도 유명하지만 촬영지의 마을을 빼놓을 수 없다. 유명한 드라마의 배경 및 촬영지가 되며 많은 사람들의 발길이 끊이지 않고 있다. 호천마을 내에 위치한 180 계단은 오르막 집들 사이에서 강을 거슬러 힘차게 올라가는 물고기의 모습을 형상화한 계단 벽화가 인상적이다. 호천마을 벽화거리는 주변 주택의 담벼락을 활용하여 호랑이를 주제로 한 다양한 벽화들로 길을 조성하였다. 호천마을 문화플랫폼은 지역의 수공예 작가들이 직접 만든 제품을 전시, 판매하기도 하며 각종 문화 체험과 교육을 진행해 마을 주민과 지역 작가들의 상생 공간 역할을 하고 있다.",
3545373,소망계단 모노레일,기타체험,"소망계단 모노레일은 서구 동대신동 주거지역 내에 자리하고 있는 모노레일이다. 중앙공원로와 망양로를 잇는 모노레일로 왕복 180m로 운영된다. 노인 인구가 많은 지역의 보행 불편을 해소하기 위해 설치되었으며, 탑승 시 거주주민 우선 탑승하도록 운영하고 있다. 대한민국 최초의 현수식 모노레일이며, 중간 승강장에는 주민이 보행할 수 있도록 건널목이 있다. 모노레일은 차량 1대당 2명이 탑승 가능 인원이며 2개 구간을 운행하고 있고 소요시간은 약 15분이다. 인근 거주민이 많아 특히 소음에 주의가 필요하며, 도로를 접하고 있어 차량 통행 및 사고에 주의가 필요하다. 소망계단 모노레일은 예약은 필요하지 않고, 강풍이 발생할 경우 운행이 일시 중지 될 수 있다. 반려동물은 탑승이 불가하다. 인근 관광지로는 닥밭골 벽화마을, 구덕문화공원, 꽃마을 프로방스 등이 있다.",
3544138,부네치아 선셋 전망대,랜드마크관광,"장림포구는 장림포구 명소화 사업을 통하여 어항을 정비함과 동시에 해양보호구역 홍보관, 문화촌, 놀이촌, 맛술촌, 도시숲 등 관광객 이용 시설이 조성되어 있다. 이렇게 조성된 장림포구 모습, 특히 수면에 떠 있는 배와 형형색색의 건물들이 이탈리아 베네치아 무라노섬과 닮았다 하여 부산의 베네치아, ‘부네치아’로 불리며 SNS, 블로그상에서 인생 사진을 찍을 수 있는 장소로 명성을 얻고 있다. 부네치아 선셋 전망대는 부산의 일몰 명소로 알려져 있는데, 2층의 장림항 홍보관, 카페를 즐기며 장림포구의 전체적인 모습을 느낄 수 있다. 또한, 부네치아 선셋 전망대의 맛술촌은 다양한 먹거리를 제공하여 보는 재미 이외에도 먹는 재미까지 제공하고 있다.",
3545977,라보드 우든보트,공예체험,"라보드 우든보트는 4명의 보트빌더 청년들이 직접 제작한 다양한 우든보트를 소형화된 미니어처로 만들어 볼 수 있는 곳이다. 미니 배 원데이 클래스 등 다양한 소품도 함께 만나볼 수 있다. 영도의 상징인 터그보트를 실제 보트 건조공법으로 적용, 축소한 키트를 실제 조립하면서 보트 건조공법은 물론 보트 원리에 대해서도 배울 수 있는 미니 배 원데이 클래스는 친구나 가족과 함께 즐기기에 좋으며, 현재 라보드 우든보트에서 운영하는 카페 안에서 예약 형식으로 체험할 수 있다.",
3545436,금빛노을브릿지,랜드마크관광,"부산 북구의 금빛노을브릿지는 낙동강 위를 가로지르는 아름다운 보행교로, 자연과 도시가 조화를 이루는 특별한 공간이다. 이곳은 단순한 다리가 아니라, 힐링과 감성을 동시에 충족시키는 명소로 많은 이들의 사랑을 받고 있다. 이름처럼 금빛노을브릿지에서는 낙동강 위로 번지는 황금빛 석양을 한눈에 담을 수 있다. 해가 질 무렵, 다리를 따라 걷다 보면 하늘과 강이 만들어내는 장관이 펼쳐져 일상의 피로를 잊게 만든다. 다리는 화명생태공원과 연결되어 있어 자연 속에서 여유로운 시간을 보내기에 안성맞춤이다. 강바람을 맞으며 산책하거나 자전거를 타고 이동하며 낙동강의 아름다운 풍경을 감상할 수 있다.
부산 북구 도심에서 가까운 위치에 있어 접근성이 뛰어나면서도, 한 걸음만 다리에 올라서면 도심의 번잡함을 벗어나 자연 속에서 평온함을 느낄 수 있다.
해가 진 후에는 조명이 켜지면서 색다른 매력을 발산한다. 다리 위에서 바라보는 반짝이는 도시 야경과 낙동강의 잔잔한 물결이 어우러져 또 다른 감동을 선사한다.",
3060966,백운포체육공원,테마공원,"신선대 공유수면 매립지 이전 조건에 의하여 신선대공원 인근에 있는 국방부 소유 토지를 남구청에서 무상 양도받아 백운포체육공원을 조성하였다. 마사구장 1면, 인조 축구장 2면, 야구장 1면, 풋살장 4면, 테니스장 8면으로 조성되어 있으며, 인터넷 대관 신청으로 누구나 체육시설을 사용할 수 있다. 백운포 체육공원에는 축구장 등 체육시설 이외에도 남구 국민체육센터, 남구 빙상장이 함께 있어, 다양한 생활체육을 체험할 수 있는 공원이다. 체육공원에서 오륙도와 영도가 바라보이며, 이기대 공원과도 가까운 거리에 있어 체육과 관광을 함께 즐길 수 있는 곳이다.",
3060803,키위키즈랜드,기타체험,"기장군 장안읍 힐탑프리미엄 아울렛 안에 위치한 키위키즈랜드는 신개념 대규모 실내 어린이 놀이시설이다. 쾌적한 환경과 다양한 놀이기구에서 시간 가는 줄 모르고 놀 수 있는 키즈카페이다. 키위키즈랜드는 튜브 썰매장, 레이싱카, 에어바운스, 트램펄린, 범퍼카, 정글짐, 편백존, 게임존, 미끄럼틀, 영화관, 볼풀존, 맥스라이더, 쉼터 및 만화방, 영유아존 등 다양한 기구들을 구비해 풍부한 놀이 환경을 제공한다. 또, 식당, 매점, 휴게시설, 화장실 등 편의시설이 있어 아이가 놀 동안 어른들이 기다리기에도 편하다.",
3112467,부산정중앙공원,도시공원,"부산정중앙공원은 부산진구 부암동에 위치한 공원이다. 정중앙공원은 지역 주민들과 재개발조합, 시공사 등이 꾸준히 협력하고 뜻을 모아 2023년 ‘부산정중앙표지석’을 더욱 웅장히 설치하고 부산정중앙공원을 새롭게 조성하였다. 산의 정중앙 이곳은 부산의 진산(鎭山)인 금정산(801.5m)에서 이어진 백양산(642m)의 용맥 중에서 좌청룡(左靑龍) 기운(氣運)을 받는 명당자리라고 한다. 많은 사람들이 부산의 중심, 부산정중앙공원을 방문하여 좋은 기운을 받아 갈 수 있기를 염원하는 공간이다.",
3336060,국립청소년생태센터,산업관광,"낙동강 하류 철새 도래지(천연기념물)로 지정된 을숙도에서 생태놀이 활동을 하며 자연을 인식하고, 생태탐구 활동을 통해 청소년 주도적 탐구로 자연을 과학적으로 이해하게 된다. 또한 생태감성 활동을 하며 생태감수성을 함양하고, 생태실천 활동을 통해 생태계 보호를 위한 실천 방안 체득을 제공한다. 조류, 곤충, 식물, 생태계 보호를 활동테마로 청소년수련활동인증프로그램을 개발·운영하고 있다.",
3350219,을숙도 들락날락,기타체험,"을숙도 들락날락은 부산 사하구와 EBS가 협력하여 조성한 공간으로, 예술 커뮤니티인 살롱을 테마로 한 어린이 문화 체험 공간이다. 지하 1층 아뜰리에, 1층 쑥갤러리에서 다양한 체험을 할 수 있으며, 2층은 쑥케치북이라는 낙서 자유 구역으로 어린이들이 자유롭게 그림을 그릴 수 있는 공간이다. 이외에도 다양한 체험 공간과 도서관이 있어 아이들과 방문하기 좋은 곳으로 손꼽힌다. 3층에는 카페와 전망대가 있어 휴식을 취하며 을숙도의 풍경을 감상할 수 있다.",
3070686,부산광역시 119안전체험관,기타체험,"부산 119안전체험관은 일상생활에서 발생할 수 있는 안전사고를 예방하고, 재난 발생 시 대처 능력 향상을 위하여 다양한 재난 유형을 경험하고 체험할 수 있도록 교육하는 도심 속 종합 안전 체험관이다. 지하 1층, 지상 3층으로 구성되어 있으며, 10개의 체험 코스와 30개의 코너로 체험관이 운영되고 있다. 미취학 아동의 안전의식 학습관, 안전한 전기 사용 방법, 도심 생활 속에서 발생할 수 있는 재난 대처 방법, 일상생활 속 안전사고 대처방법 등 다양한 학습관과 체험관을 운영하여 시민들에게 안전 의식을 고취하고 있는 체험관이다.",
3353856,해월전망대,랜드마크관광,"해월전망대는 부산광역시 해운대구에 위치한 아름다운 전망대이다. 이곳은 해운대와 동해를 한눈에 내려다볼 수 있는 명소로, 특히 일출과 일몰이 장관을 이루어 많은 관광객들이 찾는다. 전망대에서 바라보는 바다의 경치는 탁월하며, 해운대 해변과 가까워 접근성이 뛰어나다. 2024년 7월 27일 개장한 해월전망대는 달맞이길 아래에 있다. 해와 달이 함께 만나며 풍광을 누린다는 이름을 가진 해월전망대는 해수면으로부터 22m 높이에 134m 길이로 바다를 향해 원형으로 이루어져 있으며, 초승달 모양의 주탑과 아래가 내려다 보이는 직경 15m의 원형 광장이 설치되어 있어 바다를 내려다볼 수 있다.",
3375297,태종대 오션플라잉 테마파크,테마공원,"태종대 오션플라잉 테마파크는 스릴만점 집라인부터 인터랙티브 미디어아트, 오션뷰 전망카페까지 아우르는 부산 관광의 새로운 랜드마크이다. 이곳은 태종대의 아름다운 바다와 경치를 배경으로 다양한 해양 관련 체험과 놀이시설을 제공한다. 특히, 집라인은 653m의 거리를 빠른 속도로 단숨에 내려가 하늘을 나는 듯한 기분을 느낄 수 있어 방문객들에게 큰 인기를 끌고 있다.  MOEI는 안으로 발을 딛는 순간 살아 숨 쉬는 듯한 자연과 예술의 공간으로 데려가는 몰입형 미디어아트이며, 전망카페 스릴온더머그는 통창으로 보이는 푸른 부산 바다 풍경과 함께 한 잔의 커피를 즐길 수 있다. 다양한 볼거리와 휴식공간이 마련되어 있어 가족 단위 방문객들에게 적합하다. 바다와 하늘을 동시에 느낄 수 있는 이곳은 부산을 찾은 여행객들에게 필수 방문지로 추천된다.",
127488,BIFF 광장,도시지역문화관광,"남포동 극장가는 8·15 광복 후 극장이 한 두 군데 생겼고 1960년대에 이르러 20여 개소의 극장이 BIFF광장 주변으로 밀집하여 생겨났다. 1996년 9월 13일 작지만 권위 있는 영화제를 만들고자 제1회 부산국제영화제(Busan International Film Festival)가 개최되었고 영화제를 개최하면서 극장가를 새롭게 단장하고 일대를 BIFF 광장으로 명명하게 되었다. BIFF광장에서는 부산국제영화제 전야제 행사가 개최되었고 유명 영화인들의 핸드프린팅 행사 등 BIFF 행사의 주 무대로 활용되었으나, 해운대에 영화의 전당이 만들어지면서 개막식 등 주요 행사는 그곳으로 옮겨 갔으나 영화제 초창기의 흔적은 많이 남아있고 영화 상영은 계속 이어오고 있다. 이곳처럼 개봉 극장이 한 곳에 밀집된 곳은 아시아는 물론 유럽 어느 나라에서도 찾아볼 수 없는 곳으로 무한한 잠재력을 지니고 있는 곳이며 근래 들어 단순히 영화만 보는 곳이 아닌 쇼핑과 관광을 함께 즐길 수 있는 복합문화공간이 되면서 젊은 층이 많이 찾고 있어 이 지역 상권이 활기를 되찾는 데 큰 역할을 하고 있다.",
2782682,센텀 APEC나루공원,도시공원,"센텀 에이펙 나루공원은 깨끗하고 편리한 이용시설을 자랑하는 부산의 걷기 좋은 공원이다. 예전에 이곳이 강나루였다고 하여 나루공원이라는 이름이 붙여졌다. 주말이면 피크닉과 산책 그리고 자전거 타기를 즐기는 단란한 가족들과 연인들, 그리고 친구들의 모습을 쉽게 만날 수 있다. 특히 이곳 공원 곳곳에는 부산비엔날레 당시 전시해 놓은 예술가들의 조각 작품이 줄지어 있어 감상하는 재미도 특별하다. 또한 수영 강변을 따라 걷는 산책코스도 인기인데 공원 입구 수영교에서 출발해 공원 끝자락에 위치한 좌수영교까지 걸어서 한 바퀴를 돌아보면 금세 부산 갈맷길 한 코스를 완주한다. 또 공원 내에 자전거 대여소가 자리한다. 여기서 마음에 드는 자전거를 골라 1시간 동안 무료로 라이딩을 즐겨 봐도 좋겠다. 사고 방지를 위해 헬멧도 무료로 대여해 준다.",
3421778,[부산 갈맷길] 5코스,도시지역문화관광,"부산에는 바다, 숲, 강, 도심을 잇는 길인 갈맷길이 있다. 이중 갈맷길 5코스는 총 3구간으로 나뉘며 1구간은 동양 최대의 철새도래지 낙동강 하구 을숙도를 가로질러 명지 갯벌에 도래하는 겨울 철새를 가까이 볼 수 있는 코스이다. 2구간은 부산 신호항에서 지양곡안내소까지의 길로 가덕도와 가덕도 연대봉, 해양파크휴게소를 관람할 수 있다. 3구간은 대항에서 외양포 쪽으로는 가덕등대와 해안 숲길로 이어지는 누릉령, 어음포의 비경과 동선새바지를 볼 수 있는 구간이다. 전 구간 모두 관광자원이 풍부하여 취향에 맞춰 산책하기에 좋다.",
4041429,하버요가&무브먼트,웰니스관광,"광안리 바다를 바라보며 몸과 마음을 가다듬는 웰니스 체험 공간이다. 부산 수영구 광안빌딩 2층에 자리하며, 통창으로 들어오는 자연광 아래에서 신체의 감각을 깨우는 다양한 요가 클래스를 운영한다. 초보자도 부담 없이 참여할 수 있는 원데이 클래스가 주기적으로 열리며, 여름철에는 광안리 해변의 노을을 배경으로 파도 소리와 함께 수련하는 선셋 요가 프로그램도 진행된다. 코코아일랜드와 함께 운영하는 사운드워킹은 이곳의 특색 있는 프로그램이다. 헤드셋과 사운드 키트를 착용한 채 동백섬의 숲과 해안을 따라 걸으며, 파도와 나뭇잎 소리 등 일상에서 무심코 지나쳤던 자연의 소리에 집중하는 체험이다. 소리를 수집하고 노트에 기록하는 과정이 포함되며, 약 2시간에 걸쳐 이기대 해안산책로를 거쳐 누리마루까지 이어지는 경로를 걷는다. 요가와 사운드워킹 모두 사전 예약 후 참여 가능하며, 자세한 일정 및 프로그램은 홈페이지에서 확인할 수 있다.",
1607163,금강암(부산),종교성지,"범어사(梵魚寺) 산내암자인 금강암(金剛庵)은 정확한 창건 연대는 알 수 없으나 기록에 의하면 1803년 범어사 대성암과 함께 취규 대사에 의해 중창되었다고 한다. 1899년 승려 오성월이 범어사 금강암에 처음으로 선원을 개설하였다는 기록이 남아 있어 당시 금강암이 선풍을 일으키는 시발점이었다는 점에서 의미가 크다고 할 수 있다. 1800년대에 제작되어 현재 남아 있는 중수기문들 중에서 금강암의 사명이 발견되어 범어사 금강암의 중창 시기를 짐작할 수 있을 뿐이다. 1980년대 벽파가 범어사 금강암에 주지로 주석하면서부터 범어사의 산내 작은 암자에 불과하던 금강암이 점차 명성을 떨치며 사세를 확장하기 시작하였으며 1984년부터 1991년까지 약 7년간 벽파의 상좌인 정여가 중창 불사를 주도 하면서 범어사 금강암은 지금의 가람을 갖추게 되었다. 금강암은 범어사 왼쪽의 금정산 북문 방향으로 가다 보면, 범어사 대성암이 나오고 대성암을 지나 바위로 된 계곡을 따라 올라가면 범어사 팔경 중 한 곳인 금강만풍으로 잘 알려진 금강암이 나온다.",
3426656,부산북항 친수공원,기타자연관광,"부산북항 친수공원은 북항 재개발사업을 통해 조성된 친수공간으로, 부산역에 내려 공중보행교를 따라 걷다 보면 도착하는 도심 속 공원이다. 넓은 공원을 가득 채우는 형형색색의 조명과 미래적인 공원 디자인이 매력적이라 부산의 새로운 야경 명소로도 거론되고 있다. 조명 덕분에 보다 안전하게 밤 산책을 즐길 수 있는 공간이기도 하다. 공원 자체가 넓고 산책로가 깔끔하게 마련돼 있어 러닝 하기에도 제격이며, 아이들이나 반려견과 밤 나들이를 즐기기에도 좋다. 

(출처 : 부산 문화관광 홈페이지)",
2740063,영도 하늘전망대,랜드마크관광,"영도의 하늘전망대는 절영해안산책로에 위치한 명소로, 아름다운 경관으로 잘 알려져 있다. 날씨가 맑은 날에는 대마도, 거제도, 가덕도까지 바라볼 수 있으며 75광장과도 연결된다.
바닥이 반투명한 스카이워크와 연인들이 자물쇠를 걸 수 있는 공간이 마련되어 있어 데이트 코스로 인기가 높다. 이름처럼 탁 트인 푸른 바다와 하늘을 한눈에 담을 수 있으며, 나무 데크 길을 따라 내려가면 해안산책로로 이어진다.
전망대 아래에는 스노클링이 가능한 자갈 해변과 왕복 약 20분 정도의 해변 산책로가 조성되어 있다. 인근에는 영화 《변호인》 촬영지로 알려진 흰여울문화마을이 있어 함께 둘러보기 좋다.
특히 이곳은 부산의 대표적인 노을 명소로 손꼽히며, 주차장과 화장실 등 편의시설도 잘 갖춰져 있다.",
2775577,젖병등대,랜드마크관광,"2009년 부산지방해양항만청에서 만든 젖병 모양의 등대다. 등대를 세운 2009년은 부산이 전국에서 출산율이 가장 낮은 도시로 10년째 선정되던 해로, 저출생 시대의 위기를 극복하고자 출산 장려를 기원하는 의미에서 만들어졌다. 부산에 사는 영·유아 144명의 발 도장과 손도장이 양각으로 제작되어 있다. 방파제 길을 따라가면 연도별로 출산율이 어떻게 변화해 왔는지도 볼 수 있다. 딸·아들 구별 말고 둘만 낳아 잘 기르자던 시대에서 ‘잘 키운 딸 하나 열 아들 안 부럽다’가 되었다가 이제는 ‘아이가 미래’라는 시대가 되었다. 이색적인 등대에서 인생샷을 찍기 위해 전국에서 많은 관광객들이 몰려들고 있다.",
2784333,부산남항,자연경관(하천‧해양),"부산남항은 부산항 옆에 위치한 항구로, 영도대교에서 남항대교까지 이어지는 구간을 아우른다. 자갈치시장과 부산공동어시장, 영도 남항동이 자리해 부산의 대표적인 해양 풍경을 보여준다. 남항동에는 조선소들이 모여 있어 배를 수리하는 모습도 볼 수 있으며, 오랜 시간 삶의 터전이 이어져 온 곳이다. 남항대교에 오르면 부산 앞바다가 한눈에 펼쳐지며, 아래 수변공원에서는 휴식과 낚시를 즐길 수 있다.",
3466755,테이블플라워,기타체험,테이블플라워는 2011년 낡은 가옥을 리모델링하며 독창적인 문화 예술 마을로 거듭난 부산 영도의 흰여울마을에 자리 잡고 있다. 아름다운 푸른 바다가 보이는 곳에 있는 매장은 바다가 잘 보이는 사진 명소가 마련되어 있다. 테이블플라워의 사장님은 '화훼 장식 기능사'이며 아동미술 전공 '미술 심리치료사' 자격증도 소지하여 성인 뿐 아니라 아동들을 위한 체험도 준비되어 있다. 어린이를 위한 꽃다발로 초콜릿 꽃다발이나 각종 캐릭터 꽃다발도 준비되어 있으며 누구든지 다양한 체험을 즐길 수 있다.,
2675032,청학배수지 전망대,랜드마크관광,"청학배수지 전망대는 청학배수지 공간을 전망대로 만든 것이다. 지대 자체가 높아 조금만 올라가도 전망대에 다다를 수 있어 누구나 쉽게 접근이 가능하다. 전망대에는 영도의 상징인 절영마가 자리잡고 있으며, 청학배수지 전망대에서 보는 야경과 부산항 대교의 불빛은 시민들에게 포토존으로 각광받고 있다. 또한 각종 운동기구가 설치되어 있어 산책, 조깅을 하기에도 좋다. 청학배수지 전망대 인근에는 조내기 고구마 역사 공원, 남파랑길 코스 산책로, 봉래산 등 관광지가 있어 함께 둘러볼 수 있다.",
126194,충렬사(부산),역사유적지,"충렬사는 임진왜란 때 동래부사 송상현, 부산진첨절제사 정발, 다대진첨절제사 윤흥신을 비롯해 부산지방을 지키다 순절하신 선열들의 위패를 모신 곳이다. 1972년 6월 26일 부산광역시 유형문화유산으로 지정되었다. 1605년(선조 38) 당시의 동래부사 윤훤은 동래읍성 남문 밖 농주산에 송상현의 위패를 모신 송공사를 지어 매년 제사를 지내고 기리게 하였다. 선위사 이민구의 상소로 1624년(인조 2)에 송공사는 충렬사로 사액되어 명칭이 바뀌었다. 현재의 충렬사는 1978년 정화 사업을 거쳐 사당인 본전과 의열각, 기념관, 정화기념비, 송상현공 명언비, 충렬탑 등의 시설을 갖추게 되었다.",
1607286,문화공감 수정(부산 수정동 일본식 가옥),역사유적지,"문화공감 수정(국가유산명:부산 수정동 일본식 가옥)은 1943년에 지어진 일본식 건물로 넓은 대지 안에 맞배지붕으로 되어 있는 대문 3칸이 있고 몸채 1동이 남쪽을 향해 있다. 몸채 현관의 오른쪽은 벽돌(조적조)로 지어져 있으며 이를 제외한 대부분은 일본식 목조 주택으로 지어졌다. 현재 1층의 일부는 온돌방으로 개조되어 있으나 2층에는 전형적인 일본 식 주택에서 볼 수 있는 툇마루(연가와)와 장마루를 설치한 복도, 그리고 다다미방이 원형대로 남아있다. 또한 다다미가 깔려 있는 실내에는 도코노마, 쓰케쇼인, 명장지, 다다미, 일본식 창호 문양 등의 세부적인 장식이 원형대로 보존되어 있다. 고급 일본식 건물의 외장 요소를 잘 갖추고 있으며 특히 2층의 일본 식 전통 주택의 형식을 철저히 따른 공간의 구성과 치장이 특징적이다. 일제 강점기 근대 주택 건축사와 생활사 연구에 중요한 자료적 가치를 지닌 곳으로 평가받는 공간이다.",
2744560,천성항 방파제등대,랜드마크관광,부산 가덕도는 2010년 이전에는 배를 타고 들어가야 했지만 부산 신항과 거가대교가 생기면서 자동차로 오갈 수 있다. 가덕도에 위치한 천성항 방파제 등대는 부산광역시의 기념물인 천성진성의 망루를 형상화한 조형 등대로 일명 ‘망루등대’라고 불린다. 국가 어항인 천성항을 드나드는 선박의 안전 항해를 위해 등대 불빛을 밝히고 있다. 방파제 곳곳에 천성항을 상징하는 다양한 조형 작품이 설치되어 있는데 주로 갈매기를 귀엽게 형상화했다. 천성항의 명물 갈매기는 인기가 특히 좋다. 또한 어둠이 찾아오면 물고기 모양의 가로등에 하나 둘 불이 들어와 디자인 등대의 매력을 더한다.,
126119,부산 어린이대공원,도시공원,"부산 어린이대공원은 부산의 중심지인 서면에서 가까운 거리에 있는 백양산 기슭에 위치하고 있으며, 상록침엽수인 삼나무, 편백 등 각종 수목이 울창하게 조성되어 있어 도심 속 휴식공간으로 자리 잡고 있다. 사계절 수목이 우거진 성지곡수원지 주변에는 산책 코스가 조성되어 있어 언제나 시민들로 가득한 공원으로 다양한 볼거리, 즐길 거리가 풍성한 곳이다. 1971년 성지곡유원지로 지정되었다가 1978년 세계 아동의 해를 맞이하여 어린이대공원으로 개칭하여 오늘에 이르고 있다.",
129155,오륙도 등대,랜드마크관광,"부산에 속한 다양한 섬들 가운데서도 아름답기로 손꼽히는 오륙도는 남구 용호동에 속한 바위섬이다. 오륙도를 구성하는 섬은 육지에서 가까운 순으로 방패섬, 솔섬, 수리섬, 송곳섬, 굴섬, 등대섬이다. 육지와 가장 멀리 떨어져 있는 등대섬에는 오륙도 등대가 있다. 오륙도 등대는 부산항으로 들어오는 배들이 꼭 지나가야 하는 곳에 있어 부산의 관문 역할을 한다. 원형의 콘크리트로 만들어진 등대는 등명기, 무신호기, 태양광 발전기 등을 갖추고 있다. 2018년부터 무인화되어 일반인에게 개방하지 않고 있으며, 현재는 영도 등대에서 원격 제어하고 있다. 관리 구역인 해파랑길 관광안내소에 방문하면 오륙도 등대에 대한 관광 정보를 얻을 수 있다.",
129197,영도대교,랜드마크관광,"부산 영도구에 위치한 영도대교는 부산을 대표하는 랜드마크 중 하나로, 영도와 부산 본토를 잇는 중요한 교량이다. 1973년에 개통된 이 다리는 부산의 산업 발전과 오랜 세월 동안 지역민들과 함께해 온 역사적인 의미를 지닌 구조물이다. 영도대교의 가장 특징적인 요소는 바로 회전식 교각 구조로, 대형 선박이 통과할 수 있도록 다리가 일정 시간에 맞춰 열리는 것이다. 야경이 아름답기로도 유명한데, 밤이 되면 교량과 그 주변이 조명으로 빛나면서 낭만적인 분위기를 자아낸다. 영도대교를 건너면 부산항과 함께 펼쳐지는 바다 풍경을 감상할 수 있으며, 해양 도시 부산을 느낄 수 있는 좋은 포인트가 된다. 영도대교는 부산의 역사, 산업, 아름다운 경관을 아우르는 상징적인 장소로 자리 잡고 있다.",
1607389,충렬탑(부산),역사유물,"충렬탑은 부산 충렬사 내에 위치해 있으며, 조국과 민족을 수호했던 선열들의 기개를 보여주는 임진왜란 때 굳센 항전을 표상한 탑이다. 부산 충렬사는 임진왜란 당시 나라를 지키기 위해 왜적과 싸우다 장렬히 순국하신 선열의 영령을 모신 곳으로, 충렬사에 들어가기 전에 가장 먼저 충렬탑이 보인다. 충렬탑은 높이 28m, 좌대 6.4m로 6인 군상을 새겨 임진왜란 당시 우리 민족의 단결을 표현했다.",
2614721,몰운대(부산),해수욕장,"몰운대는 낙동강하구와 바다가 맞닿는 곳에 자리한 명승지로 16세기까지 몰운도라는 섬이었으나, 낙동강 상류에서 밀려온 토사가 쌓여 다대포와 연결되면서 지금은 육계도의 모습을 하고 있다. 육계도는 섬과 육지 사이의 얕은 바다에 모래가 퇴적되어 사주를 만들어 연결된 섬으로, 그 대표적인 예로는 제주도의 성산일출봉이 있다. 몰운대는 구름 속에 빠진 섬이라는 시화적인 이름으로 낙동강 하구에 안개와 구름이 끼는 날이면 섬이 구름에 잠겨 보이지 않는다고 해서 붙여졌다고 전해진다. 몰운대에서는 백악기 말의 하부다대포층과 그 후 부산의 지각변형과정을 한눈에 볼 수 있으며, 단층, 단층암, 암맥, 광맥, 쳐트편, 사층리, 흔적화석 등의 다양한 지질특성을 간직한 지질학의 교과서라 불릴만한 곳이다.",
126088,오륙도 (부산 국가지질공원),자연경관(하천‧해양),"오륙도는 용호동 앞바다의 거센 물결 속에 솟아있는 6개의 바위섬으로, 육지에서 가까운 것부터 방패섬, 솔섬, 수리섬, 송곳섬, 굴섬, 등대섬으로 나누어진다. 오륙도는 12만 년 전 까지는 육지에 이어진 하나의 작은 반도였으나, 오랜 세월을 거치는 동안 거센 파도에 의한 침식작용으로 육지에서 분리되어 형성된 것으로 추정된다. 이것은 육지인 승두말과 방패섬·솔섬의 지질적 구성이 동일한 점에서도 알 수 있다. 오륙도란 이름은 1740년에 편찬된 동래부지 산천조(東萊府誌 山川條)에 ＂오륙도는 절영도 동쪽에 있다. 봉우리와 뫼의 모양이 기이하고 바다 가운데 나란히 서 있으니 동쪽에서 보면 여섯 봉우리가 되고 서쪽에서 보면 다섯 봉우리가 되어 이렇게 이름한 것이다. ＂라 기록된 바와 같이 보는 사람의 위치와 방향에 따라 다르게 보이는 데서 유래한 것이라 한다.
섬 이름을 살펴보면 육지에서 제일 가까운 섬으로 세찬 바람과 파도를 막아준다는 방패섬, 섬의 꼭대기에 소나무가 자생하고 있는 솔섬, 갈매기를 노려 독수리들이 모여들었다는 수리섬, 작고 모양이 뾰족하게 생긴 섬으로 송곳섬, 가장 큰 섬으로 커다란 굴이 있어 천정에서 흐르는 물이 능히 한 사람 몫의 음료수로 충분하다는 굴섬, 그리고 육지에서 가장 멀리 떨어진 등대섬은 평탄하여 밭 섬이라고도 하였으나 등대가 세워진 뒤부터 등대섬이라 불리어졌으며, 오륙도에서 유일하게 사람이 거주하는 섬이다.
오륙도 근처는 조류가 매우 빨라 뱃길로서는 위험한 곳이었기 때문에 옛날 이곳을 지나는 뱃사람들은 항해의 무사함을 기원하기 위하여 공양미를 바다에 던져 해신(海神)을 위무하였다고 전해지며, 용신제를 지내기도 하였다고 한다. 오륙도는 대한민국의 관문이며 부산항을 드나드는 각종 선박은 반드시 이곳을 지나야 하기 때문에 부산항의 상징이기도 하다.

(출처 : 부산 남구청 문화관광)",
126121,용두산공원,자연공원,"용두산은 부산의 3대 명산 중 하나이며, 과거에는 울창한 소나무 사이로 바다가 보였다 하여 송현산이라 하였다가 산세가 흡사 용 모양으로 일본에서 건너오는 왜구들을 삼켜버릴 기상이라 하여 용두산이라고 부르게 되었다. 용두산공원에는 부산탑 전망대, 이충무공 동상, 백산 안희재 선생 동상, 종각, 꽃시계, 용 모양 조각상 등이 있고, 남포동에서 공원까지 이어지는 에스컬레이터가 설치되어 있다. 용두산공원에 올라가면 부산항과 영도가 내려다보이는 경치가 좋은 곳이며 공원 가장 높은 곳에 있는 부산탑에 올라가면 부산항과 멀리 남항 등 부산 시내의 야경이 아름다운 곳이다. 이 공원은 시민들이 언제라도 이용할 수 있는 산책로일 뿐만 아니라 휴식공간으로 가장 적당한 곳으로 외국인들에게 유명한 관광지이며, 노인들의 휴양지 및 인근 주민의 산책로로 많이 이용된다.",
126196,금정산성,역사유적지,"금정산성은 금정산 꼭대기에 능선과 계곡을 따라 축성되어 있다. 금정산성은 임진왜란의 혹독한 피해를 입은 동래부민(東萊府民)이 난(亂)에 대비하기 위하여 쌓은 피난겸 항전성(抗戰城)이며, 국내에서는 가장 큰 규모의 산성이다. 1707년 동래 부사 한배하가 성이 넓다 하여 남북 두 구역으로 구분하는 중성을 쌓고 장대, 군기고 등의 시설을 보완하였다. 1806년 동래 부사 오한원이 성을 다시 수리하고 동문을 새로 쌓았으며, 서문, 남문, 북문에 문루를 만들고 수비군을 배치하였다. 금정산성에는 산성마을이 조성되어 있고, 산성마을에는 우리나라 민속 막걸리인 산성막걸리가 생산되고 있으며, 각종 음식점, 카페 등이 많아 관광객들이 휴식하기 좋은 관광지이다. 금정산성에 올라가기 위해서는 자가용을 이용하거나 대중버스를 이용하면 된다.",
126830,부산진성공원,도시공원,부산 동구에 위치한 부산진성공원은 자성대공원으로 불렸는데 공식 명칭을 부산진성공원으로 바뀌었다. 부산진성공원은 서문이 주출입구이며 금루관이라 적혀있다. 집이나 성의 모퉁이 경계에 세운 돌기둥으로​ 왜적의 침입에 대한 경각심을 세우기 위해 제작된 것으로 추정되는 우주석이 있다. 또한 알찬 책으로 가득 찬 아담한 숲 속도서관이 있어 마음의 풍요로움을 찾을 수 있다. 이어서 여유롭고 편안한 산책길을 걸을 수 있다.,
129157,영도 등대,랜드마크관광,"1906년 12월 처음 불을 밝힌 영도등대는 1906년 당시에는 목도 등대라 불렸다. 일제의 대륙 진출에 필요한 병력, 군수물자 수송선박의 안전을 위한 것이었다. 이후 1948년 절영도 등대로 변경하였다가 1974년 영도등대로 개칭하였다. 영도등대가 첫 불빛을 밝힌 1906년 12월 당시에는 석유 백열등이었으나, 지금은 할로겐램프를 사용하고 있다. 등대 불빛은 11m 높이 콘크리트 탑 위에 18초마다 3회씩 깜박인다. 선박의 운항 상황을 화면에서 추적할 수 있는 항행 식별 시스템도 갖췄다. 2002년 부산해양수산청에 의해 대대적인 리모델링에 들어갔고 2004년 8월에 작업이 마무리되었다. 이 작업을 통해 영도등대는 해양도서실, 갤러리 등을 갖춘 해양문화공간으로 거듭났다.",
129602,청사포,자연경관(하천‧해양),"해운대 달맞이언덕을 따라 송정방향으로 가다 보면 오른쪽 아래로 보이는 곳이 청사포이다. 부산의 해운대와 송정 사이에는 세 개의 작은 포구가  해안을 따라 나란히 놓여있다. 구덕포, 미포와 더불어 청사포가 바로 그 작은 포구이다.  청사포는 질이 아주 뛰어난 미역이 생산되기로 유명하며,  이곳의 일출은 이미 아름답기로 정평이 나있다. 청사포의 해안 주변을 나있는 갯바위에는  낚시를 하기 위해 몰려온 강태공들로 항상 북적거리며, 특히 고등어가 제철인 가을에는  더 많은 사람들이 찾아온다. 그리고 해안을 끼고 동해남부선이 길게 뻗어 있어  가끔씩 경적을 울리며 달리는 기차가 한적하고 조용한 시골 마을의 풍경을 더욱더  돋보이게 한다. 

이 철로는 전국에서 단 두 곳뿐인 해변 철길이며, 영화  ‘파랑주의보’의 촬영지로도 많이 알려져 더욱더 사랑을 받고 있다. 또 포구의 한쪽으로  주욱 늘어선 음식점과 횟집에서 한적한 포구를 배경 삼아 갓 잡아 올린 싱싱한 해산물을  한 점씩 맛보는 것도 묘미 중에 묘미이다. 청사포의 원래 이름은 ‘푸른 뱀’이란 뜻의 청사였다.  그 이름에 얽힌 전설은 예전에 이 마을에 살던 금실 좋은 부부가 살았는데, 고기잡이  나간 남편이 바다에 빠져 죽자, 그 아내는 해안가 바위에 올라 매일 같이 남편을  기다렸는데, 이를 애처롭게 여긴 용왕이 푸른 뱀을 보내어 부인을 동해 용궁으로 더러와  죽은 남편과 만나게 했다는 애틋한 전설이다. 그런데 마을지명에 뱀이란 단어가 들어가는  것이 좋지 않다 하여 최근엔 ‘푸른 모래의 포구’란 이름으로 바뀌었다.",
252563,봉래산(부산),자연경관(산),"봉래산은 영도의 중앙에 위치하고 있는 산으로 산세가 마치 봉황이 날아드는 것 같다 하여 붙여진 이름이라고 한다. 봉래산은 산 전체가 원추형으로 노년 산지의 특색을 보이고 있다. 조봉, 자봉, 손봉 총 3개의 봉우리를 가지고 있으며 사면은 가파른 편이다. 산 정상부에는 봉래산 영도 할매 전설이 서려 있는 할매의 신체인 할매 바위가 있다. 이에 따르면 봉래산에는 ‘영도 할매’가 있어 주민들을 평안하게 지켜준다고 전한다. 정상에서는 중구, 서구, 해운대구 등 부산의 시가지를 한눈에 볼 수 있다. 주변 관광지로는 복천사, 국립해양박물관, 영도 조내기 고구마 역사기념관 등이 있어 연계 관광코스로 좋다.",
630874,낙동강하구에코센터,기타자연관광,"낙동강하구에코센터는 하구지역의 환경 보전과 이용, 철새도래지 보전과 관리, 자연생태 전시 및 교육, 야생동물 치료 및 보호 등 다양한 업무를 하고 있는 곳으로, 낙동강물이 바다와 어우러지는 지점이며, 세계적인 철새도래지인 을숙도에 있다. 을숙도는 상단부의 을숙도생태공원, 하단부의 을숙도철새공원으로 나뉜다. 낙동강 하류 철새 도래지의 핵심 지역이자 낙동강 하구 생태관광의 중심축으로, 겨울 철새와 하구 습지의 생태를 관찰하기 가장 좋은 장소이다. 낙동강하구에코센터에서는 자체 프로그램을 진행하는 것은 물론, 야생동물치료센터와 탐방체험장, 아미산전망대도 관리하고 낙동강 하구의 인문·생태 정보를 알기 쉽게 전시하며, 다양한 체험 프로그램을 제공한다.",
662756,조방해수탕,웰니스관광,"조방해수탕은 대형 찜질방 11개에서 다양한 찜질 체험을 할 수 있고, 사우나에는 발 마사지탕, 전신 마사지탕, 고급 옥사우나 등을 체험할 수 있다. 도심 속에 자리 잡고 있는 조방해수탕의 해수에는 마그네슘, 브롬, 요드, 이온 등이 많이 함유되어 자율신경성 균형장애, 심장 혈관 계통 기능장애에 효과가 있으며, 항산화제들이 풍부하여 부신피질기능을 높여준다. 황토 찜질방의 황토 속에 있는 다양한 효소들은 독소 제거, 분해, 정화작용을 하며, 황토에서 발생하는 원적외선은 혈액순환을 활성화시켜서 신진대사를 강화하는 효과가 있다고 한다.",
1338947,삼락생태공원,자연공원,"삼락은 가장 넓은 둔치지역을 자랑하는 곳으로, 다양한 자연환경과 시민들을 위한 친수공간이 조성되어 있는 체육 및 휴식공간이다. 삼락생태공원은 과거 비닐하우스 경작지였던 곳을 1998년 사상구청에서 삼락둔치 상단부 일부에 운동장을 조성하였고, 2006년 부산시 낙동강둔치 재정비사업으로 겨울철새 먹이터로 이용하기 위한 친환경영농원, 물놀이장, 인라인스케이트장 등 체육시설과 습지를 복원하였다. 삼락생태공원은 크게 세 부분으로 볼 수 있는데, 첫째는 최상단부와 중앙 부분에 시민들을 위한 체육시설, 둘째는 상단부 쪽에 갈대 및 갯버들 군락의 커다란 자연초지와 곳곳의 산책로, 셋째는 하단부의 갈대습지 형성과 철에 많은 철새들이 찾아오는 곳으로 구성되어 있다.",
1805965,전포카페거리,도시지역문화관광,"부산 서면은 다양한 볼거리와 먹거리, 쇼핑거리가 있는 곳이다. 번화가인 서면 1번가 맞은편 쪽에는 아기자기하게 꾸며놓은 개성 있는 카페 30여 곳이 들어서 있는 조용한 분위기의 카페 거리가 있다. 원래 부전동과 전포동은 공구, 철물 등 산업용품 및 자재를 파는 가게들이 많던 공구상가 거리였으나 2010년 이후 많은 수의 아기자기한 카페들이 들어서면서 이색적인 카페거리로 불리고 있다. 대부분 개인이 운영하는 소규모 카페로 다양한 원두와 커피 맛을 느낄 수 있다.",
2605916,초량 이바구길,도시지역문화관광,"부산시 동구의 초량 이바구길은 부산의 역사와 문화를 담고 있는 테마 거리이다. 이곳은 일제강점기 부산항 개항을 시작으로 해방 후 피난민의 생활터였던 1950~60년대, 산업 부흥기였던 1970~80년대 부산의 모습을 고스란히 담고 있는 이야기의 보고다. 이바구길은 부산역 건너편에 자리한 부산 최초 물류창고인 남선창고 터에서 출발해 옛 백제병원 건물, 초량초등학교 담장에 설치된 이바구 갤러리, 우물터, 168 계단, 김민부 전망대, 당산, 망양로까지 이어져 있다. 이 중 김민부 시인의 전망대는 부산항을 조망하기 더없이 좋은 장소로 경치가 아름답기로 유명하다. 이바구길의 끝자락에 위치한 지상 2층 규모의 이바구공작소는 지역의 역사관 역할을 하며, 마을 자료관, 전망 데크 등을 운영하고 있다.",
2684712,흰여울문화마을,농산어촌체험,피난민들의 애잔한 삶이 시작된 곳이자 현재는 마을 주민과 함께하는 문화마을공동체 흰여울문화마을이 자리한 곳이다. 부산의 원도심 흰여울길은 봉래산 기슭에서 여러 갈래의 물줄기가 바다로 굽이쳐 내리는 모습이 마치 흰 눈이 내리는 듯 빠른 물살의 모습과 같다 하여 흰여울길이라고 이름이 지어졌다. 수많은 드라마 및 영화 작품의 촬영지로도 유명하다. 2011년 12월 공·폐가를 리모델링하면서 현재는 영도의 생활을 느낄 수 있는 독창적인 문화 예술마을로 거듭났다.,
2775570,칠암항,자연경관(하천‧해양),"칠암항은 야구 방망이와 글러브, 야구공을 형상화 한 야구 등대가 세워지면서 유명해진 곳이다. 야구팬이라면 한 번쯤 찾아가 볼 만한 곳으로 한국 야구사에 길이길이 남을 명승부였던 2008년 베이징 올림픽에서 금메달 신화를 만든 것을 기념하여 세운 이색 등대이다. 롯데 자이언츠의 무쇠팔 투수 故 최동원 선수를 기리는 추모관도 있다. 야구등대로 가는 방파제와 탐방도로도 잘 정비돼 있다. 참고로 하얀 야구등대 가까이 노란 등대와 빨간 등대도 있는데, 빨간 등대는 갈매기 등대, 노란 등대는 붕장어 등대로 불린다.",
2776386,묘관음사,종교성지,"묘관음사는 1943년 운봉(雲峯) 선사에 의해 창건된 이후 수행도량으로 자리매김했다. 일제강점기 암울하고 불행한 시기에 고통받는 중생을 제도하기 위한 일환으로 창건되었다. 일주문 계단에 올라서면 8각 9층의 구극탑과 대웅전이 보인다. 고리원자력발전소가 있는 기장에 지난 2012년 고리 원전 비리 사태 이후 평화와 안전을 기원하는 마음으로 황룡사 9층 목탑에 빗대어 조성하였다고 한다. 원자력의 평화적 이용, 개인의 부정(不正), 사회의 부조리 등의 악순환을 끊고자 하는 바람이 담겨있다. 또한 묘관음사에는 부산광역시 문화재자료로 지정된 탱화와 불자가 있으나 공개되고 있지는 않다.",
2788410,가야공원,자연공원,"가야공원은 가야산책공원이라고도 불리며, 인근에 서 씨(徐氏)들이 대대로 살아왔다고 하여 서 씨 공원이라고도 부른다. 산책로와 체력단련 시설, 벤치 등 각종 편의시설을 설치해 휴식과 체력단련을 함께 할 수 있는 공원이다. 2001년 3월 1일 세운 이종무 장군 쓰시마섬(對馬島) 정벌 기념비가 있다. 높이 2.5m, 기단 너비 59㎝의 크기로 재질은 오석(烏石)과 화강암이다. 하단부에는 ‘독도는 우리 땅, 대마도는 한국땅’이란 글이 새겨져 있다.",
2789280,온천천시민공원,도시공원,"온천천시민공원은 온천천의 강변에 조성된 자연 친화형 공원이다. 온천천은 금정산 범어사에서 발원해 금정, 동래, 연제 3개 구를 통과해서 흐르다가 수영 하수종말처리장 부근에서 수영강과 합류한다. 1998년 연제구에서 공공근로사업을 통해 자연 친화형 하천으로 복원하고 자전거 도로, 산책로가 만들어져 부산에서 유명한 길로 바뀌었다. 잔디밭과 6만여 그루의 수목, 45종 이상의 꽃들이 식재되어 있다. 계절별로 지역 행사가 다양하게 열리는 문화공간이다. 야생화 화단, 자연학습장 및 철새와 오리 떼, 숭어 떼 등 자연이 살아 있는 곳이다.

(출처 : 부산 연제구청 문화관광 홈페이지)",
126658,태종대,자연경관(하천‧해양),"부산 영도구 태종대는 아름다운 자연경관과 풍부한 역사적 의미를 가진 관광지이다. 이곳은 부산의 대표적인 명승지로, 기암괴석과 울창한 숲이 어우러져 독특한 경관을 자랑한다. 태종대에는 전망대가 있어, 멀리 바다를 바라보며 경치를 즐길 수 있다. 또한, 태종대 일대에는 다양한 산책로와 해안선을 따라 펼쳐진 길이 있어 관광객들에게 자연 속에서 힐링할 수 있는 기회를 제공한다. 이곳은 태종대 등대와 태종사와 같은 역사적인 유적지들도 있어 방문객들이 찾는 명소이다. 태종대에서는 다누비 열차도 함께 즐길 수 있어 아이와 가족과 함께 주말 나들이 장소로도 추천한다.",
2718728,성지곡수원지,자연경관(하천‧해양),"백양산(해발 642m) 기슭에 위치하고 있는 성지곡수원지는 어린이대공원 안에 자리 잡고 있으며 부산지역에 식수를 공급하기 위해 1909년 건립하였으나, 1972년 낙동강 상수도 공사가 완공되어 상수원으로서의 기능은 상실하였다. 성지곡수원지 주변으로 상록침엽수인 삼나무, 편백 등 각종 수목이 울창하게 조성되어 있어 도심 속 시민들의 휴식공간으로 자리 잡고 있는 곳이다.
사계절 수목이 우거진 성지곡수원지 주변에는 수원지를 끼고 순환하는 2.5㎞의 산책코스가 조성되어 있어, 언제나 시민들로 가득하다. 울창한 편백나무숲, 고즈넉한 호수, 그리고 피톤치드 가득한 산책로는 부산 시민이라면 누구나 추억 한 자락씩 간직하지 않은 이가 없을 정도로 예전부터 시민들에게 사랑받는 장소였다.",
2760809,송상현광장,도시공원,"부산 진구에 있는 송상현광장은 임진왜란의 동래성 전투를 이끌었던 송상현 장군을 기리기 위해 조성된 공원이다. 이곳은 모너머 고개로 불리던 곳으로 부산의 외부와 내부가 나뉘는 경계선이었다. 현재는 도심 한가운데 자리 잡은 공원으로, 이곳을 들르는 사람들에게 잠시 쉬어갈 수 있는 공간을 제공한다. 넓은 공간으로 모임, 야외공연, 전시, 산책, 행사 등 다양한 활동을 할 수 있으며, 행사 관련 일정은 송상현 광장 홈페이지에서 자세히 볼 수 있다. 공원 전용 주차장이 있지만 협소하여 주말이나 공휴일에는 근처 시민공원 주차장을 이용하는 방법도 있다.",
1046349,서면1번가,도시지역문화관광,"부산 부산진구 서면 1번가는 옛폭 8m, 길이 330m 구간으로 서면에서도 가장 번화한 거리이자 예술의 거리로 유명하다. 서면 1번가를 표시하는 대형 입간판을 중심으로 주점, 카페가 밀집해 있다. 화려한 네온사인을 밝힌 주점들과 먹거리 골목을 안고 있는 이곳의 분위기는 매우 흥겹다. 젊은 분위기의 카페와 호프집 그리고 값이 싸고 맛있는 음식점들이 즐비해 있어 언제나 젊은이들의 발길이 끊이지 않는다. 또한, 영화관, 공연장, 게임장 등 여가를 즐길 수 있는 위락시설이 가득하다. 서면 1번가 거리에서는 봄과 가을에 특설무대를 만들어 축제를 여는데 젊은이들이 좋아하는 다양한 공연을 펼쳐 한층 더 젊음의 열기가 넘쳐나는 명소가 되고 있다. 주말에는 아마추어 거리악단의 공연과 초상화 그리기, 연극 등 다양한 장르의 문화행사가 펼쳐져 국내 및 해외 관광객들이 많이 찾는 곳이기도 하다.",
2661446,아미르공원,도시공원,"아미르 공원은 1990년 말 부산항 북항 개발과정의 준설토를 매립하여 조성된 동삼 혁신도시 내 공원으로서, 지역개발을 염원하는 주민대표인 ‘동삼혁신지구발전대책위원회’의 지속적 관심과 노력으로 2012년 7월 탄생하였다. 영도구 국립해양박물관 옆에 위치한 아미르 공원은 넓은 잔디공간에 탁 트인 바다를 감상할 수 있고, 여름에는 수국이 만개하여 화려한 수국길을 걸을 수 있는 곳이며, 길이 600m, 폭 38m 규모의 공원으로 많은 시민들이 찾는 힐링공간이다.",
2755657,장미원,도시공원,장미원은 장미의 계절이라고 불리는 5월에 가장 아름다운 장미 공원이다. 도심 속에 아기자기하게 자리 잡은 장미원에서는 다양한 색상과 종류의 장미들을 한꺼번에 구경할 수 있어 장미의 매력을 제대로 느낄 수 있다. 예쁜 연못과 분수도 갖추고 있어 시원한 조경도 감상할 수 있고 산책로도 잘 조성되어 있어 장미꽃 향기 속에서 기분 좋은 산책을 즐길 수 있다. 곳곳에 장미와 함께 어우러져 추억을 남길 수 있는 포토존도 마련되어 있어 사진을 남기기도 좋다.,
2782658,오시리아 해안산책로,기타자연관광,오시리아 해안 산책로는 탁 트인 바다와 중간중간 멋스러운 풍경을 바라볼 수 있는 쉼터가 잘 갖추어져 있어 아이들과 함께 걷기에도 좋다. 계절마다 피고 지는 다양한 야생화와 그림 같은 해안 절경을 따라 걷다 보면 어느새 소나무가 우거진 숲으로 이어진다. 울창한 소나무 숲이 한낮의 뜨거운 햇살을 가려줘 여름에는 더위를 잠시 피할 수도 있다. 소나무 사이로 들리는 파도 소리도 몸과 마음을 시원하게 해 준다. 해안산책로 한편에는 부산 동쪽 바다를 지키는 용왕을 모신 사당인 용왕단도 자리해 눈길을 끈다. 깎아지른 절벽 위에 세워져 웅장하면서도 경건한 분위기를 풍긴다. 용왕단이 바라보이는 자리에 흔들의자도 세워져 산책의 색다른 재미를 더한다. 이곳 산책로는 지난 2019년 대한민국 조경대상에서 문화체육부 장관상을 받기도 했다.,
126674,해운대 달맞이길,기타자연관광,"해운대는 부산 해운대구 동쪽 바닷가에 있는 동백[冬柏] 섬을 지칭하지만 오늘날에는 ‘달맞이길’이라 불리는 해안선 일대와 언덕을 포함한 곳을 말한다. 부산의 몽마르트라고도 불리는 달맞이길은 예로부터 푸른 바다, 백사장, 동백숲, 소나무숲이 어우러진 절경으로 이 지역을 대표하는 명소이며 부산팔경[釜山八景]의 하나이기도 하다. 해운대 달맞이 고개와 청사포[靑沙浦]에서 바라보는 저녁달은 운치가 있다고 하여 대한팔경에 포함시켰다. 해운대해수욕장을 지나 송정해수욕장으로 향하는 길목은 ‘15곡도[曲道]’라고도 하며 드라이브 코스를 형성하고 있다. 이곳에서는 특히 정월 대보름날에 달빛과 어우러진 바다의 정취를 마음껏 즐길 수 있다. 또한 길목 중간 부분에는 달맞이동산이 조성되어 있다. 이곳에는 자연석으로 건립된 동산비가 있고 특히 달맞이 정자 해월정[海月亭]은 옛날 정자식으로 건축되어 고풍스러운 분위기가 운치를 더하고 있다.",
486553,혜원정사(부산),종교성지,"혜원정사의 창건은 1925년 일제강점기 때이며, 당시 부근 마을에 살고 있던 김덕만 노인이 땔감나무를 하러 이곳 산에 왔다가 옛 절터를 발견하고 부인 김순임과 함께 이곳에 작은 사찰을 건립하게 되었다. 이들은 가산을 털어 금동부처 한 분을 조성하고, 3칸 목조기와 금당을 건립하여 30여 년간 머물렀고, 그 이후 자손들이 이 사찰을 10여 년간 계승 유지하다가 뿔뿔이 흩어져 폐사되었다. 
고산 스님이 1975년 사찰터 물색차 답사하던 중 묘봉산 기슭에 자리 잡고 있는 옛 절터를 발견하고, 이곳에 사찰 재건을 시작하여 오늘날의 혜원정사가 창건되었다. 
혜원정사의 ‘정사’는 사찰을 의미하는 명칭이며, 떠돌며 수행하던 스님들이 한 곳에 모여 안거 하며 정진하는 곳을 말하고, 수행에 힘쓰는 사람들이 머무르는 곳이라는 뜻이 있다. 혜원은 지혜의 동산이며, 불교를 배워 깨달음을 찾는 이가 반드시 닦아야 할 3학 즉 계[戒], 정[定], 혜[慧]를 이루는 불교 수행의 동산을 의미한다. 
혜원정사를 창건한 고산 스님께서 강조하시는 육화정신을 바탕으로 불교대학, 시민선방, 고산장학회 등을 운영하고 있으며, 많은 신행단체들이 부산지역 포교와 불교의 대사회적 소임을 다하고 있으며, 현재는 고산 스님의 제자이신 원허스님께서 주지를 맡아 적극적인 수행과 포교의 중심 사찰로서 나날이 발전해 나가고 있다.",
2487931,화명생태공원,자연공원,"화명생태공원은 낙동강 좌안 북구 구포동 제2낙동강대교에서 금곡동 대동화명대교까지의 둔치 지역으로 낙동강 하구 둔치 중 면적은 가장 작다. 화명 신도시와 인접하고 있어 주민들의 접근성이 좋아 야구장, 축구장을 비롯하여 테니스장, 농구장, 인라인 스케이트장 등 체육시설(11종 38면)을 고루 갖추고 있다.  또한 최하단부에 연꽃습지, 수생 식물원과 산책로, 데크는 휴식과 자연 체험을 하기에 좋으며 수상레포츠타운, 야외수영장, 화명선착장 등이 갖추어져 있어 다양한 수상 레저를 즐길 수 있는 공간이다.",
2789678,금정산성 막걸리,기타체험,"부산의 대표 전통주 금정산성막걸리를 만드는 양조장으로 대한민국 최초 막걸리분야 식품 명인이 만든다. 해발 400m 금정산 기슭의 기후와 맑은 물, 직접 만든 500년 전통의 족타식 누룩이 빚은 막걸리이다. 유래는 조선시대로 거슬러 올라가며 전통양조방식을 그대로 따라 전국의 막걸리 중 유일하게 향토 민속주로 지정되었다. 막걸리는 온, 오프라인 매장에서 판매되고 있으며 현장에서 구매할 경우 할인 혜택을 받는다. 5인 이상의 단체가 예약하면 현장 견학은 물론 양조장에서 직접 누룩 딛기와 빚기, 막걸리 빚기, 막걸리 거르기 등의 체험을 해볼 수 있다.",
126080,송정해수욕장,해수욕장,"송정해수욕장은 달맞이 길을 따라 해월정과 벚꽃단지를 지나서 만날 수 있다. 백사장 길이는 1.2㎞, 폭 30~60m, 면적 54,000㎡이며 규모가 큰 편이다. 송정해수욕장은 부드러운 모래와 완만한 경사, 얕은 수심으로 가족들과 어린이들이 해수욕하기 좋아 가족 휴양지로 나날이 인기를 끌고 있다. 해수욕장 입구에 위치한 죽도에는 울창한 송림과 휴식공간이 마련되어 있고 해마다 기원제가 열리며 우리 고유의 정자 양식인 팔각정모양의 송일정도 운치를 더해준다. 해안을 따라 자연산 회를 취급하는 횟집이 늘어서고 있고 해안 끝 광어골에는 외식문화 거리가 조성되어 있어 또 다른 별미를 맛볼 수 있다. 또한 해마다 대보름 미역축제와 송정해변축제, 송정죽도 문화제 등 많은 행사가 열리고 있다.",
1940193,신선대(부산),자연경관(하천‧해양),"신선대는 화산암으로 된 해안이 파도의 침식을 받아 형성된 곳으로, 산봉우리의 무제등이란 큰 바위에 신선과 신선이 탄 백마의 발자취가 있다는 설에서 이름이 유래되었다. 
신라시대 최치원 선생이 이곳에서 풍류를 즐겼다고 하며, 신선이 노는 풍악소리가 들렸다고 전해질 만큼 풍경이 빼어난 곳이다. 
1797년 10월 영국의 해군탐사선이 이곳에 방문하여 8일간 체류하였는데, 200년 후인 1997년 정상 부근에 이를 기념하는 한영 첫 만남비가 세워져 있다. 1972년 부산광역시 지정문화재 기념물 제29호로 지정되었으며, 산 정상인 무제등에 오르면 부산항과 영도, 조도, 오륙도가 있는 탁 트인 바다를 바라보기 좋은 곳이다. 인근에 무제등 소공원도 조성되어 있다.",
2715654,죽성항,자연경관(하천‧해양),"죽성항은 부산의 다른 항구에 비해 아주 소박하고 작은 편에 속한다. 항구 주변으로는 집들이 흩어져 있으며 담벼락에 고기잡이 그물이 걸려 있는데 70~80년대 어촌 마을 분위기를 연출한다. 항구 곳곳에는 멸치를 말리는 모습이 흔하고 조그마한 방파제에는 작은 선박이 정박해 있다. 죽성항 해안에는 동화 같은 느낌의 죽성성당이 보인다. 실제 성당은 아니고 드라마 드림세트장이다. 죽성항의 명물로 언제나 관광객의 발길이 끊이지 않는다. 
죽성항 입구에 위치한 황학대는 기장오대(機張五臺) 중의 하나로, 기장과 인근 지역 선비들이 풍류를 즐기며 시상을 떠올리던 곳으로 전한다. 1618년 고산 윤선도가 경원에서 이곳 죽성으로 이배 되어 와 6년간이나 유배 생활을 하면서 시‧ 서‧제문 등 29수를 남긴 곳으로 전해진다.",
126079,다대포해수욕장,해수욕장,"낙동강과 남해안이 만나 양질의 모래밭을 만든 곳, 일출과 일몰 조망지이다. 대포해수욕장은 자연이 주는 황홀경을 맘껏 즐길 수 있는 기분 좋은 장소이다. 다대포 해수욕장의 희고 고운 모래는 오랜 풍화작용 덕에 매우 부드러운 것이 특징이다. 또한 다대포해수욕장은 수심이 얕고 수온이 차지 않아 아이들이 놀기에 적격이다. 최근에는 패들보드나 카이트보딩 등 해양스포츠를 즐기는 사람들로 사시사철 활기가 넘치는 곳이다. 다대포해수욕장에 해변공원과 생태탐방로가 생기고 난 후 이곳을 찾는 사람들이 훨씬 많아졌다. 해수욕장 입구에 드넓은 광장이 펼쳐지고 세계 최대 규모를 자랑하는 꿈의 낙조 분수와 함께 해변공원이 시작된다. 꿈의 낙조분수는 화려한 조명과 음악이 춤을 추는 분수와 어우러져 장관을 연출한다. 4월 말부터 10월까지 정기적으로 펼쳐지는 화려한 분수쇼가 아름다운 것으로 유명하다.

◎ 한류의 매력을 만나는 여행 정보 - 드라마 
송중기와 천우희 주연의 드라마 에서 성제연과 선우해가 노을이 지는 바닷가를 함께 거닐다, 제연이 선우해에게 고백하는 장면의 배경이 바로 이곳이다. 붉게 물든 하늘과 잔잔한 파도가 어우러진 해변 풍경은 보는 이로 하여금 절로 감탄을 자아내며, 드라마 속 감정을 더욱 깊이 있게 전해준다.",
126799,민락수변공원,도시공원,"민락수변공원은 부산 수영구 민락동에 위치한 아름다운 해변 공원이다. 이곳은 광안리해수욕장과 인접해 있어 바다의 경관을 즐기며 산책할 수 있는 최적의 장소이다. 공원 내에는 넓은 잔디밭과 산책로가 잘 조성되어 있어 가족 단위 방문객이나 연인들이 여유로운 시간을 보낼 수 있다. 또한, 민락수변공원은 야경이 아름다워 특히 광안대교와 바다의 조화를 즐기기에 좋은 곳이다. 근처에는 카페와 레스토랑도 있어 바다를 바라보며 식사를 즐길 수 있다. 자연과 도시가 어우러진 이 공원은 부산의 대표적인 휴식처로 지역 주민뿐만 아니라 관광객들에게도 인기 있는 명소이다.",
2758477,신평소공원,도시공원,"바위에 부서지는 파도 소리 들으며 거닐 수 있는 수변공원인 신평소공원은 작고 아담한 규모의 공원이지만 리드미컬한 해안선, 암초와 갯바위, 빨간 등대들이 조화를 이루는 곳이다. 해변 위에 놓인 데크길은 부산을 대표하는 산책로인 갈맷길 중 일부다. 공원 중앙에 위풍당당하게 배 한 척이 자리 잡고 있다. 이곳 편하게 쉴 수 있는 정자도 있고, 식사하고 커피 한잔하면서 머물다 가도 좋고, 어린이들과 고동, 꽃게 등을 찾는 재미도 누려볼 수 있다. 신평소공원 뱃머리는 연인들의 타이타닉샷 스폿으로 유명한 곳으로 인증숏을 남기기에도 좋은 장소이다.",
2776998,석탑사,종교성지,부산 기장군 정관 신도시가 내려다보이는 백운산 자락에 있는 석탑사는 도심 속 여유와 휴식이 필요할 때 찾을 수 있는 사찰이다. 원효대사와 의상대사가 정관읍 용수리 덕전마을을 지나다 동해에서 비치는 광명 속에 계시던 미륵부처님을 보고 백운산 가장 높은 봉우리에서 수도하였다는 것이 석탑사의 전설이다. 3층 석탑이 반기는 석탑사에서는 불교 기초교리 강좌와 경전 강좌를 진행하고 있어 부처님의 지혜와 자비에 대한 이해를 높일 수 있다. 작은 절이지만 파란 하늘을 향해 우뚝 솟은 소나무의 정기에 힘을 얻을 수 있다.,
2663155,죽성드림세트장,기타체험,부산 기장군 죽성리에 위치한 죽성성당은 2009년 SBS 드라마 을 촬영하기 위해 지어진 드라마 세트장이다. 오래전 방영된 드라마는 잊혔지만 잘 만들어진 이 공간만큼은 기장을 찾는 여행객의 필수 코스라고 할 정도로 명소가 되었다. 성당 내부는 갤러리로 운영되고 있어서 운 좋게 전시일정과 겹친다면 뜻하지 않은 볼거리를 경험할 수 있다. 작은 어촌마을에 위치한 지리적 특성 덕분인지 남다른 분위기를 간직하고 있다. 중세시대의 어느 바닷가 마을을 그대로 옮겨 놓은 것 같은 풍경은 마치 한 폭의 그림 같다. 바위 위로 부서지는 하얀 포말은 성당의 붉은 지붕과 대비되어 이곳을 찾는 이들의 시선을 한눈에 사로잡는다. 죽성성당에서 가장 많은 이들이 줄을 서서 기다리는 곳은 마치 액자의 프레임을 그대로 옮겨 놓은 듯한 포토존이다. 액자 속으로 들어간 푸른 바다와 하늘이 더없이 아름다운 배경을 만들어 준다.,
2787164,하리선착장(부산),자연경관(하천‧해양),"부산에 있는 40개의 섬 중에 가장 큰 섬인 영도에 있는 하리항에는 하리선착장과 하리방파제가 있으며 하리항 일대가 2020년도 어촌 뉴딜 300 사업 최종 대상지로 선정되었다. 하리선착장에서 배를 타고 가면  부산시 수협 동삼 어촌계가 운영하는 휴게 시설과 화장실 등을 갖춘 유어장(좌대) 해상 낚시터 4동이 유료로 운영되고 있으며 100여 명이 한 번에 이용할 수 있다. 출항 시간과 철수 시간을 미리 숙지하고 이용해야 한다. 벵에돔, 감성돔, 쥐치, 놀래기 등 다양한 어종이 잡혀 전국 낚시인에게 입소문이 자자하다.",
1939570,임랑해수욕장,해수욕장,"임랑해수욕장은 부산 기장군에 위치한 곳이다. 이곳은 백설 같은 백사장, 즉 모래사장이 1㎞ 이상 넓게 깔려 있다. 백사장 주변에는 노송이 즐비하여 병풍처럼 푸른 숲을 이루고 있다. 이에 따라 옛사람들도 이곳 임랑천의 맑은 물에서 고기잡이하면서 놀다가 밤이 되어 송림 위에 달이 떠오르면 사랑하는 님과 함께 조각배를 타고 달구경을 하면서 뱃놀이를 즐겼다고 한다. 오늘에 와서는 이곳을 아름다운 해수욕장으로 단장하였다. 해수욕장은 여름에 지역의 주민과 외지인들에게 즐거운 휴식의 장소로 알려져 있다. 이곳에는 해수욕장뿐만 아니라 인근의 자연산 횟집들이 즐비하고 있어 언제든지 방문하여도 자연의 아름다움과 맛의 멋을 즐길 수 있다.",
1945300,유치환 우체통 전망대,역사유물,"부산 동구 초량동 산복도로에 있는 전망대로 청마 유치환 시인의 예술과 문학정신을 기리고자 이곳에 우체통을 설치하였다. 전망대는 2016년 8월에 개관했으며 1년 뒤에 배달되는 느린 우체통을 운영하고 있다. 유치환 작품 전시 갤러리 및 부산 청년 작가 미술품을 전시하고 있으며, 원하는 LP를 골라 신청곡을 들을 수 있는 공간도 있는 매력적인 곳이다. 부산 경남여고 교장을 2차례 지내고 동구에서 생을 마감한 청마 유치환을 기리며 부산항을 한눈에 전망할 수 있는 관광명소이다. 전망대는 1층과 2층, 옥상으로 나뉜다. 1층은 계단식 야외공연장, 사방이 통유리로 설계된 2층은 89.54㎡ 규모로 미술 전시용으로 사용하고 있다.",
127974,을숙도 공원,자연공원,"을숙도 공원은 하단과 명지를 잇는 도로를 기준으로 하단부의 을숙도 철새공원과 상단부의 을숙도 생태공원으로 구성되어 있다. 을숙도철새공원은 문화유산보호구역(낙동강하류철새도래지) 내 을숙도의 하단부에 위치하고 있다. 과거 을숙도는 경작지, 분뇨처리장, 쓰레기매립장, 준설토적치장 등으로 이용되던 곳으로 1999년 을숙도생태공원조성기본계획을 통해 3단계에 걸쳐 을숙도 습지복원사업을 진행하여 2005년 완료하였고, 2009년 일부 습지의 기능을 개선하기 위한 습지확대개선사업이 추진되어 현재 습지모습이 완성되었다. 을숙도철새공원은 낙동강하구 철새도래지와 낙동강하구 생태관광의 중심지역의 역할을 하고 있다. 특히 복원된 습지에는 겨울철 많은 철새가 찾아와 장관을 이룬다. 낙동강하구에코센터에서는 낙동강하구의 다양한 정보와 하구를 터전으로 살아가는 식물, 저서생물, 어류, 조류, 포유류 등에 대한 전시와 해설을 들을 수 있다. 에코센터에 속해있는 야생동물치료센터는 부상당한 야생동물을 구조, 치료, 재활하는 곳으로 중요한 역할을 하고 있고 낙동강하구 탐방체험장에서는 다양한 교육체험 활동을 통해 낙동강 하구와 생태계에 대한 이해를 증진시킬 수 있다. 을숙도생태공원은 을숙도의 상단부에 위치하고 있는 공원으로 1983년 하굿둑 조성사업을 위해 일부 구역이 문화유산보호구역에서 해제되어 주차장, 광장, 체육시설, 건물 등 편의시설이 들어섰으며, 4대강 사업을 통해 수자원공사의 낙동강준설토 적치장으로 이용되던 을숙도 상단부를 생태공원으로 조성하였다.",
2715601,가덕도,자연경관(하천‧해양),"가덕도는 보개산이 바다 가운데 침몰되었다가 다시 솟아서 이루어졌다는 전설이 있는 부산 최대의 섬이다. 섬에는 해안선을 따라 동북쪽으로 눌차, 동선 사이를 이어주는 주변 백사장과 바닷가의 경관을 볼 수 있다. 또한 동남 쪽으로 대항 새바지의 넓은 자갈밭과 용두암을 시작으로 펼쳐지는 동백숲과 아동섬일대와 동두말, 가덕도 등대 주위의 깎아지른 듯한 기암괴석, 그리고 서남쪽으로 돌아 외양포 해수욕장, 두문의 길게 뻗은 솔섬, 천수말 코바위 등 가덕도는 해금강 절경을 방불케 한다. 가덕도는 역사의 섬이다. 선사시대부터 사람이 살기 시작하였고, 국토의 최남단에 위치하여 일본의 침략이 잦았던 곳으로 조선시대에는 군사기지와 곳곳에 성을 축조하였으며 병기를 만들던 곳집이 있었다고 한다. 일제강점기에 왜군이 외양포에 만든 군사기지와 인공동굴 등 아픈 역사의 현장을 남기고 있다.",
2729918,용소웰빙공원,도시공원,"용소웰빙공원은 논밭이 있던 곳에 주택단지가 들어서면서 용도를 다한 저수지를 공원화하는 사업을 진행하며 탄생했으며, 2008년 대한민국 조경대상 장관상을 받은 공원이다. 사계절 내내 자연풍을 느끼며 숲길 산책을 하기에 좋고, 저수지의 잔잔한 물결을 바라보며 휴식하기에도 좋다. 숲으로 아늑하게 둘러싸인 아담한 호수와 다양한 수생식물을 전망대에 올라 바라보면 지친 일상도 잊게 만들어준다. 산책로를 따라 호수를 한 바퀴 도는데 약 30분 정도가 걸리며, 벤치와 흔들의자, 정자, 운동기구 등 휴식공간과 편의시설이 구비되어 있어 많은 주민들에게 사랑받고 있는 공원이다.",
2744553,대항전망대,랜드마크관광,대항전망대는 부산 강서구 가덕도 천성에서 대항마을로 가는 중간에 있다. 남기남 작곡가의 '내 고향은 가덕도' 노래비와 함께 박상호의 '대항전망대에서 바라본 낙조'라는 시비가 서있다. ‘연대봉 산허리에 실안개 휘감기면 등댓불도 수줍어서 깜빡깜빡 웃고 동백꽃 아름다운 내 고향은 가덕도… 대항포 앞바다에 숭어 떼 춤을 추면 신이 난 어부들이 바쁘다’는 가사와 넓은 바다를 향한 꿈과 희망이 비등하고 숭어들의 밀어와 갈대숲의 연가도 어우러진다. 이곳은 가덕도의 숨은 보석 낙조 풍경을 감상할 수 있는 명소로 알려져 있다.,
2785960,대항선착장,자연경관(하천‧해양),"부산 가장 남쪽에 위치한 대항선착장은 부산에서 가장 큰 섬 가덕도 안에 있다. 남해 바다와 접해 있고 여러 산이 연결되어 있어 부산 올레길인 갈맷길 5-2 코스로 트레킹을 하기도 좋다. 대항이라고 하면 으레 ‘큰 항구’라고 생각하기 쉽지만, 사실은 ‘커다란 목’이라는 뜻이다. 가덕도 연대산 정상에서 내려다보면, 바닷물이 들어오는 큰 물목의 형상이 나타나는데, 이 ‘목’을 뜻하는 한자인 ‘항[項]' 자를 써서 ‘대항’이라고 부른다. 대항선착장 근처 대항동 일대는 러일전쟁부터 태평양전쟁까지 일본군이 무려 41년간 군사 요새를 구축하고 주둔하였던 곳이다. 일본군이 조선인들을 강제로 징용해서 만든 인공동굴은 현재 관광자원으로 개발되었지만, 일제강점기 당시 아픈 역사의 흔적들이 남겨져 있다.",
2788826,외양포항,자연경관(하천‧해양),"부산광역시에서 가장 큰 섬인 가덕도의 남쪽 끝자락에 있는 대항마을 외양포이다. 가덕도는 면적이 21.073㎢의 규모이며 해안선 길이는 36㎞이다. 지명의 유래는 예로부터 섬에 더덕이 많다 하여 이름을 붙였다고 한다. 가덕도는 천가산의 연대봉(459.4m), 국수봉(269m)을 중심으로 산지가 많은 섬이다. 아동섬과 동두말 가덕도 등대 주변에 절벽과 기암괴석 그리고 서남 쪽의 외양포 해수욕장과 솔섬 천수 말코바위가 아름다운 풍광을 자랑한다. 가덕도는 아픈 역사가 남아 있는 지역이다. 일제강점기 조용한 어촌마을이었던 가덕도 외양포 마을은 일본군 진해만 요새 사령부가 들어와 주민들을 모두 쫓아내고 외양포 마을 전체를 일본군 병영으로 만들었다. 일본군의 포진지 터와 군부대의 흔적들이 아직도 마을에 남아 있다.",
127150,삼광사,종교성지,"대한불교천태종 삼광사는 고려시대에 개창된 천태종의 옛 전통을 잃지 않고 답습하여 역사성을 고스란히 간직하고 있는 이 땅의 불교전통문화와 기도수행을 간직하고 있는 도량이다. 삼광사는 오랜 역사 속에서 연면(連綿)히 이어 온 천태교관의 역사성과 전통을 근간으로 창건된 천태종의 대표사찰이며 상월원각대조사님의 ‘새불교운동’을 바탕으로 애국불교·생활불교·대중불교를 실천수행하는 일심청정 관음기도 정진도량이다. 가람은 대웅보전, 대조사전, 지관전, 지장전, 극락전, 약사전, 범종각, 법화삼매당, 오십삼존불 팔면구층 대보탑, 일주문 등으로 배치되어 있다.  삼광사 신도회는 17개 지회와 20여 신행단체, 금강불교대학, 초·중등학교과정인정 정식교육기관인 삼광한글학교, 삼광다도대학, (사)천태복지재단 부산지부, (사)나눔광장, 템플스테이 등의 산하단체로 대승보살도 수행을 실천하고 있다.",
1960614,부평족발골목,도시지역문화관광,"오랫동안 부두 노동자들의 식탁을 책임져 온 부산은 다른 도시보다도 영양가 풍부한 돼지고기 음식이 다양하게 잘 발달한 곳이다. 부산에 와야 제맛을 볼 수 있는 돼지국밥을 시작으로 돼지갈비, 돼지두루치기, 돼지감자탕 등 다양한 돼지고기 음식들이 즐비하다. 그중에서도 40년 넘도록 부산 시민의 입맛을 사로잡은 음식은 족발이며, 부평동에는 돼지족발집 간판들이 즐비한 족발 골목을 만날 수 있다. 족발 골목은 국제시장 사거리부터 부평교차로에 걸쳐 영업하고 있으며, 1980년대 조그마한 가게 한 군데에서 시작된 족발집이 집단으로 형성되어 운영되어 오고 있다.",
2487927,맥도생태공원,자연공원,"맥도생태공원은 낙동강하구둑부터 공항램프까지 하천 내 자연적으로 형성된 둔치지역이며, 낙동강하구 천연기념물으로 지정된 지역이다. 이곳은 과거부터 벼농사 등의 농경지로 이용되어 아직까지 겨울철새의 먹이터 겸 쉼터로 관리되도록 하였다. 겨울철새에 대한 배려 이외에도 생태공원의 특징을 살려 갈대밭, 연꽃단지, 수생식물원 등을 조성하여 시민들의 볼거리를 만들었고, 그밖에 각종 체육시설과 휴게시설이 구비되어 있다.",
337442,연등사(부산),종교성지,"부산광역시 동구 좌천동에 있는 대한불교 조계종 소속의 사찰이다. 부산 지하철 1호선 좌천역, 부산진역 등과 가까운 도심 속 사찰로 찾는 이가 많다. 불가에서 연등은 무명을 밝혀 지혜를 얻는 상징이다. 사찰명에 연등을 쓰는 경우는 드물어서 그 옛날부터 불심이 깊은 곳임을 알 수 있다. 안타깝게도 연등사의 창건 시기나 유지에 관해 전해지는 기록은 없으나 1860년대 무렵 한 스님이 지금의 자리를 보고 팔금산의 정기가 고루 맺혔다 하여 초암을 짓고 포교에 나선 것에서 사찰이 비롯됐다고 하는 이야기가 동네 어른들의 입을 통해 정해진다. 1882년 승려 덕산이 주석하면서 지금의 대웅전과 삼성각, 요사채 등을 짓고 연등사라 불렀다. 연등사 내에는 20세기 초 조성된 것으로 보이는 소조 아미타불 좌상, 관음보살 좌상, 대세지보살 좌상과 조선 후기 조성한 것으로 보이는 목조 관음보살 좌상, 석조 지장보살 좌상을 비롯해 지장탱, 신중탱, 칠성탱, 부산광역시 문화유산으로 지정된 연등사 영산회상도 등의 탱화가 있다. 그밖에 석조 나한상 1점과 동종, 2개의 석탑을 볼 수 있다.",
2791383,에코델타시티 전망대,랜드마크관광,"에코델타시티는 우수한 광역 교통 체계와 지정학적 위치를 활용한 거점지역 육성으로 부산권 경제 활성화 및 미래 신성장 동력을 구축하기 위해 조성했다. 고품격 친수 주거환경과 주거·상업·업무·예술·문화가 어우러지는 복합 수변공간 조성으로 하천 중심의 다양한 미래 여가·문화공간을 제공한다. 복합 물류·산업 중심 글로벌 거점 도시를 조성하기 위해 부산광역시, K-water, 부산도시공사가 공동으로 참여해 건설했다.",
2997123,오방맛길,도시지역문화관광,"부산 연제구 연산교차로에 위치한 오방맛길은 상권르네상스사업 추진을 통해 도시 인프라 구축 및 환경개선사업으로 MZ세대와 가족단위 방문객이 찾는 활력 넘치는 복합문화상권으로 자리 잡았다. 다양한 음식을 맛볼 수 있는 맛집이 즐비해 있으며, 문화 콘텐츠 확산과 축제로 상권의 정체성과 매력을 강화하면서 관광객들의 발길을 잡고 있다. 가까운 곳에 온천천과 배산 숲길이 있어 함께 둘러보기도 좋다.",
128828,부산 올림픽동산,도시공원,"부산 올림픽동산은 제24회 서울올림픽 요트경기를 수영만에서 개최한 것을 기념하기 위해 조성되었다. 올림픽동산은 야외조각공원, 자전거 놀이마당, 잔디광장, 자동차 야외극장, 산책로 등 다양한 문화시설이 있어 부산 시민들의 휴식처로 사랑받고 있다. 요트경기장을 중심으로 하여 주변에는 길게 연결된 산책로가 있으며, 산책로를 따라 가지각색의 조형물이 자리한 야외조각공원이 있어 다양한 조각품 등을 감상할 수 있다. 그리고 넓은 잔디광장 안에 드문드문 심어져 있는 울창하고 큰 나무 그늘아래 한가로이 휴식을 취할 수 있다. 또 공원 안에는 자전거도로가 있어 관광객뿐만 아니라 부산 시민들도 많이 이용하고 있다.",
1608716,온정개건비,역사유물,"온정개건비는 온정(온천)을 대대적으로 고쳐 쌓은 동래부사 강필리의 공로를 기리기 위해 1766년(영조 42)에 세운 비석으로 비문은 송광적이 썼다. 화강암으로 만들어진 비는 높이 144㎝, 폭 61㎝이며, 머릿돌을 따로 두지 않고 몸돌과 받침돌로 구성되어 있고 비석 앞에 돌로 만든 욕조가 남아있다. 동래온천에 대한 최초의 기록은 『삼국유사』에 등장하며 신라의 재상 충원공이 이곳에서 목욕을 하고 돌아갔다고 전해진다. 『신증동국여지승람』에는 온천의 물이 계란을 익힐 만큼 뜨거웠으며 병자가 목욕을 하면 잘 나아 신라의 왕이 여러 번 찾았다는 기록이 있다. 비문에 따르면 1691년(숙종 17) 돌로 두 개 탕을 만들었고 이후 건물이 낡아 탕이 막힌 것을 동래부사 강필리가 다시 고쳐 짓고 남탕과 여탕을 구분한 9칸짜리 건물을 지었는데 그 모습이 상쾌하고 화려하여 마치 꿩이 나는 것과 같다고 적혀 있다. 현재 비석이 있는 자리는 1960년대까지 부산시에서 온천수를 뽑아 올리던 곳으로 용왕신을 모시, 매년 음력 9월 9일 제사를 지내는 용각이 함께 남아있다.",
2788827,울림공원,도시공원,"울림공원은 수백 년의 역사를 가진 명지 지역의기존 마을이 명지 국제 신도시 조성에 편입되면서 마을의 흔적을 남기기 위해 조성된 기념공원이다. 공원 안에 어린이들이 뛰어놀 수 있는 놀이터가 있는데, 여름에는 물놀이까지 가능하다. 명지 울림공원 내 유수지 스탠드에 일로 미아 트리와 미니 달 벤치를 설치해 별빛 산책이란 주제로 관광객들이 이용할 수 있는 명소를 조성하였다. 별빛 산책은 LED 조명으로 나무와 걸터앉을 수 있는 달을 만들어 야간에 포토존으로 활용해 명지 울림공원을 이용하는 관광객들에게 즐길 거리를 제공한다.",
2789340,명지동근린공원,도시공원,"명지동 근린공원은 명지오션시티에 있는 도심 공원이다. 인근에는 주차장, 축구장, 잔디광장, 운동기구 등이 있으며 어린이들이 가족과 놀기 좋은 유아숲 체험원도 있다. 유아숲 체험원에는 어린이들이 자연 놀이를 할 수 있는 여러 가지 체험 시설이 있다. 여름이면 물놀이를 즐길 수 있는 시설을 운영하기도 한다. 공원의 맞은편에 강서 기적의 도서관이 있고 주차장이 넓어 편리하게 이용할 수 있다.",
127771,수영사적공원,도시공원,"수영공원은 조선시대 남해안의 4 군영을 관할했던 수군 총괄 군영인 경상좌도 수군절도사영이 있었던 자리로서 현재는 성은 없어지고 성지 관련 유적만 수영공원에 남아 있다. 공원 안에는 경상좌수영성 남문 유형문화유산, 기념물, 무형유산, 비지정 국가유산 등이 있으며 이를 보존하고 관리하는 수영민속예술관이 있다. 왜인들에게 독도가 우리 땅임을 확약받아온 안용복장군 사당과 충혼탑을 비롯하여 송 씨 할매당, 조 씨 할아버지당 등 수영 사람들의 혼이 깃들어 있는 역사와 교육의 장으로 부산의 민속을 한자리에서 볼 수 있는 대표적 문화유적 공원이다. 역사적 상징성을 가진 유적공원이지만 시민들의 가벼운 산책공간으로 더 친근하며, 나무가 우거진 시원한 오솔길은 도심 속 힐링 장소로 손색이 없는 곳이다.",
2748838,대저수문 생태공원,자연공원,"서대저수문 생태공원은 낙동강이 시작되는 대저수문 근처에 조성된 생태공원이다. 잔디마당을 비롯해 하천숲, 체력단련장 등이 자연과 잘 어우러져 있어 숨겨진 나들이 명소로 사랑받고 있다. 공원 중앙에 그라운드 골프장이 있고 그 주위로 트랙과 체력단련장이 조성되어 있어 인근 주민들도 부담 없이 방문해 운동을 즐기기에 좋다. 탁 트인 자연 속에서 낙동강을 보며 여유로운 시간을 보내기에 안성맞춤이다. 드라이브 중에 한가로운 곳에서 쉬고 싶은 이들에게도 적당하다.",
1608662,부산진성,역사유적지,"임진왜란 이전의 부산전성 지성 터이자 임진왜란 후의 부산진 첨사영터의 성곽은 아주 넓었으나 일제강점기의 전차선로 공사와 매축으로 인해 예전의 모습은 찾아볼 수 없으며, 정화복원공사 때 현재의 모습으로 신축하였다. 진동문, 금루관, 승가정이 있다. 서문의 왼쪽에 남요인후라 새긴 돌기둥을 세우고, 문의 오른쪽에는 서문쇄약이라 새긴 돌기둥을 세웠다. 이 두 우주석은 본래 부산진 첨사영성(釜山眞 僉使營城)의 자리였던 현 성남초등학교 교정에 버려져 있던 것을 1975년 정화공사 때 복원하여 지금의 자리에 옮겨 세운 것이다. 승가정의 동쪽에는 충장공 천만리 장군 기념비가 세워져 있다. 그 밖에도 고려 후기 왜구를 물리쳤던 최영 장군의 사당이 건립되어 있다.",
1608812,해월정,역사유적지,"달맞이길은 해운대해수욕장을 지나 송정해수욕장으로 향하는 길목(와우산 중턱)에 위치하는 벚나무와 송림이 울창하게 들어찬 호젓한 오솔길로서, 15번 이상 굽어진다고 하여 15곡도(曲道)라고도 하며 8㎞에 달하는 드라이브 코스를 형성하고 있다. 이곳에서는 특히 정월 대보름날에 달빛과 어우러진 바다의 정취를 마음껏 즐길 수 있다. 또한 길목 중간 부분(정상)에는 달맞이동산이 조성되어 있다. 이곳에는 자연석으로 건립된 동산비가 있고 특히 지난 1997년 2월 중에 새로이 건립된 달맞이 정자 해월정(海月亭)은 옛날 정자식으로 건축되어 고풍스러운 분위기가 운치를 더하고 있다. 2000년 1월에 설치된 새천년기념시계탑도 유명하다. 

(출처 : 해운대구 문화관광 홈페이지)",
2606204,장림포구,자연경관(하천‧해양),"행정구역상 사하구 장림동에 속해 있으며 포구의 이름은 지명을 따서 장림포구라 한다. 포구를 따라 늘어선 알록달록한 건물과 떠 있는 작은 배들이 베네치아의 무라노 섬을 닮았다고 해서 부산의 베네치아라는 뜻으로 ‘부네치아’라는 별명이 붙었다. 노을이 아름답고 다대포해수욕장으로 가는 길목에 있어 아미산전망대, 다대포 꿈의 낙조분수 등과 연계한 관광이 가능해 부산의 새로운 피서지로 떠오르고 있다.",
2669544,역사의 디오라마,랜드마크관광,"역사의 디오라마는 부산 해양의 풍경과 시간을 조망할 수 있는 전망대이다. 또한 드라마의 배경으로 등장할 만큼 멋진 야경을 뽐내는 호천마을과 부산항의 멋진 야경을 품고 있다. 정면으로 보이는 부산항대교 바다 전망과 더불어 옆으로는 산복도로 위를 저마다의 색으로 빼곡하게 채우고 있는 건물들, 그 사이 굽은 길을 능숙하게 오가는 버스들은 오직 부산에서만 볼 수 있는 전망이다. 역사의 디오라마는 총 3개의 조망공간으로 이루어져 있으며 자연경관, 근대경관, 문화경관, 미래경관까지 해안가를 따라서 보이는 4가지 주제의 풍경들을 볼 수 있다.",
126120,부산 에덴공원,도시공원,"사하구는 낙동강이 남해와 만나는 지점에 위치한 고장이다. 부산 시내에서 버스로 30분쯤 하단동으로 가면 앞으로는 낙동강 하류를 끼고 산을 뒤로한 에덴공원이 있다. 가벼운 운동을 할 수 있는 체육시설과 테니스장이 있으며 청마 유치환의 ‘깃발’ 시비와 시민헌장비·산책로 등이 있다. 주변에는 철새가 찾아드는 곳으로 이름난 을숙도가 공원 앞 낙동강 가운데 갈대숲을 이루어 떠 있고 공원 안에는 토속 음식점이 있어 부산 시민은 물론 다른 지방의 관광객들도 즐겨 찾는다. 에덴공원은 본래 강선대라는 명승지로 다대포의 몰운대와 함께 팔선대 중의 하나로 꼽혔던 곳이다. 일제강점기 말기에는 강선대 정상에 일본군이 해안포대를 설치하여 포병부대가 주둔한 적이 있었으며, 지금도 그 흔적이 남아 있다. 8·15 광복 후 개인 소유였던 곳을 1953년 부산중앙교회 장로였던 백준호가 사들여 공원을 조성하였다. 에덴공원의 이름은 아담과 하와가 살던 에덴동산에 비유하여 지어졌다. 처음에는 에덴원이라고 불리던 것이 그 뒤 자연스럽게 에덴공원으로 변하여 현재에 이르고 있다.",
128698,40계단 문화관광테마거리,도시지역문화관광,"부산 중구에 자리한 40계단은 부산의 역사적인 명소로 한국 전쟁 후 재건의 상징적인 장소이다. 이 계단은 1950년대 부산의 경제·사회적 변화를 체험할 수 있는 중요한 역사적 배경을 지닌 곳이다. 40 계단은 당시 피난민들이 힘겹게 오르내리던 계단으로 지금은 부산을 대표하는 관광지로 자리 잡고 있다. 계단을 오르면 부산의 오래된 거리 풍경과 함께 40계단 문화관, 다양한 전시물들을 만날 수 있다. 이곳은 부산의 역사를 배우고 지역 주민들의 삶을 느낄 수 있는 특별한 장소이다. 또한 영화나 드라마의 촬영지로 유명하며 관광객들에게 깊은 인상을 남긴다.",
1940208,오륙도 스카이워크,랜드마크관광,오륙도 스카이워크의 옛 지명은 ‘승두말’이다. 승두말은 말안장처럼 생겼다고 ‘승두마’라고 부르는 것이 승두말로 되었으며 해녀들과 지역주민들은 ‘잘록개’라고 불렀다. 바다를 연모하는 승두말이 오륙도 여섯섬을 차례대로 순산하고 나서 승두말의 불룩했던 부분이 잘록하게 들어가 선창나루와 어귀의 언덕을 만들었다는 것이다. 동해와 남해의 경계지점이기도 한 이곳 승두말에 2012년 9월 12일에 착공하여 2013년 10월 18일 개장하면서 하늘 위를 걷는다는 의미를 담아 오륙도 스카이워크라 이름하였다. 스카이워크는 35m 해안절벽 위에 철제빔을 설치하고 그 위에 유리판 24개를 말발굽형으로 이어놓은 15m의 유리다리이다. 바닥유리는 12㎜ 유리판 4장에 방탄필름을 붙여 특수 제작한 두께 55.49㎜의 고하중 방탄유리로 안전하게 설계되었다. 발아래 투명유리를 통해 파도가 절벽을 때리는 모습은 현기증이 날 정도로 아찔함을 느끼게 한다. 스카이워크 앞에 펼쳐진 바다는 시시때때로 아름답고 다채로운 색상을 연출하고 있어 사진촬영의 명소이며 날씨가 좋은 날에는 대마도를 가장 가까이 볼 수 있는 곳이다.,
2654613,동래읍성지,역사유적지,"동래읍성지는 동장대가 있는 충렬사 뒷산에서 마안산을 거쳐 서장대가 있는 동래향교 뒷산까지의 구릉지와 현재 동래 시가지 중심 지역인 평탄 지를 일부 포함하는 지역에 전형적인 평산성(平山城) 형식으로 축조된 성으로 산성과 평지성의 장점을 두루 갖춘 대표적인 읍성이다. 임진왜란 이후 방치되어 있던 성을 1731년(영조 7) 동래부사 정언섭(鄭彦燮)이 나라의 관문인 동래의 중요성을 감안하여 임진왜란 당시의 성보다 훨씬 규모가 큰 읍성을 쌓았는데, 이때 쌓은 성이 지금까지 그 흔적이 남아있는 동래읍성의 기원이다. 동래읍성 성벽은 옛 벽돌 위에 새로운 벽돌을 쌓아 복원한 것이다. 성곽을 따라 걸으며 오래된 옛것과 반질거리는 새것을 비교해 가며 걷는 재미가 있다. 여유와 한적함이 넘쳐나는 편안한 산책길 곳곳에 동래의 역사와 아픔이 고스란히 느껴지는 곳이다.",
2784328,다대포항,자연경관(하천‧해양),"다대포항은 부산에서도 가장 서쪽에 위치하고 있는 항구이다. 부산항처럼 무역항이 아니라 대형 어선은 없는 주로 중소형 어선이 많은 작고 아담한 항구이다. 바다에서 잡아온 수산물을 경매하는 위판장이 있고 수산시장이 함께 있어서 갓 잡아온 신선한 생선을 저렴한 가격으로 살 수도 있다. 어선이 많이 정박해 있는 곳이다 보니 주변에 대형 가공공장, 냉동공장이 위치하고 있고 회센터도 많이 자리하고 있어서 계절마다 신선한 수산물을 구경하고 맛볼 수 있는 곳이다. 다대포항은 갈맷길 4코스 2구간으로 감천항~ 몰운대로 이어져 워킹투어의 명소이다.",
2788828,신호공원,도시공원,"바다갈맷길 주변으로 울창한 소나무 숲을 이루고 있어 산책과 쉬어가기에 좋은 공원들이 끝이 보이지 않을 정도로 넓게 조성되어 있다. 신호공원은 갯벌 체험으로 유명한 근린공원이다. 물이 빠지면 갯벌 체험도 할 수 있는 곳으로 유명하다. 공원 내에는 운동시설과 편의시설, 놀이시설 등이 조성되어 있다. 산책길도 있어 가족들과 함께 야외 활동을 즐기기 좋다.",
3027738,고흐의 길,기타자연관광,"고흐의 길은 부산환경공단 해운대사업소 좌측에 있는 산책로로, 걷기 좋은 메타세쿼이아길이다. 송정옛길로 알려져 있었지만 네덜란드 인상파 화가 빈센트 반 고흐가 1888년 프랑스 남부 아를에서 친구인 폴 고갱과 함께 두 달간 머무를 때 그린 풍경화 ‘알리스 캉의 가로수길’과 닮았다 하여 붙여진 이름이다. 울창한 메타세쿼이아가 만들어내는 시원한 그늘 아래 새소리를 벗 삼아 걷다 보면 어느새 명화 속 풍경에 들어온 느낌이 들기도 한다. 300m 정도의 짧은 길로 가볍게 산책을 즐기러 오기 좋은 곳으로 가을에는 알록달록 물든 잎들이 아름다운 단풍 명소이다.",
2788424,누리바라기전망대,랜드마크관광,"누리 바라기 쉼터는 ‘세상’을 뜻하는 순우리말인 ‘누리’와 ‘바라본다’는 의미의 ‘바라기’를 합성한 것으로 여유롭게 휴식을 취하면서 부산의 산과 바다, 하늘을 바라본다는 의미에서 붙여진 이름이다. 입구에 도착하면 하늘에서 내려온 용마(龍馬) 이야기를 간직한 천마산의 유래를 토대로 형상화한 '말'이 세워져 있고, 쉼터(전망대) 가운데는 구름이 나무에 걸려있는 모습을 형상화한 조형물 '소리나무'가 자리 잡고 있다. 또한 전망대 우측에 세워진 대형 디자인과 벽에는 송도해수욕장을 비롯해 구덕문화공원, 송도해안산책로, 천마산 조각 공원 등 서구 10경을 담고 있는 곳이다.",
2788422,감만시민부두,자연경관(하천‧해양),"감만시민부두는 항해하던 배가 정착하는 곳이기도 하며, 시민들의 쉼터가 되어주는 곳이다. 이곳에서는 부산항대교를 볼 수 있다. 덕분에 웅장한 모습의 배경으로 한 사진도 찍을 수 있는 부산의 숨겨진 사진 명소이다. 또한, 밤이 되면 대교에 무지개 빛의 불이 켜지고 그곳에서 바라보는 야경도 아름답다. 감만시민부두 방파제 내에서 취사와 야영, 낚시가 금지되어 있어 주의해야 한다.",
129092,대변마을,도시지역문화관광,"멸치의 고장, 기장에서도 멸치의 주산지로 꼽히는 곳이 바로 대변마을. 대변항은 물살 센 동해에 접해 있지만 파도가 밀려와도 자연스럽게 방파제 역할을 해주는 죽도를 눈앞에 두고 있는 천혜의 어항을 낀 어촌마을이다. 봄철 대변항에는 왕멸치가 잡혀오는데 멸치의 길이가 15cm나 된다. 항구에 들어온 멸치어선들은 잡은 멸치를 털어내는데 노랫가락에 맞추어 멸치를 털어내는 모습이 대변항을 대표하는 상징적인 풍경이다. 대변마을은 조선 중기 때부터 사용된 이름인데 당시 김성련이란 선비가 적은 병술일기에 우기이대변포문생원가라는 기술이 있었고, 대동고변포라는 긴 지명을 줄여 대변포라 부르다가 대변마을이 되었다 한다.",
2791357,화전공원,도시공원,"부산시 강서구 화전동에 위치한 공원으로, 부산 시민과 화전산업단지에 근무하는 근로자의 소중한 휴식공간이 되고 있다. 공원 내에 축구장, 운동기구, 산책로 등이 조성되어 있다. 넓은 녹지 공간을 자랑하여 아이들이 뛰어놀기에도 좋다. 조금 더 조용한 자연 속에서 산책을 원한다면 화전공원  방문하는 것을 추천한다.",
2487925,대저생태공원,자연공원,"대저생태공원은 낙동강 우안 대저수문에서부터 김해공항램프까지의 둔치지역으로, 구포대교부터 아래로 낙동강하류 철새도래지에 속하는 지역이다. 신덕습지를 비롯한 크고 작은 습지와 수로, 초지, 유채꽃단지, 각종 체육시설이 조성되어 있어 여가와 휴식을 즐길 수 있는 곳이다. 공원의 양쪽 끝에 체육시설과 이용편의시설을 배치하고 그 외 지역은 습지와 초지 등으로 조성하였다. 특히 구포대교 아래쪽으로 조성된 유채경관단지에서 매년 4월 개최되는 유채꽃 축제에는 수많은 관광객들이 방문하는 새로운 명소로 자리 잡고 있다.",
2760704,닥밭골 벽화마을,도시지역문화관광,"닥밭골 벽화마을은 6가지 테마를 가진 벽화마을로, 산복도로를 따라 오르다 보면 만날 수 있는 형형색색의 마을이다. 이 지역은 1953년 부산역전 대화재로 삶의 터전을 잃어버린 사람들이 정착하면서 자연스럽게 형성된 마을로, 2010년 미술작가가 주민과 봉사자들과 함께 벽화를 그리기 시작하여 마을 전체가 지금의 벽화마을로 재탄생했다. 벽화골목6의 끝에서 만날 수 있는 소망계단은 192개의 계단으로 이루어져 있으며, 아코디언 계단이라고 불리기도 하고, 오르내리며 소원을 빌면 소원을 들어준다고 해서 소망계단이라고도 불린다.",
3017254,부산 연산동 고분군,역사유적지,"연산동 고분군은 1972년 6월 26일에 부산광역시 기념물로 지정되었으며, 2017년 6월 30일에 사적으로 승격되었다. 연산동 고분군은 5세기 후반에서 6세기 전반에 조성된 삼국 시대 고분군이며, 배산에서 북쪽으로 내려오는 완만한 구릉의 능선을 따라 18기의 봉분이 일렬로 배치되어 있고, 경사지에는 1천여 기의 고분이 분포하고 있다. 1987년부터 발굴조사를 한 결과, 지금까지 조사된 영남지역에 분포하고 있는 삼국시대 고분군 중 가장 규모가 큰 수혈식 석곽묘가 확인되었다. 연산동 고분군은 삼국 시대 무덤 축조기술을 알 수 있어 그 가치가 높은데 신라와 가야의 고분 축조 특징을 모두 지니고 있고, 출토 유물도 부산 지역만의 특징을 보여주는 유물과 신라의 특징을 보여주는 유물이 함께 출토되어 5~6세기 부산과 영남 지역의 고대사 및 고대 문화 연구에 중요한 유적이다.",
2668973,부산엑스더스카이,랜드마크관광,"부산 엑스 더 스카이(BUSAN X the SKY)는 국내 두 번째 높이(411.6m)인 해운대 엘시티 랜드마크타워에 위치하고 있으며, 대한 8경에 빛나는 드넓은 해운대의 오션뷰와 부산의 화려한 시티뷰를 함께 조망할 수 있는 국내 최대 규모 전망대이다. 전망대 각 층마다 특화된 해운대 해변과 도시 야경, 광안대교, 부산항 대교, 이기대, 달맞이 고개, 동백섬 등 부산의 명소를 조망할 수 있는 파노라믹 오션뷰를 자랑한다. 편안한 휴식 공간을 제공하는 엑스 더 라운지, 하늘 위의 바다를 배경으로 특별한 기억을 기록하는 엑스 더 포토, 추억을 오래도록 간직할 수 있는 기념품숍 엑스 더 기프트 등 부산 엑스 더 스카이만의 특화된 서비스를 제공한다.",
128706,동래온천노천족욕탕,웰니스관광,"동래온천노천족욕탕은 우리나라에서 가장 오래된 온천의 하나로 동래온천지구에 있으며 용머리 조형물에서 뿜어져 나오는 온천수로 족욕을 할 수 있는 건강온천이다. 동래온천 비롯해 여러 고서에 등장하는데, 온천수의 열이 계란을 익힐만하다 했고 우리나라 전역에 온천이 있는데 그중에서 동래온천이 으뜸이라 하여 병자들이 목욕을 하면 문득 나아 신라시대에는 왕들이 즐겨 찾았다고 전해진다. 족욕탕 주변에는 허심청, 녹천탕, 천일탕 등 동래온천지구의 대형 목욕업소가 위치해 있으며, 온천 상징물인 온정개건비가 인접해 있다.",
3015365,가덕도외양포전망대,랜드마크관광,가덕도 외양포전망대는 가덕도 가장 안쪽 끝자락 마을인 외양포마을로 들어가는 언덕길에 조성된 전망대이다. 외양포전망대는 주차장이 구비되어 있으며 주차장이 전망대를 겸하고 있는 곳으로 외양포항과 외양포 앞바다를 바라볼 수 있고 거제도로 가는 거가대교와 거제도를 조망할 수 있는 곳에 자리 잡고 있어 풍광이 아름다운 곳이다. 바로 아래에는 외양포 야생화단지가 조성되어 있으며 야생화단지에는 다양한 종류의 야생화가 심어져 있고 특히 수국을 많이 심어놓은 곳으로 수국이 피는 시기에는 많은 사람들이 찾는 곳이다. 전망대 인근에 일본군이 구축한 외양포 포진지도 있어 역사의 아픔을 느껴보는 시간도 가져보면 좋은 곳이다.,
2715652,월전포구(월전방파제),자연경관(하천‧해양),"월전포구는 부산 기장군에 위치한 아담한 항구이다. 포구 주변으로 작은 횟집들과 장어구이 집들이 몰려 있으며, 월전방파제에는 낚시를 즐기는 낚시꾼들이 새벽부터 자리를 잡고 있는 모습을 볼 수 있다. 월전방파제 끝에 세워진 월전등대는 2009년 9월부터 점등을 했으며, 다른 등대와는 달리 1, 2층이 전망대로 운영되어 전망을 둘러보기 좋은 곳이다.",
482063,척판암(부산),종교성지,"척판암은 원효대사가 장안사와 함께 창건한 토굴로 원효대사의 신통력으로 중국 당나라 운제산 태화사의 붕괴를 예측하고 원효대사께서 소반을 던져 천명의 대중을 구했다는 송고승전(宋高僧傳)의 기록이 남아있는 사찰이다. 창건 당시에는 '담운사'라고 불렸으나 1938년 경허스님에 의해 중수된 후 장안사의 부속 암자로 유지되다 최근 독립된 사찰로 자리하고 있다. 사찰 곳곳에 남아 있는 전통 건축과 불교 문화유산은 역사적 가치를 지닌다. 아름다운 자연과 고요한 분위기가 어우러진 명소로 번잡한 일상에서 벗어나 평온을 찾고자 하는 이들에게 이상적인 공간이며, 자연과 조화를 이루는 쉼터이다.",
1942331,당산,종교성지,"우리나라 전통신앙으로 마을의 수호신인 당산신(당산할아버지와 당산할머니)을 모시는 곳이다. 당제는 마을의 풍요와 평안을 기원하는 지역공동체적 의례이며, 매년 음력 3월과 9월 보름에 제사를 지낸다. 제관으로 선정된 사람은 매사에 근신하며 제사일이 다가오면 당산나무 주변을 청결히 한 뒤 금줄을 두르고 황토를 몇 줌 놓아 부정을 막는다. 김민부 전망대에서 100m, 도보 약 3분의 거리에 있다.",
2614723,백양산 (부산 국가지질공원),자연경관(산),"백양산은 금정산맥의 주능선에 있는 산으로 부산진구와 사상구의 경계를 이룬다. ‘동래부지(1740)’에 백양산 지명은 수록되어 있지 않으나, '백양사는 금용산에 있었는데 지금은 없다.'라는 기록에서 관련 사찰 지명이 보인다. 이를 미루어 볼 때 백양산은 1740년 이후 금용산에서 나누어지면서 생긴 이름이며, 백양사에서 그 이름이 유래한 것으로 보인다. 백양산의 남쪽 기슭에서 삼국시대 때 동평현(현 당감동 일대 소재)의 치소가 있었던 동평현 성터가 있고, 동쪽 산록 아래쪽으로는 선암사가 자리 잡고 있다. 

(출처 : 부산지오파크)",
2675047,우암동 도시숲,자연경관(산),"우암동 도시숲에서 내려다보는 전경은 동항성당의 예수상을 배경으로 브라질 리우데자네이루 예수상처럼 보이는 게 아주 이국적이다. 또한 도시숲에서 보는 야경은 영도바다와 부산항대교가 한눈에 보이며, 보름달 설치물을 배경으로 야경사진을 찍으면 아름다운 실루엣 사진을 찍을 수 있고 달과 함께 찍힌 부산이 아주 매력적인 곳이다. 규모는 작지만 초록의 숲이 싱그러운 공원을 만들어 주고나무데크 산책로를 따라 울창한 숲길을 내려오면 만나게 되는 소박한 골목길 끝에 또 다른 포토존이 있다.",
2758652,홍연폭포,자연경관(산),"홍연폭포는 기장군의 유일한 폭포로 거문산과 옥녀봉 사이에 흐르는 웅천천 계곡에 있는 2단의 계단상 폭포이다. 홍류 폭포 또는 무지개 폭포로도 불린다. 무지개 폭포는 폭포가 떨어지며 만든 물보라가 햇살을 받아 오색의 무지개를 만든다고 하여 붙은 이름이며, 이 지명을 한자화하여 홍연 또는 홍류 폭포가 되었다. 홍연폭포의 높이는 평상시를 기준으로 하면 상단이 5m, 중단이 20m가량이며, 중단에서 낙하한 물이 수직에 가까운 반석 위를 100m 정도 흘러 홍류동 소류지로 모인다. 기장 8경 중 오경에 해당하는 경승지이다. 철마에서 정관으로 가는 곰내터널 입구에서 내리면 가까운 거리에 홍연폭포가 있어 접근성이 좋으며, 폭포에서 도보로 5분 거리에 수도암이 있고, 아홉산 숲과 곰내연밭도 가까운 거리에 있다.",
2763832,오륜대전망대,랜드마크관광,"부엉산 정상에 있는 오륜대전망대는 오륜새내마을(수원지마을)에서 500m(약 20분)를 올라가면 전망대가 나온다. 전망대에 올라가면 회동수원지 전경과 땅뫼산, 한반도 모양 지형의 회동호, 멀리 해운대와 장산까지 바라다 보이는 전경이 아름다운 곳이다. 오륜대의 명칭은 삼강오륜을 갖춘 다섯 명의 노인이 경치를 바라보던 곳이라는 설에서 유래되었다고 한다. 오륜대 전망대에서 바라보는 호수와 산세는 가히 절경이라 할 만하다. 전망대에는 관망할 수 있는 데크가 마련되어 있으며 회동호에 비친 아름다운 산봉우리와 절벽들은 선경을 이루는 곳이다. 회동수원지에는 회동수원지 둘레길, 땅뫼산 황토숲길, 오륜대 전망대 등 다양한 관광지가 산재되어 있는 곳이다.",
1997221,부산 감천문화마을,도시지역문화관광,"감천문화마을은 1950년대 6.25 피난민의 힘겨운 삶의 터전으로 시작되어 현재에 이르기까지 부산의 역사를 그대로 간직하고 있는 곳이다. 산자락을 따라 질서 정연하게 늘어선 계단식 집단 주거형태와 모든 길이 통하는 미로 같은 골목길의 경관은 감천만의 독특함을 보여준다. 부산의 낙후된 달동네였지만 문화예술을 가미한 도시재생사업을 추진하면서 지금은 연간 185만 명의 국내외 관광객이 다녀가는 대표 관광명소가 되었다. 산비탈을 따라 계단식으로 들어선 아름다운 파스텔톤의 집들과 미로와 같은 골목길이 있어 한국의 마추픽추, 산토리니로 불린다. 2016년 대한민국 공간문화대상 최고상인 대통령상을 수상하기도 했다. 감천문화마을에서는 아름다운 자연과 어우러진 그림 같은 마을의 풍경을 즐기면서, 골목골목 설치된 다양한 형태의 작품을 감상할 수 있으며, 감천문화마을 내 입주작가들의 공방을 통해 다양한 공예 체험도 가능하여 관광객들이 끊임없이 찾고 있다.",
126831,장안사(부산),종교성지,"장안사는 불광산(659m) 자락에 있는 고찰이다. 원효대사가 창건하여 쌍계사라 부르다가 809년 장안사로 고쳐 불렀다. 고려 시대 때의 역사는 분명치 않으며 1592년 임진왜란으로 불탄 것을 1638년에 중건하였다고 한다. 경내에 명부전, 응진전 등 부산시 지정 유형문화재, 부산시 지정 기념물, 부산시 지정 민속자료 총 10점이 보관되어 있다. 주변 관광지로는 수산과학관, 해동용궁사, 고리원자력발전소 전시관 등이 있다.",
3017488,영도어울림문화공원,도시공원,"영도어울림문화공원은 문화예술회관, 도서관, 국민체육센터, 장애인복지관, 자원봉사센터, 영도문화원 등이 함께 들어서 있는 복합 문화공원이다. 다양한 형태의 문화와 레저를 경험할 수 있어 주민들의 문화 예술적 욕구를 충족시킬 수 있고 문화복지 수준의 향상과 지역 문화의 중심체 역할을 하는 공간이며 문화예술회관, 도서관, 국민체육센터, 장애인복지관, 자원봉사센터, 영도문화원, 야외공연장, 야외 연못, 산책로, 축구장, 테니스코트 등이 있어 다양한 취미활동과 여가활동을 할 수 있는 종합문화예술공원이다. 영도문화예술회관은 최첨단 시설을 갖춘 문화 예술 공간으로서 음악, 연극, 미술 등 다양한 장르의 공연과 전시행사를 개최할 수 있고 국민체육센터는 수영장을 갖춘 각종 체육시설이 있는 곳으로 체력증진과 취미활동을 할 수 있는 곳이다.",
2684738,송도용궁구름다리,랜드마크관광,"송도 용궁 구름다리는 2002년 태풍 셀마로 인해 철거된 송도해수욕장의 동쪽 송림공원에서 거북섬을 연결했었던 송도구름다리를 18년 만에 다시 재건축한 것이다. 암남공원에서 바다 건너 작은 무인도인 동섬 상부를 연결하는 구름다리로 바다 위를 걷는 짜릿함과 시원스럽게 펼쳐지는 바다 풍광, 기암절벽이 빚어내는 경관을 감상할 수 있으며, 야간경관조명이 설치돼 밤에는 바다에 떠있는 신기루와 같은 환상적인 분위기를 연출해 관광도시 부산 서구의 새로운 랜드마크로 자리매김하고 있다.",
127151,"부산 차이나타운(상해문,상해거리)",복합관광시설,"부산 상해거리는 동구 초량동에 위치한 중국의 다양한 문화와 먹거리를 만날 수 있는 곳이다.  최근 화교들이 운영하는 중식당과 만두집 등이 SNS를 통해 알려지면서 국내외 여행자들의 방문이 늘고 있다. 매년 개최하는 부산 차이나타운 문화축제도 볼거리이다. 상해거리 입구에는 부산시와 상해시의 우호를 상징하는 조형물인 상해문이 자리하고 있으며, 붉은 기둥과 중국풍 기와로 된 지붕 아래 금색 글씨의 상해문 현판이 달려있다. 상해거리 끝에는 동화문이 있다.",
2785271,부산항 영도 크루즈터미널,기타체험,"2007년 4월 개장한 국제크루즈터미널은 초대형 여객선이 안전하게 취항할 수 있도록 11.8m의 깊은 수심을 확보하고 있으며, 입출국 관련 시설 및 세관 시설까지 편리한 서비스를 갖춘 곳이다. 부산항만공사가 관리하고 있는 국제크루즈터미널은 26,839.57㎡의 대지면적에, 2,568.78㎡의 건물이 들어서 있다. 건물 1층은 CIQ (세관(Customs), 출입국관리(Immigration), 검역(Quarantine)의 약칭. 출입국 때 반드시 거쳐야 하는 3대 수속) 시설과 1층 대합실 등이 있고, 2층은 매표소, 2층 대합실, 업무용 사무실 등이 있어 편리하게 이용할 수 있다. 또한 수하물 검색장과 면세물 인도장은 별관 2동에 따로 있다. 국제크루즈터미널은 부산항을 기점으로 한 관광에 새로운 성장 동력이 되고 있다.",
2789668,월전장어구이촌,도시지역문화관광,기장 월전마을에 들어서면 장어구이집이 늘어서 있고 주차장을 낀 월전 활어판매장이 보인다. 이 근방의 장어구이 식당을 통칭하여 월전장어구이촌이라고 한다. 활어판매장에서는 그날 잡은 싱싱한 바닷장어(붕장어)들을 판매한다. 마음에 드는 매장에서 장어를 고르면 판매장 밖에 늘어선 포장마차들 중 구입한 매장 상호와 같은 포차에서 숯불에 구워 먹을 수 있다. 바다가 보이는 허름한 포장마차이지만 이 장어구이의 냄새와 어촌 분위기를 잊지 못해 다시 찾는 이가 많다. 상차림비만 내면 숯과 불판이 제공되고 먹고 싶은 만큼 활어판매장에서 구매해 먹을 수 있다. 얼큰한 매운탕도 장어구이와 함께 먹기에 좋다.,
298099,국청사(부산),종교성지,"국청사는 신라시대 의상대사가 창건한 고찰로, 조선 숙종 29년 금정산성 축조와 함께 중수하여 이름을 국청사라 칭하고 순조 26년의 중건을 거쳐 오늘에 이르고 있다. 국청사지(國淸寺誌)에 '국청사에는 동래 부사 송상현, 부산진 첨사 정발, 다대포진 첨사 윤흥신 등과 함께 승장 만홍, 정안, 성관, 관찰 등 수백 명의 신위를 모시고 제사를 받들고 있다.' 라는 기록이 있음을 비추어 볼 때 임진왜란 때 이미 의승군의 숙영지로 사용되었을 가능성이 크다. 1703년 금정산성이 개축되면서 국청사와 해월사(海月寺)를 지었다. 국청사는 최근 들어 중창을 거듭하였다. 1978년 삼성각을 지었고, 1982년 승려 창봉과 혜성이 경내에 있는 연못 중앙에 3층 석탑을 조성하였다. 1992년 대웅전을 지었고, 1998년 요사를 지었으며, 2010년 일주문을 건립하였다. 국청사에는 조선 시대 승병장이 사용하던 금정산성 승장인이라는 철제 도장이 보관되어 있었다. 이 자료를 통해 승군 작대의 중심지였음을 알 수 있다. 국청사와 해월사 모두 산성을 방어했던 호국 사찰로, 국청사에는 산성을 지키는 승병장이 거주하여 전략 기지의 역할을 한 의승군의 사령부가 있었던 것으로 보인다.",
3017347,해돋이전망대,랜드마크관광,영도에서 가장 높은 봉래산(396.2m) 기슭에 위치하는 해돋이 마을은 이른 아침 떠오르는 해를 가장 먼저 볼 수 있는 곳으로 마을 제일 높은 곳에 해돋이 전망대 청학마루가 설치되어 있다. 해돋이 전망대로 올라가는 해돋이 마을은 벽화 마을로도 유명한데 벽화 마을을 둘러본 뒤 전망대에 오르면 영도의 전경을 한눈에 볼 수 있다. 영도의 최고의 조망처로써 각광받는 해돋이 전망대에 올라보면 남항대교와 부산항의 아름다운 모습들을 감상하는 좋은 경험이 될 것이다. 해돋이 전망대는 야경이 멋진 곳으로 남항대교의 화려한 야간경관 조명과 부산항의 야경을 한눈에 볼 수 있는 잊지 못할 추억을 남길 수 있는 곳이다. 해돋이전망대는 3층 건물로 2층은 청학마루 카페가 자리 잡고 있으며 3층은 해돋이전망대 청학마루가 마련되어 있다.,
128134,옥련선원,종교성지,"옥련선원은 부산 수영구에 위치한 전통적인 사찰이다. 이 사찰은 조용하고 평화로운 분위기 속에서 정신 수양과 명상을 할 수 있는 장소로 알려져 있다. 특히, 자연과 어우러진 아름다운 경관을 자랑하며, 방문객들은 사찰 주변의 숲과 산책로를 따라 힐링할 수 있다. 옥련선원은 불교의 가르침을 실천하며, 다양한 프로그램을 통해 명상과 참선을 배울 수 있는 기회를 제공한다. 또한, 사찰 내에는 고즈넉한 분위기의 법당과 함께 참선 공간이 마련되어 있어 마음의 안정을 찾기에 적합하다. 지역 주민들뿐만 아니라, 찾는 이들에게 깊은 평온을 선사하는 명상 공간이다.",
129140,금련산,자연경관(산),"금련산은 부산광역시 연제구, 수영구, 남구의 경계에 위치한 산으로, 산의 모양이 연꽃 모양을 닮았다고 하여 붙여진 이름이라고 한다. 금련산에는 금련산 청소년 수련원과 부산 시민 천문대, 부산시장, 부산광역시 지방공무원 교육원이 자리 잡고 있다. 산 정상부에는 송신탑이 있고, 산 정상부 근처까지 차로 쉽게 이동할 수 있어 많은 시민들과 관광객들이 찾는 곳으로, 부산항과 광안리 해수욕장, 광안 대교를 조망하기 좋은 곳이다. 오래전 금련산에는 반야암과 바라밀다사(波羅密多寺)라는 사찰이 있었다고 전해지는데, 현재는 사찰 터의 흔적만 남아 있다.",
2614716,두도,자연경관(하천‧해양),"두도는 부산 서구 송도 반도에서 남동쪽으로 떨어진 섬으로 두도라는 지명은 대가리섬에서 유래하였으며 인근 지역 사람들은 지금도 대가리섬이라고 부르고 있다. 또한 두도는 부산을 상징하는 새인 갈매기들의 천국으로 인근에서 수많은 갈매기를 마주할 수 있다. 동백나무, 비쭉이, 해송 등의 다양한 자생식물과 바다 산호 등이 많이 서식하기도 한다. 해안절벽을 따라 백악기 말에 퇴적된 하부 다대포층과 화산암들이 절경을 이루고 있으며 공룡알 둥지 화석, 부정합, 암맥, 단층, 꽃다발 구조 등의 독특하고 다양한 지질 기록을 볼 수 있다. 또한 육지와 가까이 위치해 낚시꾼들이 즐겨 찾는 곳이기도 하며 무인등대가 설치되어 있어 항해하는 선박의 길잡이 역할도 하고 있다.",
128810,동백공원,도시공원,"동백공원은 해운대해수욕장 남쪽 끝에 있는 동백섬을 공원으로 조성한 것으로, 1966년 9월 공원 대지로 지정되어 1990년대에 본격적으로 개발되었으며, 동백나무와 소나무가 울창한 자연경관이 아름다운 곳으로 육지와 연결된 육계도이다. 2006년 부산에서 APEC 행사가 개최되면서 동백 공원을 정비하고 조경 복구, 전망 데크 설치, 해안 정비, 산정 광장 및 순환 도로 정비, 쉼터 광장 및 주차장 등을 새롭게 조성하여 관광객의 발길이 끊이질 않는 곳이다. 산책로 외에 배드민턴장, 의자, 화장실 등의 편의시설이 조성되어 있다. 동백공원 주요 시설로는 최치원 유적지와 누리마루 APEC 하우스, 해운대 석각, 공원 앞 바닷가에는 무궁이라는 나라의 왕과 결혼한 황옥 공주에 얽힌 전설이 있는 동백섬 인어상 등이 있으며, 동백섬 둘레를 따라 조성된 해안산책로는 산책이나 운동하기 좋은 곳이다.",
2614725,송도반도 (부산 국가지질공원),자연생태,"8~7천만 년 전인 중생대 백악기 말 다대포-송도 지역의 동쪽에 있는 동래단층과 서쪽의 양산단층이 움직이면서 두 단층 사이의 땅이 벌어지고 움푹 꺼져 그릇 모양의 다대포 분지가 만들어졌다. 이 분지에는 큰 호수가 만들어지면서 두꺼운 퇴적층들이 쌓이게 되었고, 이 퇴적층을 다대포 층이라 한다. 다대포 층은 구성하고 있는 암석의 특징(붉은색 층의 존재 여부, 화산성 물질의 함량)과 퇴적환경의 차이에 따라 다시 하부 다대포 층과 상부 다대포 층으로 나뉜다. 송도 반도에서는 한국의 지질 노두 150선에 선정된 다대포 층이 해안가를 따라 하부부터 상부까지 연속으로 나타나며, 우리나라 제1호 해수욕장인 송도해수욕장 경관과 함께 공룡알 둥지 화석, 석회질 고토양, 암맥, 단층 등의 지질기록을 만끽할 수 있다.",
252561,절영해안산책로,기타자연관광,"절영해안산책로는 영도 서쪽 편 봉래산 아래 해안선을 따라 이어져 있는 산책로이다. 원래 지형이 가파르고 험난하여 접근이 어려웠으나, 시민들의 관광 욕구를 충족시키기 위한 공공근로사업의 일환으로 2001년 해안선을 따라 산책로를 개설하였다. 경치 좋은 절영해안 산책로에는 곳곳에 있는 장승과 돌탑, 뱃놀이 터, 산책로 우측의 넓은 바다, 담벼락의 다양한 모자이크 타일 문양 등 다양한 볼거리가 있다. 2014년 국토해양부가 선정한 대한민국 5대 해안 누리길로 선정되었고 2021년 부산 안심 관광지에도 선정되었다.",
2617724,마린시티,도시지역문화관광,부산 해운대구에 위치한 마린시티는 원래 바다였던 곳을 매립하여 생긴 신도시로 밤이 되면 화려하게 불을 밝히는 아파트 및 건물들이 빼곡하게 세워져있어 아름다운 야경 풍경을 가지고 있는 곳이다. 마린시티의 야경은 홍콩이나 상하이의 야경만큼 화려하고 아름다워 연인이나 가족단위 사람들이 많이 방문하고 있다. 각종 화보나 광고 등 촬영지의 배경으로도 많이 등장하고 있는 곳이다. 마린시티의 거리에는 외국 음식점과 고풍스러운 카페와 주점이 다양하게 자리잡고 있어 관광객들고 많이 방문하는 곳이다.,
2782626,삼익비치수변공원,도시공원,"광안리해수욕장이 한눈에 들어오는 삼익비치수변공원은 낮에는 산책이나 자전거를, 밤에는 화려한 야경을 즐기기에 더없이 좋은 장소다. 특히 부산을 대표하는 야경 명소로 꼽히는 광안리해수욕장은 푸른 바다와 우리나라 최초의 2층 해상교량이자 최대 규모의 현수교를 자랑하는 광안대교가 어우러진 풍광이 압권이다. 시간대와 요일, 계절별로 10만 가지 이상의 다양한 색상을 연출하는 경관 조명시설도 야경의 화려함을 더한다. 삼익비치 수변공원에서 바라보는 광안대교는 해수욕장과는 또 다른 각도로 매력을 뽐낸다. 해 질 무렵의 노을도 더 가까이에서 감상할 수 있다. 해마다 봄이 되면 현지인들은 물론 관광객들도 일부러 찾는 삼익비치 벚꽃길과도 연결되어 볼거리를 더한다.",
2677748,백양산 웰빙숲,자연경관(산),"부산 북구 백양산에 위치한 백양산 웰빙숲은 운수천 주변 환경을 개선하여 시민들의 휴식공간으로 재탄생된 곳으로, 자연과 사람이 공존하는 곳이다. 편백림 태교 명상숲, 숲 속 테마 놀이터, 데크 쉼터, 계곡 전망대, 운수천 체험숲길, 가족이야기 숲 등 다양한 시설은 지친 몸과 마음을 휴식하기에 좋다. 피톤치드를 느끼며 데크길을 따라 산책하기에도 좋으며, 숲속테마놀이터와 자연놀이숲에는 숲미끄럼틀, 숲속놀이집과 징검다리, 트리하우스 등이 있어 아이들과 함께 시간을 보내기에도 좋은 휴식 공간이다.",
126028,금정산,자연경관(산),"금정산 국가지질공원은 약 7천만 년 전 지하에서 마그마가 식어서 생성된 화강암이 융기하여 형성된 부산 땅의 뿌리를 이루는 산이다. 오랜 세월 비바람에 깎이고 다듬어져 만들어진 기암절벽, 토르, 나마, 인셀베르그, 블록스트림 등의 우아한 화강암 지형을 감상할 수 있다. 금정산의 주봉인 고당봉을 비롯하여 장군봉, 원효봉, 상학봉 등 산정과 이들 산정 사이에 이어지는 산능에는 대부분 산성이 축조되어 있다. 이들 산정 및 산능에는 백악기 불국사 화강암류의 크고 작은 기반암의 노출로 특이한 암괴지형인 토어가 다수 관찰된다. 금정산을 구성하고 있는 지질은 경상계 퇴적암층과 이를 관입 또는 분출한 화산암류, 그 후 이들 암석에 관입한 불국사 화강암류 및 마산암류로 되어 있다. 국가지질공원으로 등록되어 있는 금정산은 기암괴석과 자연이 잘 어우러져 아름다운 풍광을 자랑하는 곳이다.",
1607440,금강사(부산),종교성지,"금강사는 대승불교의 금강반야 정신을 실천 수행하는 사찰로, 1951년 월명법사가 창건했다. 그 후 일붕 경보대종사께서 이곳에서 안거했으며 역경, 포교, 도제, 국제불교포교, 교육도량, 전법의 초지 가람이었다.
1964년부터 개산 혜성선사가 금강사에서 도량을 승계하고 중흥불사를 계속하여 국제 불교포교의 근본도량으로 세계속에 알려진 사찰이 되었다. 금강사는 금정산 남쪽 기슭 명당에 자리했으며 많은 고승들이 은거 수행하여 온 비산비야의 수행처이기도 하다. 금강사는 주변 환경이 아름답기로 유명하다. 일주문을 들어서면 노송들이 자욱하고 솔밭향기로 가득하며, 대중문화가 함께하고 있는 차밭골 문화가 있어 시민들이 차 한잔을 하면서 쉬어 갈 수 있는 운치 있는 사찰이다.",
1607335,소림사(부산),종교성지,"대한조계종 소림사는 1913년 승려 송영이 창건하였으며, 해방 직후인 1945년 비구니 정금광이 인수하였다. 1948년 순 한국식 불단으로 개조하여 가람을 수호하며 포교 활동을 활발하게 했다. 소림사는 부산 대중 불교의 산실이자 부산 지역의 지도적인 재가 불자를 양성한 대표 사찰이다. 산림 법회를 60여년간 지속해 오고 있으며 그밖에 다양한 법회와 기도 등을 행하고 있다. 소림사의 전각은 무량수전과 대웅전이 있으며, 무량수전에는 본존불인 아미타불상과 좌우에 관음보살상, 지장보살상을 봉안하고 있다. 무량수전 내에는 신중단, 칠성단, 독성단, 산신단 등이 있고, 대웅전은 석가모니 불상과 관세음보살상, 대세지보살상을 봉안하고 있으며, 지장보살상, 홍법대사상, 부동명왕상도 함께 봉안하고 있다.",
298111,금수사(부산),종교성지,"금수사는 구봉산 아래 자리한 아담한 사찰이다. 금수사 계단 앞으로는 산복도로가 잘 나있으며, 버스정류장이 바로 앞이라 대중교통을 이용하기 좋은 도심 속 사찰로 알려져 있다. 금수사는 한국불교원효종의 총본산으로도 유명하다. 2003년 입적한 원효종 종정 법홍스님이 주석한 이곳에는 원효대사의 유지와 종풍을 받들고자 하는 수많은 사부대중의 귀의처로서 자리매김하였으니 산중이 아닌 일반 백성들 속에 중생들을 깨우쳐 주고자 했던 원효대사의 화쟁 무애사상이 빛나는 사찰이라 해도 과언이 아니다. 한국불교가 낳은 불멸의 성사 원효대사의 유지를 받들고, 호국일념으로 나라를 위기에서 구한 사명대사의 족적이 남아 있는 곳, 구계산 금수사는 이러한 역사적 터전 위에 지금 불법홍포의 기치를 높이 들고 있다. 또한 금수사 경내에 호국영각을 짓고 기미년 독립선언의 민족대표 33인과 안중근, 김좌진, 안창호, 윤봉길 등 애국독립지사 22인의 위패를 모셔 매년 추모법회를 봉행하고 있으니 호국도량으로서의 그 위상이 분명하다 할 것이다.",
128886,홍법사(부산),종교성지,"홍법사는 도심의 근교에 자리한 지리적 여건과 숲 속 동산으로 이루어진 자연적 여건으로 바쁘고 지친 현대인들의 심신을 부처님 품 안으로 인도하는 생활 속의 수행도량이며, 생활불교센터이다. 홍법사는 기존의 산사와 달리 약 49,587m²(15,000여 평)의 넓은 농장에 문을 연 농장사찰이다. 금정산 뒤편 철마산 기슭에 자리한 홍법사는 2003년도 농장을 일부 개조하여 개원했다. 홍법사는 불교의 생활화, 현대화, 세계화를 위해 머무름 없는 포교 원력과 실천수행으로 열린 불교를 지향하는 다양한 활동을 하고 있다. 독거노인 및 소년소녀가장 돕기 등 이웃과 함께하는 자비의 실천수행, 꿈나무들에게 불성을 심어주는 동자승 단기출가, ‘세계는 하나다’라는 기치아래 펼치는 외국인 포교, 전통문화의 계승과 발전을 위한 각종 문화강좌, 유적답사 및 문화체험활동 등을 갖는다. 홍법사를 미리 알고 방문한다면 더 알차게 여행을 즐길 수 있을 것이다. 홍법사에서 둘러볼만한 장소는 크게 원상과 대웅전, 관음전을 들 수 있다. 우선 큰 법당을 지나면 넓은 잔디마당 입구에 원상이 있다. 법계를 상징하는 연화단 위에 여의주를 문 쌍용이 있고, 그 위에 구름이 떠가는 문양으로 원상을 나타내었다.",
2643873,금정산성마을 먹거리촌,도시지역문화관광,"부산의 명소인 금정구 금성동에 자리 잡은 산성마을은 공기 좋고, 물 맑은 수려한 자연환경 속에 부산의 향토음식인 ‘흑염소 불고기’와 전국적으로 이름난 부산지역 특산물인 민속주 1호인 ‘산성 막걸리’가 있어 이곳을 찾는 손님들의 발길이 끊이지 않고 있다. 금정산성 흑염소 불고기는 타 지역과 달리 양념에 고기를 버무려 숯불 위 석쇠에 바로 굽는 직화구이 방식으로 이는 흑염소불고기 특유의 고소한 맛을 유지시키는 비결 중의 하나다. 현재, 금정산성마을 먹거리 촌에는 흑염소불고기, 오리불고기, 오리백숙 등을 취급하는 음식점이 80여 개소가 있으며, 등산객, 직장 회식, 계모임, 가족 외식 등 여러 지역에서 다양한 고객층이 즐겨 찾고 있다.",
2944336,남부산교회,종교성지,2022년도에 개봉한 영화 <브로커>에서 베이비박스가 있는 교회 장면을 촬영한 장소로 이야기의 시작점이 되는 곳으로 충분히 인상적인 모습의 장소이다. 극 중 이름은 ‘부산가족교회’였다. 언덕이 많은 부산의 지형을 잘 보여주며 40년이 넘는 역사가 쌓인 외관이 영화의 분위기와 잘 어울린다. 길 아래로 걸어 내려오면 극 중에서 등장한 벽화와 정겨운 동네의 풍경 그리고 같은 영화 촬영 장소인 전포삼거리의 버스정류장과 공중전화 부스가 보인다.,
2946508,부산 영화의 거리,도시지역문화관광,"부산 영화의 거리는 이국적인 느낌이 물씬 나는 곳이다. 광안대교가 보이는 해운대 해변으로 부산 배경의 영화 포스터와 영화 조각상 등으로 꾸며져 있어 길을 따라 걸으며 감상할 수 있다. 천만 관객 영화존, 애니메이션존, 해운대 배경 영화존 등의 테마로 구성돼 있다. 거리 중간중간 망원경도 설치되어 있어서 아름다운 부산 바다와 광안대교를 가까이 살펴볼 수 있다. 산토리니 광장에는 황정민, 이병헌, 김혜수, 설경구 등 대한민국을 대표하는 배우들의 핸드 프린팅이 벽에 걸려 있다. 광안대교는 야경이 아름답기로 유명해 영화의 거리는 저녁시간에도 사람들의 발길이 끊이지 않는다.",
2776276,옥정사,종교성지,"옥정사(玉井寺)는 헌종 1년(1835)에 창건된 절이 절터만 남아 방치되었던 곳을 승려 박긍해(朴亘海)가 1907년에 다시 만든 사찰로 부산 달음산 기슭에 자리한 불국사의 말사이다. 달음산은 동해 해돋이의 햇살이 우리나라에서 가장 먼저 닿는 산으로 유명하다 한다. 당시 박긍해는 마을 친구에게 희사(喜捨) 받은 옛 절터 부지에 작은 초가집과 토굴을 만들어 참선하는 승려들이 찾아오도록 하였다 한다. 이후 증축, 개축이 이어졌고 1994년에는 스리랑카에서 부처님의 진신사리를 모셔와 3층 석탑에 모셨다. 2020년 기장군은 옥정사 인근에 편백숲 둘레길을 조성하여 산책길과 숲 속 쉼터 등의 힐링 공간을 만들어 관람객들의 힐링을 돕고 있다.",
2775559,해광사,종교성지,"해광사는 기장군 해변의 오랑대 앞에 자리한 작고 소박한 사찰이다. 부처님 말씀이 바다처럼 넓고 깊다는 뜻의 ‘해(海)’와 중생의 길을 밝히는 빛의 ‘광(光)’의 의미를 담고 있다. 100여 년 전 승려 김목암이 창건하였다고 전해온다. 바다에서 인양한 목조불상을 봉안한 것이 절의 역사인데 바닷물에 오래 잠겨있던 목조불상의 보존처리가 제대로 되지 않아 1974년 법당 언덕에 예를 다해 묻고, 절 이름을 ‘해광사’로 바꿨다 한다. 기장은 본래 한양(서울)에서 가장 멀리 유배 보낼 수 있는 지역에 해당하기 때문에 유배와 관련된 많은 이야기가 숨어있다. 특히 오랑대는 고산 윤선도가 푸른 바다와 산세의 절경에 취해 시를 읊었다는 이야기가 전해진다. 바다 위에 우뚝 서있는 용왕단이 특히  유명하다.",
2775495,해동성취사,종교성지,"부산광역시 기장군에 있는 해동 성취사는 2000년에 창건된 사찰로 대웅전, 지장전, 요사채 그리고 동굴 형태의 산신각을 갖추고 있다. 우암 주지스님은 한국 전통 불교 계승에 앞장서기 위하여 소리를 공양하는 범음범패(梵音梵唄)를 이수하고 불교의 가르침을 전해오고 있다. 소리로 부처님 말씀을 전하는 범음범패는 입에서 입으로 전해져 오는 한국 고유의 불교음악으로 예불과 불공 의식의 시간이 맞는다면 천상의 소리도 들을 수 있다.",
347229,월명사(부산),종교성지,"월명사는 부산 기장군 일광면 일광산 자락에 위치해 있다. 들머리는 한센병 환자 공동체마을인 ‘삼덕마을'로부터 시작된다. 부산에서 14번 국도를 따라 반송동을 거쳐 기장, 일광면으로 접어들어도 되고 부산 도심을 통과한 후 경치 좋은 해운대를 거쳐 송정, 기장, 일광면으로 향해도 좋다. 일광 바다 바로 뒤편, 병풍처럼 버티고 앉은 일광산(日光山)은 해 떨어지는 낙조가 특히 아름답다 하여 일광팔경 가운데 하나인 일광낙조(日光落照)로 이름난 곳이다. 

바로 이곳, 일광산 자락에 자리한 월명사는 비록 넉넉한 사세는 갖추지 않았지만 경내 뜰 곳곳에서 아기자기하고 소탈한 면면들을 발견할 수 있는 그리 알려지지 않은 태고종 사찰이다. 전해오는 일설에 따르면 예로부터 불상을 모시고 치성을 드린 기도처였다고는 하나 현재로서는 1882년 범어사의 김법성 스님이 창건한 수행도량으로만 알려져 있을 뿐 이렇다 할 기록이나 추정할 만한 유물도 없다. 경내 샘에서 솟아나는 오랜 효험의 약수가 인근 마을 사람들의 입을 통해 명약으로 알려져 있고, 월명사(月明寺)와 친분이 있는 불교미술 작가들이 이곳에서 작품활동을 하는 터라 경내 곳곳에서 나한상과 동자상들을 심심찮게 볼 수 있어 좋다. 일광산의 해와 월명사의 달이 어우러져 조화를 이룬 곳이라 자연의 흐름을 거스르지 않은 채 있는 그대로 앉아있는 월명사는 현재 신도는 많지 않으나 경내로부터 시작되는 가파르지도 험하지도 않은 호젓한 산책코스를 이용하는 등반객들의 쉼터로 이용되곤 한다.",
337415,안적사(부산),종교성지,"부산광역시 기장군 기장읍에 있는 사찰로 대한불교조계종 제14교구 본사 범어사의 말사이다. 원효와 의상스님의 수행설화가 함께 전해져 내려온 안적사는 예부터 기장현의 4대 명찰로 기록되어 왔으며 신라의 원효대사가 창건하였다. 광복 이후까지 소실 또는 폐사되었다가 중창되어 현재에 이르고 있다. 대웅전을 중심으로 삼성각, 설현당, 보림원 등 10동의 건물이 있다. 대웅전은 정면 3칸, 측면 3칸의 다포식 팔작지붕 건물이다. 1990년 무렵 지어졌으며, 아미타여래 좌상과 관음보살·대세지보살이 모셔져 있다.",
3511057,주식회사뷰티홀릭,웰니스관광,"주식회사 뷰티홀릭은 부산 광안리를 중심으로, K-뷰티와 해양 웰니스를 결합한 이색적인 뷰티 체험 프로그램을 운영하고 있다. ‘뷰티 놀이터’에서의 체험형 K-뷰티 콘텐츠와 함께, 해양 뷰티 테라피를 통해 일상에 지친 몸과 마음을 힐링할 수 있는 시간을 제공한다.

<체험 안내>
1.해양 힐링 뷰티 DIY 체험
-내용: 해초비누, 입욕제, 립밤 만들기 등 해양 원료를 활용한 뷰티 키트 체험
-체험가능연령: 만 8세 이상 (보호자 동반시)
-체험 소요시간: 약 60~90분
-수용인원: 1회당 4~6명

2.광안리 감성 K-네일 체험
-내용: 바다·파도·조개 등을 모티브로 한 광안리 전용 아트 네일 디자인 제공. 젤네일 또는 네일팁 시술 선택 가능. 여행 기념으로 ‘부산 감성 네일’ 완성!
체험 후 광안리 바다 배경의 네일 포토존 제공
-체험가능연령: 만 15세 이상
-체험 소요시간: 약 40~60분
-수용인원: 1회당 3~4명 (예약제)

3.키즈 K-네일 체험 (놀이형 프로그램)
-내용: 만 6세 이상 어린이를 위한 놀이형 광안리네일 체험. 무독성 바다네일컬러, 캐릭터 네일 스티커, 모래반짝이,조개 아트 등으로 아이들이 직접 고르고 꾸미는 네일 놀이
체험 후 ‘키즈 네일 디자이너 인증서’ 증정,네일 아트 놀이 네일팁 키트 제공
키즈 포토존 인증샷 이벤트 진행",
126856,부산 중앙공원,도시공원,"중앙공원은 과거 대청 공원과 대신 공원으로 각각 나누어져 있던 것을 효율적 관리와 시민들에게 더 나은 휴식처 제공을 위해 1986년 통합된 공원이다. 구 대청 공원은 구봉산 자락에 위치하고 있으며 공원 내에 부산 민주 항쟁 기념관, 민주 공원, 대한민국 건국 이후에 나라를 위해 싸우다 죽은 국군과 경찰관의 영령을 모시는 위령탑인 충혼탑 등이 있다. 구 대신 공원은 구덕산과 엄광산 자락에 위치하고 있으며 공원 내에 구덕 민속 예술관, 자갈 마당 등이 있다. 공원 주변 관광지로는 용두산 공원, 복병산 체육공원, 자갈치 시장 등이 있다.",
2944033,전포 삼거리,도시지역문화관광,"영화 <브로커> 예고편에서 가수 겸 배우 아이유가 우울한 모습으로 서 있던 버스정류장은 전포 삼거리 정류장이다. 바로 옆에는 그녀가 경찰에게 신고 전화를 걸려 하던 공중전화 부스 두 개가 나란히 서 있다. 현재는 공중전화 부스가 1대만 설치되어 있다. 붉은 벽돌, 색이 바래진 벽화와 기울어진 전봇대, 폭 좁은 인도 등 꾸며지지 않은 모습 그대로의 모습은 부산의 90년대 모습을 떠오르게 한다. 이곳은 영화 팬들의 포토 스폿으로 영화 주인공처럼 사진 찍기 위해 방문을 한다. 이 근처 전포 카페거리가 있어 연계관광으로 방문해 보는 것을 추천한다.",
346661,운수사(부산),종교성지,"운수사는 부산광역시 사상구 백양산에 자리한 사찰로, 가야국 때 지어진 것으로 추정된다. 원래는 신수암으로 불렸으나 18세기 이전에 운수사로 바꾸었다고 한다. 임진왜란으로 가람이 전소되고 1660년 현재의 대웅전이 중수되었다. 현재 운수사는 대웅전을 중심으로 좌우로 삼성각, 용왕각이 자리하고 있으며 이 외에도 심검당과 세진당이 자리하고 있다. 운수사에는 보물로 지정된 대웅전과 유형문화재인 대웅전 석조여래 삼존좌상, 문화재자료인 아미타 삼존도 등의 문화유적이 보존되어 있다. 불교 성지와 유적지 탐방, 차 덖기 등을 체험할 수 있는 템플스테이와 재가신도 및 일반인을 대상으로 부처님의 가르침을 전하는 불교대학을 운영하고 있다.",
2554070,깡깡이 예술마을,도시지역문화관광,"깡깡이 예술마을은 자갈치시장 건너편, 영도대교, 남항대교와 맞닿은 곳에 자리 잡고 있는 버선 형상의 마을이다. 두 군데의 물양장에는 배들이 가득 들어 차있고 십여 곳에 달하는 수리조선소에서는 선박들의 출입이 여전히 활발하여, 항구에서 발원하고 꽃피운 해양문화수도 부산의 원형을 확인할 수 있는 곳이다. 깡깡이란 수리조선소에서 배 표면에 녹이 슬어 너덜너덜해진 페인트나 조개껍데기를 망치로 두드려 벗겨낼 때 ‘깡깡’소리가 난다 하여 생겨난 말인데, 그 무렵 ‘깡깡이마을’이라는 별칭이 생긴 뒤 지금까지도 그 이름으로 불리고 있다. 현재도 십여 곳의 수리조선소와 200여 개에 달하는 공업사와 선박 부품 업체가 마을 공간의 대부분을 차지하고 있어 부산시 발전의 주요 동력분야인 조선산업의 발전사를 고스란히 볼 수 있는 장소이다.",
2554068,부산영화체험박물관,산업관광,"부산영화체험박물관은 전국 최초의 영화 관련 전문 전시 체험 시설이다. 영화의 원리를 이해하고 제작의 즐거움을 체험할 수 있는 다양한 전시시설 및 영화의 과거와 미래를 연결하는 하이테크 시네마를 갖추고 있다. 이야기가 있는 콘텐츠와 다양한 체험시설을 통해 영화의 모든 것을 보고, 느끼고, 즐기는 문화 공간이다. 전시체험을 통해 한 편의 재미있는 영화탐험스토리를 따라가면서 영화의 역사와 원리, 영화의 장르 및 제작방법, 영화축제 등의 영화 콘텐츠를 쉽고 재미있게 체험할 수 있다.",
2456837,부산 영화의 전당,산업관광,"영화의 전당은 다양한 장르의 영화와 품격 있는 공연을 감상할 수 있는 곳으로, 부산을 대표하는 영상복합문화공간이다. 2011년 개관 이후 유네스코 영화 창의도시 최고 등급 획득, 영화관 최초 ‘실내공기 우수시설’ 인증, 4회 연속 코리아유니크베뉴 선정 등을 통해 국내를 대표하는 문화예술 기관으로 자리매김했다. 부산국제영화제 개·폐막식이 열리는 4000석 규모의 야외극장을 포함하여 하늘연극장, 중극장, 소극장, 시네마테크, 인디플러스, 영화도서관 등의 다양한 규모의 극장을 갖추고 있다.",
127752,태종대온천찜질방,웰니스관광,"태종대 온천 찜질방은 천혜의 절경을 자랑하는 태종대에 인접하고, 태종대 자갈마당과 3분 거리에 있으며, 영도 봉래산을 끼고 있어 온천과 함께 산, 바다, 공원을 함께 즐길 수 있는 곳에 위치하고 있다. 
태종대 온천은 미네랄이 다량 함유된 식염온천수에 각종 한약재와 허브 등을 탕에 첨가하였다. 식염온천수는 총광물질(미네랄) 용존율 2,270㎎/ℓ로 우리나라 평균 단순천 300㎎/ℓ보다 7배나 높은 질 좋은 온천수로, 몸에 좋은 염분이 피부에 부드러운 자극과 온열작용을 동반하여 류마티스, 신경통, 창상, 요통, 근육통 등에 효능이 뛰어나다. 피라미드탕, 노천탕, 건강탕 등으로 이루어져 있다. 찜질방은 아이스방, 소금방, 황토방, 마사지실, 수면실, 한식당, 놀이방, 매점 등의 휴식 공간으로 구성되어 있다. 헬스클럽은 496㎡의 운동공간에 유산소, 웨이트 장비들을 갖추고, 과학적이고 친절한 지도자의 단계별 체계적인 운동처방을 시행하고 있다.",
128053,선암사(부산),종교성지,"선암사는 대한불교 조계종 제14교구 본사인 범어사의 말사이다. 675년 원효(元曉)가 창건하였다. 창건 당시에는 견강사(見江寺)라고 불렀으며, 절 뒷산 절벽 바위 위에서 화랑들이 무술을 닦으면서 절 이름을 선암사로 바꿨다고 하기도 하고, 1483년 각초(覺招)가 중창하면서 바꿨다고도 한다. 1568년 신연(信衍), 1718년 선오(禪悟)가 각각 중수했고 1918년에는 동운(東雲)이, 1955년에는 혜수(慧修)가 중수하였다. 선암사에는 휴식형 템플스테이를 운영하고 있으며, 불교교양대학과 원효합창단, 불교봉사단, 도자기 만들기, 용왕기도 등 다양한 행사들을 운영하고 있다. 선암사 시설로는 대웅전을 중심으로 극락전, 관음전, 명부전, 조사전, 칠성각, 산신각, 요사채와 종각이 있는 극락정토 도량이며, 석축 위 동백나무가 아름답다. 경내를 관통하고 흐르는 계곡에 있는 돌다리가 극락교이며, 용왕단 뒤쪽으로 흐르는 조그마한 폭포가 선암폭포이다.",
252562,부산대교,랜드마크관광,"부산대교는 부산광역시 영도구 봉래동과 중구 대교동을 연결하는 다리이다. 영도 대교가 영도의 유일한 다리로 심각한 정체 현상을 보이는 시점에서 대형 화물 수송이 가능하고 교통량을 분담하기 위해 부산 개항 100주년을 기념해 건립되었다. 1934년 준공된 영도대교와 더불어 영도와 내륙 부산을 연결하는 동맥이자, 부산의 산업을 촉진시키는 교통로이기도 하다. 많은 난점을 해결하면서 순수 우리의 기술과 자재를 가지고 완공한 국내 최초의 3경간 연속아치교로 유명하다. 1976년 10월에 착공하여 1981년 1월 30일에 완공됨으로써 기계공업단지 및 신흥만으로 성장하는 영도지구의 물동량을 신속히 처리할 수 있는 산업도로 겸 임항도로로서 기능을 발휘하게 된 부산의 새로운 명물이다.",
985921,미술의거리,도시지역문화관광,"부산광역시 중구에 위치한 ‘미술의 거리’는 예술과 일상이 자연스럽게 어우러지는 공간으로 다양한 전시와 체험을 통해 시민들과 관광객들에게 풍부한 문화 경험을 제공하고 있다. 미술의 거리 기념전, 부산국제영화제 특별전, 문화체험행사 등 크고 작은 전시회와 함께 각종 시연, 체험교실 및 후배 양성, 다양한 미술품의 제작과 보급 등 부산미술의 아방가르드 역할을 해오고 있다. 또한, 부산 중구의 관광벨트 내지는 문화벨트의 중심지적 역할에 충실하면서 부산문화예술의 수준 향상에 기여하고 있다.",
1607242,보광사(부산),종교성지,보광사는 수정산 자락에 있는 대한불교 조계종의 사찰로 부산광역시 동구 범일동에 위치해 있다. 현대에 지어진 사찰로서 깨끗한 경내시설을 갖추고 있고 도시에서 산을 접할 수 있는 곳에 자리해 방문객들의 편의를 높였다. 보광사 대웅전에는 18세기 전후에 제작된 불상인 목조아미타여래삼존상이 봉안되어 있으며 보존 상태도 양호하다. 색난 계열의 조각승에 의해 제작된 불상으로 추정된다. 본존은 아미타여래이며 양측의 좌우협시보살은 관음과 대세지보살로서 모두 3구로 구성되어 있다.,
1608751,태종사,종교성지,"태종사는 태종대공원 안에 있는 사찰로 1976년에 건립된 대한불교 조계종 사찰이다. 1983년 9월 스리랑카 한국 유학생 오병문의 소개로 스리랑카 정부로부터 부처님 진신사리 1과와 보리수나무 2본을 기증받아 이곳에 봉안 및 생육하고 있으며, 태종사 경내에는 약 3,000그루의 수국이 군락을 지어 있으며, 개화기에 만개해 꽃들의 향연을 펼쳐지는 곳이다. 꽃 가꾸기를 좋아하는 도성스님께서 40여 년 동안 국내외 명승지 등 산사에서 수집하여 조금씩 심기 시작한 것이 수국꽃 군락지로 조성되었고, 2006년부터 매년 7월 초에 수국꽃 축제가 열리고 있다. 이 밖에도 탁발 법회 백중, 성도일 법회, 정기 예불 등의 예불과 특별행사가 열리고 있다.",
1935608,가톨릭 특성화 거리,도시지역문화관광,"부산 금정구 부곡동 지산고등학교 정문에서 가톨릭대학교 정문 인근의 구간은 일명 ‘가톨릭 특성화 거리’로 불린다. 한국순교복자수녀회, 오륜대 한국순교자박물관, 사도성요한수도회 등 가톨릭 관련 대학과 고등학교를 비롯해 두 개의 수녀회 본원과 성지, 복지, 피정 시설까지 자리하고 있기 때문이다. 지산고등학교 벽면에는 한국 가톨릭의 박해기, 부흥기를 거쳐 현재에 이르기까지 역사적 사건이 조각되어 있다. 특성화 거리를 이루고 있는 상징물들은 독수리, 교회, 수도회 등이 있다.",
2675011,땅뫼산,자연경관(산),"땅뫼산 둘레길은 황토숲길로 조성되어 있으며, 맨발로 걸을 수 있도록 발 씻는 곳을 마련해 두고 있다. 황토숲길은 1.7km에 걸쳐 조성되어 있어서 여유롭게 걷는다면 약 30분이면 완주할 수 있는 길이다. 빽빽한 편백림을 가로지르며 맨발에 닿는 황토의 차가운 감촉을 즐길 수 있는 황토숲길에는 숲 속 오솔길과 나무데크 산책로를 한참 걸어가면 호수 습지에서 자생하는 나무들을 만날 수 있다. 땅뫼산 생태숲은 회동수원지를 곁에 두고 걷는 길로 수려한 자연경관이 곳곳에 이어지는 아름다운 산책로이다. 맨발로 황토숲길을 걸으면 발바닥이 자극되어 혈액순환 개선, 소화 기능 개선, 기억력 증진, 불면증 예방 등 다양한 효과가 있다고 전해진다.",
2708108,범일 이중섭거리,도시지역문화관광,"범일 이중섭거리는 부산 동구 범일동에 위치한 곳이다. 이중섭은 대한민국의 화가로 한국전쟁 시절 피란민촌인 범일동에서 머물렀다고 한다. 이중섭거리에는 이중섭 갤러리, 이중섭 계단, 이중섭 전망대를 구경할 수 있는데 전망대에서는 범일동의 풍경을 훤히 내려다볼 수 있다. 또한 거리를 거닐다 보면 이중섭 화가의 작품들과 다양한 포토존을 볼 수 있다. 거리의 미술관이라고 불리는 이중섭거리에서 작품을 감상하며 추억을 남기는 여행을 즐길 수 있다.",
129093,송도마을,도시지역문화관광,송도 마을은 부산광역시 서구 암남동에 위치한 자연 마을로 송림이 우거져 송도로 불렸다. 마을 형성 시기에 대해서는 알려진 바가 없다. 송도 마을이 송도 해수욕장 형성 이전인지 이후인지를 정확히 알 수 없으나 광복 이전까지는 이 주변 해안이 모두 일본인 전용 구역이었다고 한다. 이 지역은 일제 강점기 부산부 암남정에 속했고 1951년 서구 출장소가 설치되었고 1957년 서구 암남동에 속하였다. 광복 이후 송도 해수욕장이 거북섬과 연결되는 구름다리에 케이블카 (2002년 5월 철거)가 설치되는 등 관광지로 각광을 받으며 마을은 횟집이 늘어나며 번성하게 된다. 1963년 부산직할시 서구 암남동 송도 마을이 되었으며 1995년 부산광역시 서구 암남동 송도 마을이 되어 현재에 이른다.,
1953936,기장향교,역사유적지,"기장향교는 조선 광해군 1617년에 처음 지어졌다. 1855년의 성묘중수기(聖廟重修記)가 남아 있는데, 지금 있는 대부분의 건물은 이때 지어진 것이다. 건물 배치는 교육 공간인 명륜당을 앞에 두고, 제사 공간인 대성전을 뒤로한 전학 후묘의 공간 구성을 이루고 있다. 현존하는 건물로는 대성전, 명륜당, 동재·서재, 풍화루, 내삼문, 외삼문 등이다. 대성전은 앞면 세 칸, 옆면 세 칸 규모이며, 지붕은 옆면에서 볼 때 사람 인(人) 자 모양인 맞배지붕이다. 안쪽에는 공자를 비롯하여 중국과 우리나라 성현의 위패를 모시고 있다. 명륜당은 학생들이 모여 공부하는 강당으로, 양쪽칸은 온돌방이고 가운데 3칸은 마루로 되어 있다. 조선시대에는 나라에서 토지와 노비책 등을 지원받아 학생들을 가르쳤으나, 지금은 교육 기능은 없어지고 제사 기능만 남아 있다.",
3510987,주식회사감천아울,기타체험,"주식회사감천아울은 감천문화마을을 배경으로, 환경을 생각하는 업사이클링 굿즈를 제작·판매하는 관광두레 주민사업체다. 주민의 손으로 만들어지는 제품들은 폐현수막과 자투리 천 등을 활용해 감천문화마을의 이야기를 담아낸다. 대표 상품인 '업사이클링 에코백’은 지역 내에서 수거한 소재를 활용해 제작되며, 감천의 감성을 담은 실용적인 친환경 아이템이다.",
3511018,주식회사어반힐링,기타체험,"주식회사어반힐링은 ‘컬러를 찾아 떠나는 로컬 여행사’를 콘셉트로, K-뷰티와 퍼스널컬러 체험을 결합한 지역 관광 상품을 운영하고 있다. 대표 상품인 ‘Make up my trip’은 퍼스널컬러 진단과 메이크업 체험, 로컬 투어가 결합된 여행 상품으로, 컬러풀한 하루를 제공한다. 부산을 찾는 외국인 관광객을 대상으로 운영되며, 웰니스 체험과 야간 투어 등 다양한 수요에 맞춘 프로그램도 함께 제공한다.",
3511071,주식회사피알아이피,기타체험,"The, PRIP은 부산 수영구의 독립책방 ‘The, PLACE’를 거점으로, 여행을 주제로 한 체험형 프로그램을 운영하고 있다.  같은 여행이라도 각자의 방식으로 더 깊고 특별한 추억을 남길 수 있도록, 여행의 기억을 직접 담아내는 기념품 만들기 체험을 제공한다. 일반적인 관광 기념품이 아닌, 나만의 손으로 완성한 결과물을 통해 여행의 의미를 오래도록 간직할 수 있다.",
2907087,반송공원,도시공원,"부산 해운대구에 있는 반송공원은 경찰특공대 부지 89,840㎡에 조성되었다. 광장과 쉼터가 있는 진입 공간, 풋살장 같은 운동 공간, 가족 단위로 이용하기 좋은 피크닉 마당, 숲속 놀이터까지 누구나 즐기기에 좋은 다양한 공간으로 구성되어 있다. 접근성이 좋으며 공원에서 살짝만 더 올라가면 울창한 숲과 연결되는 장산 등산로 진입로가 있어 가벼운 등산을 하기도 좋다. 해운대 집라인 놀이터로도 유명한 반송공원은 아이들이 좋아하는 미끄럼틀, 해먹, 시소 등 다양한 놀이시설이 통나무로 만들어져 있다. 반려동물과 동행 시 목줄과 배변 봉투를 지참해야 하고 반송휴산림공원도 가까이 있어 함께 방문하기 좋다.",
2733472,황령산 전망대,랜드마크관광,"황령산 전망대가 위치한 황령산은 부산의 4개 구(부산진구, 연제구, 수영구, 남구)에 걸쳐져 있는 만큼 부산의 중심부에 있는 산으로 봄이면 양쪽으로 벚꽃이 흐드러진 길이 드라이브 코스로 인기가 많다. 또한 황령산 전망대까지 이어져 외지인들도 알 만한 야경 명소를 위한 최적의 조건을 갖추었다. 형형색색으로 빛나는 송신탑과 전망대를 밝히고 있는 아늑한 불빛이 산 아래로 한눈에 담을 있게 펼쳐진 부산 전역의 모습을 더욱더 아름답게 만든다. 내부 및 외부 시설을 활용하여 경관을 감상하면서 커피 및 식사를 즐길 수 있다. 지하 1층에는 60명 정도의 단체 고객들이 특별한 이벤트를 개최할 수 있도록 조성되었다.",
2822343,해운대 그린레일웨이 (미포~송정 구간),기타자연관광,"해운대 그린레일웨이는 동해남부선 옛 철도시설을 친환경적으로 재개발하여 수려한 해안 절경을 감상하며 산책할 수 있는 도심 산책로이다. 해운대 미포~청사포~송정 구간은 4.8㎞ 거리로 수려한 해안 절경을 따라 양방향으로 걸을 수 있으며 산책로 방향에 따라 광안대교, 달맞이, 마린시티 등 대표 관광지를 한눈에 담을 수 있는 명소이다. 산책로 구간 내 대표적 관광지로는 2017년 개장한 청사포 다릿돌 전망대, 2022년 1월 개장한 바다소리 갤러리가 있으며 미포~송정 구간은 2020년 10월에 개장한 해운대해변열차와 스카이 캡슐이 운행되는 구간으로 해운대 관광특구의 핵심 시설이 밀집된 구간이다.",
2614714,낙동강하구 (부산 국가지질공원),자연경관(하천‧해양),"부산광역시 사하구에 위치한 낙동강하구 지질명소는 천연기념물로 지정된 문화재보호구역이다. 낙동강하구는 모래와 자갈이 쌓여 수면 밖으로 드러나있는 크고 작은 연안사주와 넓은 갯벌이 펼쳐져 있고 대마등, 맹금머리등, 장자도, 신자도, 백합등, 도요등, 진우도로 불리는 크고 작은 연안사주들이 장관을 이루고 있는 곳이다. 낙동강하구 지질공원은 을숙도 낙동강하구탐방체험장에서부터 시작하여 낙동강에코센터, 낙동강하굿둑, 장림포구, 홍티포구, 아미산 전망대, 다대포해수욕장까지 이어지는 지질공원으로 낙동강하구에코센터는 지질공원 안내센터로서 다양한 지질 유적 전시와 영상, 하구답사 등을 진행하고 있는 곳이다. 아미산 전망대에도 연안사주, 낙조 등 천혜의 절경을 조망할 수 있으며 낙동강하구 삼각주의 형성 과정 등 지질유산에 대한 다양한 자료를 전시하고 있다. 낙동강하구의 삼각주 지형은 우리나라에서 흔하지 않을 뿐만 아니라 최대 규모를 자랑하며 지질학적 가치가 매우 높은 지질명소이다.",
127149,민주공원,도시공원,"부마민주항쟁 20주년 기념일인 1999년 10월 16일에 개관한 부산에 있는 민주공원은 4·19 민주혁명과 부마 민주 항쟁 및 6월 항쟁으로 이어져 온 부산시민의 숭고한 희생정신을 기리고 계승 발전시키기 위해 조성하였다. 
민주공원 내부 시설인 민주항쟁기념관 2층에는 상설전시실인 늘 펼쳐보임방이 있고, 3층에는 기획전시실인 잡은펼쳐보임방이 있으며, 1층에는 공연장(큰방, 작은방)이 있어 국제회의와 학술행사, 각종 강연회, 노래와 연극·영화·무용 발표회 등 복합문화공간으로 활용되고 있다. 외부 시설로는 장승터가 있으며 장승터에는 민족통일대장부와 민족평화여장부, 민족통일대장군, 민주평화여장부 등의 장승이 세워져 있으며, 역동적인 행사나 공연이 열리는 야외극장과 민주화 운동 과정 중 돌아가신 분들을 기리는 넋기림마당, 전망대, 4·19 광장 등이 조성되어 있다.",
3442423,부산기후변화체험교육관,산업관광,"부산기후변화체험교육관은 부산광역시 북구 화명동에 위치한 환경 교육 시설로, 기후변화와 에너지 절약에 대한 체험 및 교육을 제공하는 공간이다. 지하 1층, 지상 2층 규모로 신재생에너지 설비, 체험관, 영상관 등을 갖추고 있으며, 어린이와 청소년 대상의 다양한 체험 프로그램을 운영한다.",
769761,다대포 꿈의 낙조분수,랜드마크관광,"다대포 꿈의 낙조분수는 다대포해수욕장 입구 광장에 설치된 분수로 세계 최대 규모를 갖추고 있는 음악분수이다. 2010년 3월 27일 개장을 시작으로 매년 4월부터 10월까지 개장 및 운영을 하고 있다. 분수 바닥 면적 2,538㎡, 원형 지름 60m, 둘레 180m, 최대 물높이 55m 세계 최대 규모로 (사)한국기록원으로부터 대한민국 및 세계 최대 기록으로 인증서를 받은 바 있으며, 2010년 3월 27일 기네스월드레코드에 ‘세계최대 바닥분수’로 등재되었다.
다대포 꿈의 낙조분수는 20종 29개의 소분수로 학날개 형상, 무지개 형상, 해바라기 형상, 안개 등 다양하게 연출이 가능하다. 또한, 가요, 팝송, 클래식 등 매달 60여 곡의 다양한 음악과 함께 선보인다. 무엇보다도 특별한 사연이나 프러포즈 등의 내용이 담긴 메시지를 미리 신청해 놓으면 분수 쇼가 진행되는 동안 그 내용을 소개해주기도 한다. 이곳을 찾은 사람들이 직접 참여하여 좀 더 다양하게 즐길 수 있는 계절별, 테마별 다양한 프로그램을 마련했다. 화려한 장관을 연출하는 분수쇼를 보는 것만으로도 좋은 볼거리가 되지만, 많은 사람들과 함께 즐길 수 있는 프로그램을 통해 분수 쇼와 더불어 좋은 추억거리가 하나 더 생기는 셈이다.",
2875849,대천공원,도시공원,"대천공원은 해운대구 신시가지 조성과 함께 문화휴식 공간을 제공하기 위해 조성된 시민공원이다. 대천호 둘레를 따라 산책로가 잘 갖추어져 있고 어린이들을 위한 놀이시설도 갖춰져 있다. 특히, 대천공원을 방문하는 사람들의 시선을 사로잡는 것은 만선을 기원하는 커다란 상징 조형물과 인공 호수인 대천호다. 호수의 반은 아파트가 빼곡한 도심지의 풍경이, 나머지 반은 수려한 장산의 수림대 풍경이 펼쳐져 있다. 아침저녁으로 호수 둘레를 산책하려는 시민들이 많고 한낮엔 어린이와 함께 여가를 즐기는 가족 단위 방문이 많다. 공원 곳곳에 휴식을 취할 수 있는 정자와 벤치가 있고 야외무대와 광장이 있다. 매점과 화장실 같은 편의 시설도 잘 갖춰져 있다. 주변에 부흥 공원, 동백섬, 해운대 달맞이 공원, 청사포 등도 있다.",
2875837,달맞이동산,도시공원,"달맞이 동산은 부산시 해운대구 달맞이 길에 있는 산책로 겸 공원이다. 해운대해수욕장 동쪽에서 청사포(靑沙浦)로 넘어가는 와우산 중턱, 달맞이 고개를 말한다, 짙은 숲으로 드리워진 달맞이 고개에서 바라보는 월출(月出)은 대한 팔경의 하나로 예로부터 시인과 묵객들이 즐겨 찾았다. 현대에 들어와서도 음력 정월대보름 등에 보름달을 구경하는 관람객이 많이 찾는다. 특히 봄철에는 길가에 벚나무가 화사하게 꽃을 피워 장관을 이룬다. 1997년에 세워진 해월정은 달맞이 공원의 상징물이기도 하다. 달맞이와 꽃구경을 한꺼번에 할 수 있다는 곳으로 야외음악당과 달맞이 조각공원, 야생초화원도 있다.",
2756696,화명수목원,자연공원,"화명수목원은 금정산 자락에 위치한 부산 최초 공립수목원으로, 수목유전자원의 보존과 증식 및 전시를 통해 지역 생태계를 보전하고 있다. 계절의 변화에 따라 다채롭고 매력적인 자연경관과 생물다양성 관찰 기회를 제공하고 있으며, 숲에 대한 올바른 가치관 확립을 위해 다양한 체험 프로그램 운영되고 있다. 9개의 주제원과 숲전시실, 전시온실, 숲속쉼터 등 관람시설이 조성되어 있으며, 화장실, 주차장 등 편의시설이 설치되어 있다.",
2867934,녹산고향동산,도시공원,"부산 강서구에 있는 녹산고향동산은 낙동강을 보면서 산책할 수 있는 공원이다. 맞은편에 둔치도 있어 더 운치가 있다. 기념관, 야외무대, 놀이터, 족구장, 전망데크, 산책로, 쉼터 등 다양한 문화공간으로 이루어져 있다. 가볍게 산책하기 좋고, 당일치기 캠핑, 차박, 낚시 등이 가능해 날이 좋을 때나 주말에는 많은 사람이 찾는다. 취사는 할 수 없지만, 배달 음식을 먹는 것은 허용된다. 공원 근처 편의점을 이용할 수도 있으며 돗자리, 텐트도 이용이 가능하여 날씨 좋은 날 피크닉 하기에도 좋다. 강가 주위에는 낚시하는 사람들도 종종 볼 수 있다. 차로 25분 거리에 가덕도 정거마을 문화거리도 있어 함께 방문해 보면 좋다.",
1942299,남선창고터,역사유적지,"남선창고터는 1900년 함경도에서 배로 물건을 싣고 와서 보관하던 최초의 물류 창고로, 초기에는 북선창고라 불리었으며 경부선을 통해 서울까지 물류를 운반하기 전에 보관하는 곳이었다. 이후 경원선이 생기면서 윗지방에 북선창고가 만들어지자 이름을 남선창고로 변경하였다. 부산 최초의 근대적 물류창고인 남선창고는 1900년 초량객주 정치국이 초량동에 세웠다. 냉동고가 없던 시절에 바닥에 수로를 만들어 물기를 제거하고 서늘하게 유지하는 방법을 사용했다. 바로 옆 옛 백제병원과는 달리 2009년에 철거되어 지금은 붉은 벽돌로 쌓은 담장만 남아있다. 해방 전까지는 주로 명태창고로 활용되어 일명 명태고방으로도 불렸다. 이후 부산산업경제 변화의 흐름을 타고 화공약품, 합판, 신발, 러시아 보따리 상인들의 짐, 가전제품 등을 위탁 보관하는 일반창고의 역할을 해 왔다.",
1846830,남도해양열차 에스트레인(S-train),기타체험,"남도해양관광열차 에스트레인은 경상남도와 전라남도를 연결하는 관광열차이다. 에스트레인의 에스는 바다(Sea)의 첫 글자와 곡선 모양의 경전선, 리아스식 해안인 남해안 모양을 형상화한 것이다. 천혜의 자연경관과 풍성한 남도의 문화를 이어주는 행복하고 편안한 슬로우 기차여행을 추구한다. 기차는 남도 해양의 특징인 다도해의 모습과 쪽빛 바다의 물결을 서정적인 심볼로 형상화한 외관으로 장식했다. 남도해양열차는 4량의 객차로 1호차는 힐링실, 2호차는 다례실, 3호차는 가족실, 4호차는 이벤트실, 자전거 거치대로 구성되어 있다. 남도해양열차는 서울, 서대전, 전주, 순천, 여수를 지나는 전라선과 광주송정, 벌교, 순천, 진주, 마산, 구포, 부산역으로 이어지는 경전선이 있다. 운행시간은 코레일에서 확인 가능하다.",
319563,성암사(부산),종교성지,"부산의 중심인 황령산의 작은 봉우리인 갈미봉 자락에 위치하고 있는 성암사는 거북이가 알을 낳고 있는 형국이라고 하여 부귀와 재물을 상징한다고 하는 명당 자리에 있다. 성암사 뒷산에는 머리와 등 부분이 거북이 모습을 한 바위를 볼 수 있는데 거북이가 알을 낳는 자리의 기운 때문인지 옛날부터 삼성전과 용왕당에서 기도를 드리면 자손을 얻는다는 전설이 전해지고 있다. 역대로 성암사 신도 가운데 사법시험을 비롯한 각종 국가고시에 합격한 사람이 많이 배출되었다고 하고 있어, 거북바위의 전설이 신기한 곳이다. 구전에 의하면 성암사는 고려말 창건된 오래된 전통 있는 고찰이며, 현재에는 초하루법회, 인등재일법회, 지장재일법회를 열고 있으며, 경남불교대학과 불교대학원을 설립해 수 많은 불자들에게 불법을 전하고 있다.",
128830,금강식물원,자연공원,"우리나라 최초의 민간인이 운영하는 식물원으로서, 부산 시민에게 휴식처를 제공하기 위하여 조성한 종합 식물원이다. 식물의 종류는 약 2,300여 종으로 열대식물 560여 종 중에서 야자류 20여 종과 선인장 등의 다육식물 540여 종이 식생하고 있다. 또한, 식물원 안에는 아름다운 식물이 경관을 이루고 있으며, 자연석을 이용한 여러 가지 작품과 휴식시설이 갖추어져 있어 도시민의 정서적인 휴양지로 사용될 뿐만 아니라 식물학 연구와 교육장으로 활용되고 있다. 금강식물원에는 인공폭포 및 자연석과 조경작품이 있으며, 관람 온실이 있어 다양한 식물과 함께 멋진 정취를 느낄 수 있다. 함께 있는 금강공원에는 케이블카를 운행하며, 동래야류, 동래학춤을 계승하고 보존하는 부산민속예술관, 우리나라 최초의 해양자연사 전문 박물관인 부산해양자연사박물관 등 관광하기 좋은 명소가 함께 있다.",
127925,광안리해변 테마거리,도시지역문화관광,"2003년 광안리해수욕장 개장일에 맞춰 완공된 광안리해변 테마거리는 매년 다양한 축제와 행사들이 열리고 있는 곳으로, 인공야자수, 조형물, 벤치, 녹지대 등을 갖추고 있는 광안리해수욕장의 새로운 명소로 자리 잡게 되었다. 해변을 따라 조성된 테마거리는 보행자 중심의 시민휴식공간으로 이국적인 분위기를 연출하고 있다. 테마거리는 남천동 협진태양맨션에서 민락 회타운까지 해안도로를 따라 조성되었으며 해변 측에 보도를 조성하고 전망파빌리온 등 조형물과 가로등, 수목플랜트, 벤치등을 조성하여 낭만의 거리, 해맞이광장, 젊음의 거리로 나누어져 있다. 보행자 거리의 의미를 살려서 전 구간에 점토 블록을 깔았으며, 광안리해변 테마거리 조성으로 지하철 2호선 공사 후 급격한 침체기를 맞던 광안리해수욕장 일대가 젊음과 축제의 거리, 가족의 거리로 예전의 명성을 되찾고, 지역상권도 회복되고 있다. 사시사철 전국에서 수많은 관광객들이 아름다운 광안리해수욕장을 찾고 있으며, 잘 꾸며진 해변거리를 거닐면서 광안대교의 찬란한 야경을 보고, 광안리카페거리와 민락회타운에서 맛있는 음식을 즐기며 추억과 낭만의 거리로 오랫동안 기억에 남을 것이다.",
126147,부산동명불원,종교성지,"용당동 용비산에 자리 잡고 있는 동명불원(東明佛院)은 동명목재 회장 고 강석진씨가 국가번영과 부모의 왕생극락을 빌고 동명의 산업현장에서 일하는 동명 가족들의 행운을 위해 건립했다. 대부분의 우리나라 사찰이 한국 전통 양식인데 비해, 이 절은 동남아시아의 영향을 받아 용마루가 곧게 뻗어 있고 미얀마의 고탑에서 발굴된 부처님의 사리를 모셔 놓았으며, 이곳에 안치된 목조개금불상은 우리나라에서 제일 큰 불상이며, 범종 또한 한국 최대 규모로, 에밀레종보다 더 무겁다고 한다. 동명불종은 종두에 사룡이 새겨져 있는데 종래 볼 수 없었던 독특한 기법이다. 대웅전 내부에는 석가세존을 중심으로 우편에 미륵보살, 좌편에 제화 갈라보살 등 3본을 모셨다. 법당 가운데에는 기둥없는 특수 공법을 사용했고, 내부 천장의 중앙에 용머리를 조화시켰으며 양쪽 벽에는 비천상을 새겼다. 극락전, 나한전, 관음전이 갖추어져 있고, 칠성각, 산신각, 독성각은 2층으로 설계하고 2층에는 불교서적을 진열하고 있다.",
129597,죽도공원,도시공원,"죽도공원은 송정공원이라고도 불리는 울창한 자연림으로 조성된 공원이다. 송정해수욕장 동쪽에 있는 죽도에 위치해 있으며, 죽도라는 지명은 경상 좌수영의 전시용(戰時用) 화살이 제조될 정도로 많은 대나무가 자라고 있어서 붙여졌다고 한다. 죽도공원은 해수욕장을 찾아오는 관광객 뿐만 아니라 지역 주민들에게도 편안한 휴식공간을 제공하는 곳이다. 공원을 따라 언덕으로 올라가는 길에 길게 이어진 산책로는 매끄러운 돌바닥으로 되어 있고, 갖가지 기념 조각물이 세워져 있어 볼거리를 제공해 준다. 곳곳에 의자가 놓여 있어 공원을 산책하면서 휴식을 취할 수 있다. 죽도공원 가장 안쪽 바위 끝에 위치한 암자인 송일정은 일출과 월출로 잘 알려진 곳이며, 송일정에서 바라보는 바다 전경은 시원한 풍광을 자랑한다. 송일정 주변에는 길게 벽이 쌓아져 있어 연인들이 이곳에 기대어 바다를 배경 삼아 떠오르는 태양과 달빛을 감상하며 낭만을 즐기기에 아주 적합하다. 죽도 공원 입구에 우뚝 솟아 흰색과 빨간색의 강렬한 대비를 이루는 두 개의 송정 등대가 있어 운치를 더해 준다.",
2470024,삼진어묵 체험·역사과학관,산업관광,"부산광역시 영도구에 위치한 삼진어묵 체험·역사과학관은 부산어묵의 역사를 만나볼 수 있는 동시에 다양한 볼거리와 흥미로운 프로그램을 제공하고 있는 곳이다. 삼진어묵 체험·역사관은 1, 2층이 체험 공간으로 운영되고 있으며, 3층에는 역사과학관으로 구성되어 있어 어묵과 관련된 역사적, 과학적 정보를 만나볼 수 있다. 어묵 체험 문화를 주도하고 있는 체험관이자 역사과학관으로 몽떡오꼬노미, DIY 어묵탕, 피자어묵 등 전문 강사와 함께 수제 어묵 요리를 만들어보는 체험 프로그램을 운영 중이다. 또한, 직접 만든 어묵 요리는 현장에서 시식이 가능하다.",
309338,법륜사(부산),종교성지,"법륜사는 동래구 칠산동 학소대에 자리한 사찰이다. 이곳은 삼국사기에 나오는 거칠산국이 있던 곳으로 추정되는 유서 깊은 곳으로, 금동관·무기 등이 출토된 바 있는 복천동 고분군과 학이 집단으로 둥지를 틀고 살았던 학소대를 기반으로 하고 있다. 동래 중심지에 우뚝 솟은 학소대의 모습은 그 옛날부터 학이 깃들만한 명소임을 한눈에 알 수 있을 정도로 울창한 소나무로 둘러싸인 곳이다. 법륜사는 범어사의 포교당으로 창건되어, 야학운동을 통한 문맹퇴치와 3.1 운동의 본거지로 민중교화와 민족정신을 배양하던 곳이다. 범어사가 부산지역 포교를 위해 개설한 포교당은 모두 5개이며, 이 중 4개는 모두 없어지고 동래 포교당만이 그 명맥을 유지하고 있어 근대 영남지역 불심을 이끌어 온 본거지라 할 만큼 대중 포교의 중심에 있어 온 사찰이다. 법륜사는 도심 속에 있으나 풍광이 아름다우며 인근에 동래 복천동 고분군 등 관광지가 많다.",
2822240,용호별빛공원,도시공원,"용호별빛공원은 러시아 선박의 광안대교 충돌로 인하여 부두운영이 중단된 곳이다. 부산 남구에서 부산항만공사와의 협약을 통해 용호부두 일원 재개발 전까지 관리권을 위임받아 용호별빛공원으로 조성하고 한시적으로 개방하였다. 30년 만에 주민들의 품으로 돌아온 주민친화형 힐링 휴식 공간인 용호별빛공원은 2021년 7월에 개장하였다.  부산을 대표하는 해운대와 광안대교를 한눈에 볼 수 있으며, 그와 어우러지는 경관조명을 조성하여 빼어난 야간경관을 제공하고 있다. 용호별빛공원 내에 있는 전시체험관은 방치된 관리동을 주변 경관과 조화된 특색 있고 차별화된 공간으로 리모델링을 실시하여 1층은 전시체험공간으로, 2층은 휴게공간으로 조성하였다. 상설전시실, 미디어아트(별빛바다여행), 전망, 휴게공간을 조성하여 시민들에게 볼거리를 제공한다.",
2674974,승학산,자연경관(산),"승학산은 구덕산과 시약산의 서쪽으로 당리동의 뒷산이다. 승학산의 정상으로 사하구와 사상구가 나누어진다. 승학산은 고려 말의 무학대사가 전국을 두루 돌아다니며 산세를 살폈는데 이곳에 오니 산세가 준엄하고 기세가 높아 마치 학이 나는 듯하다 하여 승학산이라는 이름을 붙였다는 전설이 있으며, 이곳 정상의 억새풀은 아름답기로 유명하여 가을철 산행의 백미로 등산객의 발길이 잦은 곳이다. 승학산의 주요 볼거리는 억새군락지, 제석골 산림공원, 편백나무림, 삼나무 명상치유의 숲, 기상관측소, 체육시설, 전망데크, 무대시설, 임도 등이 있다. 승학산 등산 코스는 다양하나, 동아대학교 뒤에서 출발하여 승학산 정상을 거쳐 서대신동 꽃마을에서 수정산으로 이르는 등산 코스는 부산 시내를 한눈에 내려다볼 수 있는 좋은 등산 코스이다.",
231945,부산 복천동 고분군,역사유적지,"부산 복천동 일대의 구릉 위에 있는 가야 때 무덤들이다. 여러 차례에 걸친 발굴 조사로 40여 기의 무덤이 확인되었으나, 대부분의 무덤은 아직도 땅 밑에 남아있다. 무덤의 형태는 땅을 파서 넓은 방을 만들고 나무관을 넣은 덧널무덤, 땅 속에 네모난 돌로 벽을 쌓고 천장을 덮어 만든 구덩이식 돌방무덤, 땅 속에 시체를 바로 묻는 널무덤을 비롯해 여러 가지 형식의 무덤들이 있다. 구릉의 원래 이름을 따서 학소대(鶴巢臺) 고분군이라고도 한다. 동아대학에 의해 10여 기가 최초로 발굴된 이래, 부산 대학이 1974년 구릉 동쪽 사면에 있는 3기의 고분을 발굴하였다. 이후 부산대학박물관과 부산시립박물관에 의해 100여 기가 넘는 고분군이 발굴조사되었다. 이 무덤들에는 도굴되지 않은 큰 무덤이 많아 다양한 유물이 출토되었다. 굽다리접시, 목항아리, 토제등잔을 비롯한 토기류는 낙동강 하류지역의 특징적인 토기들이다. 철제 갑옷·투구류도 다양하게 출토되었다.",
1942348,관수옥과 초량왜관 터,역사유적지,"관수옥은 초량왜관의 우두머리인 관수가 머물던 곳이다. 당시에는 용두산을 중심으로 동쪽이 가장 먼저 시가지가 발달하기 시작하였는데, 바다에서 배를 대는 선착장이 가깝기 때문이다. 일본 사람들이 배로 들어와 동쪽을 중심으로 살기 시작했고, 관수옥을 지나 왜관으로 들어갔을 것이다. 관수옥이 있던 자리에는 지금도 돌계단이 남아있다. 초량왜관은 일본과 우리나라의 무역에서 중심 역할을 했던 곳이다. 용두산을 둘러싸고 만들어진 초량왜관은 안에는 신사를 비롯하여 일본인들의 편의 시설이 가득했다. 지금은 공원으로 들어가는 세 군데의 진입로가 만나는 지점에 초량왜관 터라는 비석이 놓여 있어 예전에 이곳이 초량왜관이었다는 것을 알리고 있다.",
3017435,중리노을전망대,랜드마크관광,"천혜의 아름다운 낙조지역으로 알려진 중리바닷가에서 보다 안전하고 편안하게 황금빛 노을을 만끽할 수 있도록 조성한 중리노을전망대는 중리 바닷가 바로 위쪽에 위치해 있다. 주변의 빨간 등대와 푸른 파도의 연출은 일몰시 장관을 이루는 풍경을 만들어내고 있으며, 바닷가에서 바라보는 일몰은 환상적인 경관이라 할 수 있다. 중리 노을전망대는 해안가 도로 옆으로 전망대와 조형물만 설치되어 있으며, 다른 편의시설은 없다. 전망대 아래에는 해안산책로가 조성되어 있어 파도 소리를 들으며 바닷가를 산책할 수 있고, 낚시를 즐기는 낚시꾼들이 많이 찾는 곳이다. 인근에 해녀문화전시관과 75광장공원, 동삼공원등 관광할 수 있는 곳이 많은 지역이다.",
229912,씨라이프부산아쿠아리움,테마공원,"씨라이프부산아쿠아리움은 아쿠아리움 브랜드인 SEA LIFE사에서 운영하는 아쿠아리움으로, 부산아쿠아리움만 누적 1,500만 명 이상 방문객이 다녀간 부산의 관광명소이다. SEA LIFE 부산은 다양한 종의 해양 생물들을 비롯해 총 8개의 전시관을 운영하고 있으며, 상어투명보트, VR 체험존 등을 통해 생생한 해양 생태계를 보여주고 있다. 지하 1층에서 지하 3층까지 이루어져 있으며, 테마별로 특성을 살린 수조와 해저터널, 수중 생태계의 모든 것을 체험할 수 있는 시설을 갖추고 있다. 2014년 리브랜딩을 위한 내부 수리를 시행하여 친화적인 환경 조성으로 재구성하였으며, 가오리해안, 해마유치원, 샤크워크 등 관람시설이 신설되었다.",
2705325,해운대리버크루즈,기타체험,"해운대리버크루즈는 부산 해운대구 마린시티에 위치한 도심형 유람선 관광 명소이다. APEC 나루공원을 출발하여 마린시티, 광안대교를 볼 수 있는 코스로 강과 바다를 모두 볼 수 있는 부산 최초의 도심형 유람선. 데이 크루즈, 나이트 크루즈 및 디너 크루즈로 정규 운항이 편성되어 있어 수영강과 해운대, 광안리 바다의 낮과 밤을 한 번에 즐길 수 있다. 크루즈는 낮과 밤에 따라 다양한 테마와 코스로 운영되며, 특히 저녁에는 야경과 함께 낭만적인 분위기를 만끽할 수 있다.  가족 단위 관광객부터 연인, 단체까지 다양한 고객층을 수용할 수 있는 다양한 프로그램을 마련하고 있다.",
1018702,국제시장 먹자골목,기타체험,"창선동 국제시장 내 먹자골목은 야외 음식점으로 60년이 넘는 역사를 자랑하며, 새콤한 오징어무침을 곁들인 충무김밥과 달콤하면서도 매콤한 맛이 매력인 떡볶이, 물국수와 순대, 부산의 명물인 비빔당면과 팥빙수 등 다양한 길거리 음식을 맛볼 수 있는 곳이다. 국제시장 골목길 좌판 의자에 앉아서 먹고 즐기는 풍경은 우리나라 재래시장의 정감 넘치는 모습 중 하나로, 내국인은 물론 외국 관광객들이 필수적으로 찾는 먹거리 골목이다. 국제시장 먹자골목을 경험하고 국제시장의 옷, 구두, 액세서리 등 다양한 쇼핑을 즐겨보자.",
294452,감천사(부산),종교성지,"감천사는 극심한 가뭄에도 물이 마르지 않고 지하 암반에서 1년 내내 물이 솟아올라 인근 주민들의 식수로 사용하였다는 설이 있는 곳이다. 감천사는 부산 연제구 연산동 묘봉산 자락에 위치한 자그마한 비구니 스님의 수행도량이다. 연제구의 주산인 배산 서쪽 묘봉산의 완만한 능선을 배경으로 자리하고 있는 이곳은 중생들의 목마른 갈증을 해소하기 위한 원력으로 창건된 탓에 연산동 주거단지에서 그리 멀지 않는 곳에 위치하고 있다. 사람들의 입에서 입으로 전해져 온 감천사의 물맛은 연제구청에서 공인한 연산동 약숫물로도 유명세를 떨치고 있어 주민들의 발걸음이 끊이질 않는 도심사찰로 이름나 있다. 또한, 부산의 대표적 도심 포교도량인 혜원정사와 좁은 골목 하나를 사이에 두고 나란히 위치한 감천사는 약숫물 외에도 대웅전에 모셔진 관세음보살의 기도성취가 크다 하여 관음기도도량으로도 이름 높다. 비록 사세가 작고 창건의 역사 또한 짧지만 기도객들의 입소문으로 널리 알려졌다.",
2736392,청학수변공원,도시공원,"청학 수변공원은 부산해양경찰서 청학 출장소 옆에 있는 바닷가 작은 공원으로, 지역주민을 중심으로, 부산항만공사와 부산 지방해양항만청이 함께 조성한 민간 최초의 수변공원이다. 부산항대교와 대교로 올라가는 경사도로를 가까이서 볼 수 있는 공원으로도 유명하다. 조경은 물론이고 체육시설까지 잘 갖추진 공원으로, 맨발로 발바닥 지압을 하면서 걸을 수 있는 지압 발판대도 있다. 부산항대교의 아름다운 야경 촬영 명소로 알려지면서 영도의 새로운 유명 관광지로 부상하고 있다.",
127891,대천천,자연경관(산),"대천천은 금정산 파리봉과 대륙봉의 중간 지점의 계곡에서 발원해 금정산성 서문으로 흘러 내려와 화명운동장을 지나 낙동강에 유입하는 하천이다. 대천천 중간에는 4m 폭포가 떨어지면서 생긴 애기소(沼)라는 움푹 파인 큰 물웅덩이가 있으며, 대천천에는 금정산 서문, 화명수목원, 금정산둘레길, 애기소 폭포와 아름다운 계곡, 우거진 숲들이 많아 도심 유원지로 많이 알려져, 여름철 관광객과 부산 시민이 즐겨 찾는 명소이다. 대천천 하천 양옆으로 산책길과 자전거도로가 잘 정비되어 있다.",
126108,해운대온천센터,웰니스관광,"해운대 온천센터는 임해 온천이며, 해운대 해수욕장 부근 온천지구에 위치한 대형 온천이다. 온천물은 나트륨과 염소 성분이 다량 함유되어 있고 라듐 성분이 있어 호르몬 분비를 촉진하고 노화 방지, 류마티스, 고혈압, 위장병, 부인병, 피부병에 효과가 있다고 한다. 온천센터는 지하 2층, 지상 7층의 대형 건물로, 4층은 매표소와 여탕, 5층은 남탕, 7층은 헬스장이 운영되고 있다. 외에도 황토방, 소금방, 토르말린방과 휴식할 수 있는 공간이 마련되어 있다.",
3064931,색채마을,농산어촌체험,"색채마을은 대청공원 경로당에서부터 대청 공영주차장까지의 건물과 계단, 담벼락 등에 그림, 풍경, 도형들을 원색에 가까운 색감으로 색칠한 이색 관광마을이다. 부산시에서 도시경관의 미래상을 제시하고자 색채계획사업에 따라 2009년 조성하였다. 마을 주변에 형성된 인공적인 색상들과 대비되어 마을의 존재감을 독특하게 드러낸 배색으로 도색하였으며, 산복도로 로망스, 새로운 희망, 호랑이, 부산 원도심, 사계, 꿈꾸는 비행, 꿈을 불다, 설렘은 알록달록한 향기, 그곳의 향수, 소확행  등 다양한 작품들로 이루어져 있다. 색채마을 끝에 있는 공영주차장 5층 옥상에는 대청 스카이 전망대를 운영하고 있어 부산항을 조망할 수 있고, 마을 중간중간에는 카페도 있어 휴식과 관광을 겸할 수 있다.",
3064821,자갈치 크루즈,기타체험,"자갈치 크루즈는 부산 남항 일대를 관광하는 해양 관광유람선이다. 자갈치시장의 활기차고 정겨운 풍경과 남항 바다의 아름다운 경관을 볼 수 있고 부산 불꽃놀이, 부산항 축제, 태종대 해맞이, 방생기도, 자갈치 축제, 영도다리 축제를 자갈치 크루즈와 함께 즐길 수 있다. 유람선은 승선 인원 306명의 대형 선박으로, 1층은 객실, 공연장으로 운영되고, 2층은 매점, 휴게실, 객실, 3층은 데크로 운영하고 있다. 운항코스는 자갈치시장, 송도 암남공원, 태종대공원을 운항하며, 승선 시 반드시 신분증을 소지하여야 한다. 14시에 출항하면 영도대교 도개 장면을 볼 수 있고, 18시에는 노을 풍경을 즐길 수 있다.",
1942233,대각사(부산),종교성지,"대각사는 부산 시내 중심가에 있는 사찰로써, 개항기 일본 정토 진종의 동원본사 부산별원으로 시작하였다. 동원본사 부산별원은 개항기 일본 불교의 조선 포교의 효시로서, 당시 부산에서 신도수가 가장 많았던 일본인 사찰이었다. 해방 후 동본원사 부산별원은 한국 정부에 귀속되었는데, 정부 관제국에서 귀속재산 처분을 할 때 이 사찰의 땅과 건물을 경매받아 경남 불교종무원으로 발족하였다가 창건주에 의해 새로이 한국 사찰로 창건한 것이 현재 대각사이다. 창건 이전의 유물은 범종과 석등만이 있을 뿐, 대웅전이나 진신사리탑은 후에 지어졌다. 현 대웅전은 중간기둥이 없는 특수한 건축공법의 철근 콘크리트 구조로서 약 1천 여명을 수용할 수 있는 큰 건물이다.",
1942253,수리조선소길,도시지역문화관광,"한국 조선 산업 부흥의 시발점이자 견인차 역할을 한 장소로 배를 수리하기 위해 필수적으로 부식된 페인트를 망치로 두들겨 벗겨내는 작업을 깡깡이라 하는데 이 때문에 깡깡이길 이라고 불리기도 한다. 수리조선소길에 있는 깡깡이 예술마을은 자갈치시장 건너편, 영도대교와 남항대교가 맞닿은 곳에 자리 잡고 있는 버선 형상의 마을로 예부터 조선소 마을로 알러져 왔다. 19세기 후반, 우리나라 최초로 발동기를 장착한 배를 만든 ‘다나카 조선소’가 세워졌던 대한민국 근대 조선산업의 발상지이자 70년대 80년대에는 원양어업 붐을 타고 수리조선업의 메카로 자리 잡았었다. 선박 수리업 사양길로 인해 전보다는 못하지만 현재도 10여 곳의 수리조선소와 200여 개에 달하는 공업사와 선박 부품 업체가 마을에 자리잡고 있다. 이 밖에도 마을 내에는 옛 다나카 조선소 자리, 선박 체험관, 마을 박물관, 마을 공작소 등이 자리 잡고 있다.",
129631,경상좌수영성지,역사유적지,"경상좌수영성지는 경상도 옛 수군의 본영이었다. 좌수영은 조선시대에 동남해안을 관할했던 군영으로 예로부터 남쪽 지방이 지리적인 요인으로 잦은 왜구의 침략으로 피해를 받자, 왜구를 토벌하기 위해 부산에는 경상좌수영을, 통영에는 경상우수영을 세워 남쪽의 방위를 책임졌다. 원래 좌수영은 남구 감만동에 있었는데 태종 때 울산 개운포로 이전했다가 임진왜란 직전에 현재의 수영동으로 옮겨졌다고 한다. 좌수영성의 축조연대는 정확하지 않고 1692년에 개축한 것이라 한다. 좌수영의 동, 서, 남, 북에는 영일문, 호소문, 주작문, 공진문이라 불리는 4개의 문이 있었으며, 일정한 시각에 폐문루, 관해루에 달아둔 북을 울려 여닫았다. 그밖에 3개의 우물과 4개의 배수구, 옹성, 치성, 보루 등이 있었으며, 일제강점기에 대부분 파손되어 현재는 성벽임을 짐작하게 해주는 돌 터와 홍예문, 배수구, 그리고 성의 존재를 짐작하게 하는  남문만이 자리하고 있다.",
3027098,금정산성 동문,역사유적지,"금정산성 네 개 문루 중 가장 규모가 크고, 전망이 뛰어난 동문은 금정산 주능선의 해발 415m의 고개에 위치하고 있으며, 주민들이 가장 근접하기 쉬운 편이라 금정산성의 으뜸 관문으로 자리하고 있다. 금정산성 부설비의 기록에 의하면 1807년 늦가을에 토목공사를 일으켜 한 달 만에 동문이 완성되었다고 전해진다. 동문은 홍예식문[虹霓式門]으로 정면 3칸, 측면 2칸의 팔작지붕의 단층 문루이다. 금정산성 동문의 창건 유래를 보면, 동래부사 정현덕이 동문과 서문의 재건에 힘쓰고 있을 때의 이야기가 있는데, 내용은 다음과 같다. 동래부사는 두 성문을 아주 완벽하게 세우기 위해 이름난 석공을 수소문한 끝에 사제지간인 두 석공을 찾아 스승에게는 동문을, 제자에게는 서문을 짓게 하였다. 동문을 맡은 스승은 야욕과 욕심이 많아 웅대하게만 짓고자 하였으나 서문을 맡은 제자는 기술이 앞서 정교한 아름다움을 살려 스승보다 먼저 짓게 되었다고 한다. 스승은 제자의 뛰어난 기술을 시기하고 질투하여 그 당시 사람들은 그 스승을 미워하고 제자의 기술을 칭송하였다. 그러나 이들 사제는 동문과 서문 공사가 끝난 뒤에는 힘을 합쳐 밀양 영남루 공사를 하였다.",
1960620,부산 자갈치 양곱창 골목,도시지역문화관광,"부산 지하철 자갈치역 10번 출구를 나오면 바로 앞 골목에 자갈치 양곱창 골목이 있다. 자갈치 시장 인근에 있어 자갈치 양곱창 골목이라 부르며, 오래전부터 양곱창집이 성업하던 곳으로 곱창을 즐기는 사람들이 많이 찾는 곳이다. 자갈치 양곱창 골목의 식당은 특이하게 한 가게 안에 들어가면 여러 식당이 입점해 있는 방식이라 한 가게 안에서도 식당을 선택해야 하는 방식의 식당이 과거부터 운영되어 오고 있으며, 한 가게만 있는 단일식당도 영업하고 있다. 식당 별 영업시간도 제각각이라 방문 시 알아보고 방문하는 게 좋다. 자갈치 양곱창집은 연탄불에 양곱창을 구워 먹는 방식이 과거부터 이어져 내려오고 있으며, 양곱창의 종류는 소금구이, 양념구이, 전골이 있으며, 특정 부위별로 섞여 나온다.",
482123,청량사(부산),종교성지,"부산 명지동에 황금 닭이 알을 품는 듯 평안히 둥지를 이루는 금계포란형의 형상을 하는 곳에 청량사가 있다. 풍수지리학적으로 명당 중의 명당으로 손꼽히는 곳에 위치하고 있는 청량사는 마을의 수호신인 당산할머니를 모신 사당으로부터 유래되었다. 청량사의 창건 연대는 분명치 않으나 석가모니 후불탱화 뒷면에 상세히 기록된 내용을 미루어 1917년으로 알려지고 있다. 당산각이 있던 자리에 인근 김해의 불모산 장유암 주지 금도스님이 교당을 세우고 3년 후인 1920년 석가모니 후불탱을 모셨다고 한다. 청량사는 초창기 장유암 교당으로 불리다가 이후 연호사로 개칭되었는데, 이는 홍수 때마다 일대가 물에 잠기어도 유독 사찰만은 홀로 머리를 내밀고 있는 모습이 마치 연꽃이 떠 있는 것과 같은 형상을 한다고 해서 붙여진 이름이다. 이후 한국불교의 한 기둥이었던 홍경선사가 주석하면서 홍수 피해가 많은 장마철에 맑은 날씨를 염원하는 마을 사람들의 기원을 담아 1961년 범어사 말사로 등록하면서 청량사로 고쳐 불렀다고 한다.",
337532,영주암(부산),종교성지,"영주암은 부산광역시 수영구 배산에 자리한 대한불교조계종 본사 범어사의 말사이며, 부산의 중앙부에 위치한 배산 기슭에 위치하고 있어 사람들이 많이 찾는 곳이다. 1540년 창건된 사찰이며, 창건 당시는 토굴로서 토곡절이라 하였으나, 1940년 재 창건 하면서 주변의 경관이 수려하고 수행하기 적합한 것이 마치 중국 설화의 신선이 머무르며 수행한다는 영주산(瀛州山)의 모습과 비슷하다 하여 영주암(瀛州庵)으로 이름 붙였다. 1972년 정관스님과 범산스님이 중창하며 현재의 면모를 갖추었는데, 당시만 해도 절에는 작은 인법당 1동만 있었다 한다. 영주암은 불교 대중화 사업과 사회복지사업에 적극적인 사찰이다. 불교사회복지법인인 불국토를 설립하여 다양한 복지사업을 펴고 있으며, 장애인들의 사회복귀를 돕는 컴넷하우스, 노인 요양원인 상락정배산실버빌을 비롯하여 개금종합사회복지관, 양정청소년수련관, 양정재가노인복지센터 등의 복지시설을 운영하고 있다. 영주암은 대웅전, 원통보전, 화쟁원(승방), 삼성각 등의 전각으로 구성되어 있으며, 경내에 어린이집, 유치원, 상락정배산실버빌 등이 있으며, 대웅전은 2층 규모의 다포계 팔작지붕 건물로, 아래층은 종무소와 공양간, 위층은 법당으로 사용한다.",
304695,마하사(부산),종교성지,"대한불교 조계종 소속의 사찰인 마하사의 창건과 변천은 대웅전 상량문에 자세히 전하며, 아도 화상이 창건했다고 기록되어 있다. 임진왜란 때 사찰 건물이 모두 불탔고, 단계적으로 사찰이 복원되었다. 1970년 승려 문성이 대웅전·응진전·대방·요사·식당을 중건했고, 1985년 승려 지연이 종각을 세우고 반야암을 중창했으며, 1998년 승려 경민이 대웅전과 삼성각을 중건하였다. 마하사의 가람 배치는 산지 사찰이란 지형과 여러 차례의 개축 때문에 전통적인 가람 배치를 따르지 못했지만 좁은 경내를 잘 정리하고 있으며, 대웅전은 정면 5칸, 측면 3칸의 팔작지붕이다. 마하사 경내에는 문화유산으로 지정된 불상인 마하사 대웅전 석조석가여래삼존상과 마하사 응진전 석조나한상, 마하사 응진전 목조석가여래좌상, 불교 미술의 자랑인 마하사 영산회상도, 마하사 응진전 십육나한도, 마하사 응진전 영산회상도, 마하사 현왕도 등 많은 문화유산을 보존하고 있다.",
298112,금용암(부산),종교성지,"금용암은 쇠미산의 작은 암자로, 입구의 송림길과 함께 불국 수미산 산속에 홀로 묻힌 듯 자연과 동화되어 있는 사찰이다. 금용(金蓉)이란 금색 연꽃이란 뜻으로, 불교사상에서 연꽃과 금강석 또는 금과 함께 대표적인 불교사상의 상징을 따서 사찰명을 지었다. 조선 후기 철종 때 이인덕행이라는 보살이 1919년 10월 해인사에서 출가하여 대봉이라는 법명을 받아 쇠미산 기슭에 기와집으로 인법당 3칸을 짓고 금용암이라 불렀다. 금용암이라는 이름은 쇠미산의 별칭인 금용산에서 유래하였다고 하며, 금당인 염화전과 삼성각, 요사인 원통료·향적당 등으로 이루어져 있다. 1992년 지은 염화전은 정면 3칸, 측면 2칸의 팔작지붕 형태이며, 안에는 석가여래 좌상을 중심으로 약사여래 좌상과 관음보살 좌상이 배치되어 있고, 뒤편에는 1993년 조성한 후불탱을 비롯하여 지장탱·신중탱이 있다. 삼성각 안에는 삼신할머니 탱화가 있는데, 불상이 아니라 여인 세 명을 그린 것이다. 이곳 삼신할머니는 오래전부터 득남을 기원하는 이들에게 영험이 있다고 널리 알려져 있다. 절 담벽 아래 비탈길에 대봉의 상반신이 선각된 사적비가 있다.",
250424,망산도·유주암,역사유적지,"용원동 앞바다의 작은 섬을 망산도, 이 섬의 동남방 70m 해상의 바위섬을 유주암이라 한다. 두 곳으로부터 약 1km 떨어진 곳에 있는 비각이 유주비각으로 삼국시대 가야 김수로왕비 허태후의 전설과 관련된 것으로 1988년 경상남도 기념물로 지정되었다. 유주비각은 목조 기와집으로 기단이 없이 장초석을 놓고 두리기둥을 세운 것으로 전체적으로 볼 때 벽체 상부를 홍살로 장식한 전형적 비각의 형태이다. 전설에 따르면 수로왕에게 왕비를 맞아들이기를 청하자, 왕은 자신의 왕비는 하늘이 정해 줄 것이라고 대답하였는데 어느 날 서남쪽 해상에 붉은 돛과 붉은 깃발을 단 배가 나타났다. 그 후 배를 인도하니 마침내 그 배는 망산도에 닿았고, 그 배에서 허태후 일행이 상륙하였다. 전설에 따르면, 허태후가 처음으로 배에서 내린 곳이 망산도이며, 타고 온 돌배가 바닷속에 뒤집혀 유주암이 되었다고 한다. 한편으로는 수로왕이 몸소 마중을 나와 이 섬에서 멀리 해상을 바라보며 기다렸다고 하여 망산도라 부른다는 설도 있다.",
127004,해운대 관광특구,복합관광시설,"부산광역시 해운대구는 국내는 물론 세계적으로도 유명한 관광지이다. 우리나라 최대의 여름 휴양지로 사랑받는 것은 물론, 봄, 가을, 겨울에도 부산국제영화제와 국제요트대회, 해운대 해맞이 축제 등 다채로운 축제와 행사가 열려 사계절 내내 관광지로 인기가 많은 곳이다. 해운대관광특구에는 해운대해수욕장을 중심으로 다양한 해양 레저와 풍부한 수산물을 즐기고 맛볼 수 있는 곳이며, 각종 여가와 문화를 즐기며 장기간 휴양할 수 있는 체류형 관광지로 전 세계인의 발길이 이어지고 있다. 동백섬과 달맞이언덕, 해수온천과 같은 자연 자원뿐 아니라 컨벤션 센터와 요트장 등 관광단지가 조성되어 있다. 관광특구에는 영화의 전당, 영화 촬영소, 미술관, 아쿠아리움 등 문화 시설도 있으며, 야경이 환상적인 문탠로드와 해안을 따라 이어지는 갈맷길 등 산책코스도 다양하다.",
126857,광복로패션거리,도시지역문화관광,"광복로패션거리는 과거 하천이었던 곳을 복개하여 도로로 사용하고 있는 곳이며, 도로 양쪽으로 오래전부터 옷 가게들이 운집되어 있어서 광복로패션거리로 명명되었다. 광복로가 시작되는 농협 부산지점부터 국제시장 먹자골목 입구까지가 광복로패션거리이며, 이곳은 우리나라 의류, 신발 등이 모여있는 곳으로 야간이나 주말에는 사람들로 발 디딜 틈이 없을 정도로 많은 사람들이 찾는 곳이다. 광복로패션거리에는 중구청 주관으로 매년 12월부터 광복로 겨울빛 트리축제를 시행하고 있으며, 다양한 종류의 조명과 각종 모형이 빛으로 장식되어 아름다운 거리로 탈바꿈하는 곳이며, 축제 기간에는 광복로 일대가 차 없는 거리로 조성되어 여유롭게 축제를 즐길 수 있다. 광복로문화패션거리에는 문화와 패션 그리고 맛집들이 즐비한 곳으로 방문하면 젊음과 활기를 느낄 수 있다.",
3027700,청사포 기찻길,기타체험,"바닷물이 맑기로 알려진 청사포는 달맞이고개 아래쪽에 있는 작은 포구이며 바다로 나간 뒤 돌아오지 않는 남편을 기다리다 소나무가 되었다는 망부송의 애달픈 전설이 전해지는 마을이다. 청사포기찻길은 동해남부선 폐선부지를 활용한 해안선을 따라 걷는 도심 산책로이다. 산책로 방향에 따라 광안대교, 달맞이, 마린시티 등 대표 관광지를 한눈에 담을 수 있는 전국적인 사진 스팟 및 트레킹 장소이다. 동해남부선 옛 철도시설을 친환경적으로 재개발하여 해안절경을 따라 해운대 해변열차와 해운대 스카이캡슐을 운행하고 있다. 해변열차는 아름다운 동부산을 감상하며 해운대 미포에서 청사포를 거쳐 송정까지 왕복으로 운행하는 교통수단을 겸비한 관광열차이다. 해운대 스카이캡슐은 신비로운 해안절경을 공중 레일에서 관람하면서 해운대 미포에서 청사포까지의 구간을 자동으로 운행하는 낭만적인 캡슐이다.",
1957694,용두산 자갈치 관광특구,복합관광시설,"용두산 자갈치 관광특구는 역사와 문화를 가득 품고 있는 매력적인 문화관광지역으로 어묵, 씨앗호떡, 비빔당면, 팥죽, 팥빙수 등 맛있는 길거리 음식과 함께 보수동 책방골목, 40계단 골목, 국제시장 등 스토리를 가진 곳으로 역사의 숨결을 느껴볼 수 있는 원도심 대표 관광지역이다. 관광특구에는 남항과 영도를 조망할 수 있는 용두산공원 전망대, 쇼핑의 중심지 광복동, 각종 해산물과 먹거리가 가득한 자갈치시장, 다양한 쇼핑을 즐길 수 있는 국제시장, 향토 먹거리와 쇼핑을 즐길 수 있는 부평동 깡통 야시장, 영도대교, 보수동 책방골목, 부산근대역사관 등 원도심의 역사 문화자원을 풍부하게 간직한 곳으로 연중 이벤트, 축제, 쇼핑이 가능한 도심형 관광지로 국내외 관광객이 끊이지 않는 명실상부한 관광지역이다. 영도대교 도개 복원은 다른 지역에서는 볼 수 없는 차별화된 볼거리로 새로운 관광명소로 부각되고 있으며, 부평동 깡통 야시장과 국제시장의 글로벌복합문화공간 개장 등 전통시장의 끊임없는 변신과 부산국제영화제, 부산자갈치축제, 부산 크리스마스트리 축제 등은 새로운 볼거리와 즐길 거리가 가득한 관광특구이다.",
2785265,관음사(부산),종교성지,"도심 안에 자리 잡은 관음사는 대한불교 조계종 송광사의 부산 분원이다. 학을 타고 있는 산이라는 뜻의 승학산에 1940년 5월 1일 승려 일련이 관음사라는 조그만 조막을 지어 수행하고 포교하면서 건립되었다. 이후 요사채를 건립하고, 법당과 후원을 짓고 도량을 넓혀 1984년 승광사 부산 분원으로 등록하였다. 관음사는 부산광역시 유형문화유산으로 지정된 묘법연화경 권4~7을 소장하고 있다. 구마라집이 번역하고 계환이 주해한 것을 저본으로 조선시대 명필인 성달생, 성개 형제가 선친의 명복을 기원할 목적으로 정서한 법화경을 판하본으로 하였다. 

1405년에 전라도 도솔산 안심사에서 도인 신문이 주관하여 목판으로 새긴 것을 후쇄한 것인데, 초간본이 아닌 그리 오래되지 않은 후쇄본임을 알 수 있다. 전체 7권 2책 중 권 4-7의 제2책만 남아 있는 결본이며, 책은 전반적으로 아래위에 습기로 인한 침수 흔적이 일부 있다. 관음사 소장 묘법연화경은 조선 전기인 태종 때에 판각·인쇄된 것으로 조선 전기 불경 및 서지학 연구에 중요한 자료를 제공하는 불교사적, 서지학적 가치가 뛰어난 유형문화유산이다.",
126122,부산 송도해수욕장,해수욕장,"부산 자갈치시장에서 3km 떨어진 곳에 위치하며, 1913년 부산에서 제일 먼저 개장한 해수욕장이다. 2000년부터 5년여간 정비사업을 펼쳐 줄어든 백사장을 확장하고 분수대 등을 설치하며 해변공원이 되었다. 주위에 수산시장과 암남공원 등이 있다. 1913년 부산에서 최초로 개발된 해수욕장 구역으로, 1996년 4월, 군사보호구역에서 개방된 도시 자연공원인 암남공원과 바다낚시로 유명한 두도공원으로 연결된 송도는 울창한 원시림과 자연 그대로 보존된 기암괴석, 그리고 부산의 상징인 갈매기와 멀리 영도를 배경으로 한 조용한 바다정경이 장관인 곳이다.

주변에 다양한 숙박시설과 먹을거리를 갖추고 있으며 구름다리, 산책로, 보트장, 주차장 등 편의시설이 잘 갖추어져 있다. 송도 해안의 암남공원은 해안 생태 공원으로 송도 해안과 부산 남항을 한눈에 담을 수 있는 전망대, 3.8km의 산책로, 도로변 카페, 횟집들이 즐비한 곳이다. 부산시 서구 부민동 3가에는 한국전쟁 중 부산이 임시 수도였을 때 3년 동안 대통령 관저로 사용된 임시수도기념관이 있다. 송도는 이처럼 격변의 역사를 보낸 서구 암남동 장군반도 남단에 자리 잡고 있다.",
2614727,장산 (부산 국가지질공원),자연경관(산),"부산의 도심에서 남해 바다를 내려다보며 우뚝 솟아 있는 장산은 그 범위가 넓어 다양한 등산 코스가 만들어져 있다. 해운대 마린시티와 광안대교를 조망하고 있다. 유문암질 화산활동으로 분출된 화산재, 용암, 화쇄류로 이루어진 산으로 다양한 화산암들과 장산폭포, 돌서렁 등의 웅장한 지형이 넘쳐나며 뛰어난 해안도심 경관을 즐길 수 있는 명소이다. 장산은 백악기말 칼데라의 잔존구조인 화산함몰체로 한반도 남동부의 화산활동사를 연구하는데 높은 학술적 가치를 지니고 있다. 특히 장산 자락에는 화산암 암벽에서 떨어진 거력들이 산의 경사면을 따라 길게 뻗어있는 암괴류를 관찰할 수 있다. 총 아홉 줄기로 나뉘어 있으며, 각각의 암괴류를 연결한 재송너덜길을 통해 남해, 동해 바다의 경치를 즐길 수 있는 명소이다.",
2783380,대연수목전시원,자연공원,"대연수목전시원은 유엔기념공원을 50m 폭으로 감싸 안으며 자리한 녹지공간이다. 뒤편으로 평화공원과도 연결된다. 부산광역시립박물관, 유엔공원 등 부산의 대표적인 관광지들과 접근성이 뛰어나다. 원래 양묘장으로 설립하여 운영하던 것을 지난 2002년 가족 단위의 자연체험이 가능하도록 새롭게 단장하여 대연수목전시원으로 이름을 바꾸고 시민들에게 개방했다. 아열대식물 체험관과 유리온실을 비롯해 허브원, 침엽수림원, 오륙도원, 수벽원, 낙엽교목원, 상록활엽수원, 죽림원, 무궁화 품종원, 유실수원 등 식물의 생태별로 약 600종의 수목이 구획을 지어 전시되어 있다. 이들 사이로 산책로가 다듬어져 있어 여유롭게 걸으며 식물을 감상할 수 있다.",
128610,공수어촌체험마을,농산어촌체험,"부산 기장군 공수어촌체험마을은 맑고 푸른 동해와 접하고 있어 수려한 해안절경과 천혜의 자연경관으로 도시민의 휴양지로 각광을 받고 있어 관광개발의 잠재력이 풍부하며, 부산의 외곽지역으로 해운대 및 송정해수욕장과 연계되어 있으며 동해 남부선 철도와 국도 14호선이 기장군의 중심부를 관통하여 교통이 매우 편리한 여건을 가지고 있다. 공수란 마을명은 이 마을에 공수전(公須田)이 있는 데에서 유래되었다. 공수전은 고려 시대 때 관청의 영선비, 출장 중인 관리의 숙박이나 접대비 등을 충당하기 위하여 마련해 놓은 밭을 말한다. 이곳은 공수전에 있었기 때문에 공수라는 이름이 되었다. 조선조 광해군 시대는 기장군 남면 공수어촌체험마을이었으나 1914년 기장군이 동래군에 병합되면서 기장면 시랑리 공수어촌체험마을로 되었다.",
2606221,영도 흰여울해안터널,랜드마크관광,"부산 영도구 흰여울해안터널은 부산의 대표적인 관광명소 중 하나로, 바다와 산을 잇는 독특한 터널이다. 이 터널은 1930년대에 만들어져 오랜 역사와 함께 지역의 중요한 교통로로 사용되었으며, 최근에는 관광지로 각광받고 있다. 흰여울해안터널은 터널 내부의 벽화와 조명이 아름다워 많은 사람들이 사진 촬영을 위해 방문한다. 또한, 터널을 지나면 탁 트인 바다와 영도의 아름다운 해안선이 펼쳐져 있어, 자연경관을 즐기며 산책할 수 있는 최적의 장소이다. 이곳은 부산을 방문하는 관광객들에게 특별한 경험을 선사하는 명소이다.",
2782765,곰내연밭,자연공원,"부산에서 여름에 가볼 만한 곳으로 인기가 많은 곳이다. 부산 기장군에 있으며, 철마중리연꽃공원이라고도 불린다. 연꽃 개화 시기는 7월부터 8월 사이라 이 시기에 방문하면 가득 핀 연꽃을 볼 수 있다. 연꽃, 연잎과 함께 개구리나 다양한 곤충들도 볼 수 있어 어린이들과 함께하기 좋다. 근처에는 산책하기 좋은 곰내재 숲 속 쉼터도 있고, 연잎이나 연을 재료로 하는 식당도 있다. 또한 여름과 어울리는 행사나 청정농산물 홍보행사 등 다양한 행사를 진행하는 곳이다.",
309293,미륵사(부산),종교성지,"미륵사는 의상대사가 범어사를 창건한 해에 원효대사가 세운 절이다. 이곳에는 한가운데 위치한 염화 전 뒤편의 거대한 바위가 스님이 좌선하는 모양과 같다고 하여 ‘좌선바위’라 불리고 있다. 이 바위는 여러 개의 바위들이 모자이크 한 듯이 어울려 있는데, 해가 지고 난 뒤 바위와 바위 사이의 금이 보이지 않게 될 때 전체로 보면 그 형상이 분명하게 드러난다. 이 좌선바위 뒤편에는 미륵불과 닮은 미륵불을 향해 좌선을 하고 있는 형상의 절묘한 터에 원효는 기도도량을 세운 것이 다. 미륵사이란 이름도 여기에서 유래했다고 한다.",
2726843,가덕도 연대봉,자연경관(산),"가덕도는 부산에 속한 섬 중 가장 큰 섬으로 신석기시대부터 사람이 살았던 것으로 추정되며, 임진왜란과 일제강점기까지 우리나라의 아린 역사를 지켜본 섬이다. 연대봉은 해발 459미터의 높이로 2~3시간이면 다녀올 수 있는 산으로 높이가 그리 높지도 않아 오르기도 어렵지 않지만 정상에 오르면 높은 산에 오른 듯한 기분과 전망을 경험할 수 있다. 산세가 원만하여 가족단위로 가볍게 등산하기에 알맞으며 정상에 가까이 오르면 가덕도 바다와 거가대교를 한눈에 볼 수 있다. 연대봉 정상에는 임진왜란 당시 최초로 왜적을 발견해 불을 피워 올렸던 봉수대를 볼 수 있다. 산과 바다의 청취를 동시에 느낄 수 있는 곳이다. 

(출처 : 비짓부산 홈페이지)",
128108,스포원파크,도시공원,"스포원파크는 2002년 부산아시안게임을 위해 조성된 금정체육공원을 시에 개방한 시설로, 8만 8천 평의 평지 부지에 경기장 3동(경륜장, 스포츠센터, 테니스장), 야외 체육시설, 교육체험시설, 수변광장과 숲이 있는 종합 레포츠 공원이다. 전체 부지의 1/3이 40만 그루의 녹음인 데다 공원 내 에티켓 준수 시 돗자리, 소형텐트가 허용되고 있다. 또한 다양한 레포츠 시설이 구비되어 있어 취향에 따라 원하는 활동을 즐길 수 있어 휴일 힐링을 위한 최적의 장소로 꼽히고 있다. 

스포츠센터에서는 실내 종목으로 수영, 골프, 피트니스, 배드민턴, 탁구와 키즈랜드, 문화교실을 이용할 수 있다. 주 경기장은 BNK썸 여자농구단의 홈경기장으로 사용되고 있다. 야외체육시설로는 인조잔디 축구장, 풋살장과 국제대회개최 규격의 하드코트 실내‧외 테니스장이 있으며, 공원 외곽을 따라 순환 조깅로‧자전거로 가 조성되어 있어 간단한 산책과 라이딩을 즐길 수 있다. 자전거는 테니스경기장 1층 자전거대여점에서 대여가 가능하다. 또한 청소년을 위한 교육체험시설로 탄생의 신비 성문화센터, 어린이 교통나라, 재난안전체험장의 교육시설뿐만 아니라, 자전거 경주 관람을 즐기는 성인을 위한 경륜장도 마련되어 있다.",
1607360,동래향교,역사유적지,"조선은 1392년(태조 1) 나라에서 교육진흥책을 위해 지방에 향교를 설립함에 따라 동래에도 동래향교가 설립되었다가 임진왜란 때 동래성 함락과 함께 불타버렸다. 임진왜란 이후 1605년(선조 38) 동래부사 홍준이 재건한 이후 1704년(숙종 30)에 동래부 동쪽 관노산 아래로 옮겨졌다가 1813년(순조 13) 현재의 위치로 옮겨 오늘에 이르고 있다. ‘경국대전(經國大典)’에 의하면 동래부가 되었을 때 동래향교에는 종 6품의 교수 1명과 학생 70명이 있으며, 향교의 유지와 관리를 위해 학전 7 결도 지급되었을 것으로 보인다. 동래향교의 건물구조는 명륜당을 중심으로 반화루, 동재, 서재로 구성된 강학공간과 대성전을 중심으로 동무, 서무와 내·외삼문, 사주문으로 구성된 제향공간으로 구성되어 있다.",
1942239,초량교회,종교성지,"초량교회는 1892년 선교사 윌리엄 베어드가 설립한 부산 최초의 교회이며 선교사에 의해 설립된 한강 이남 최초의 교회다. 처음에는 선교사 기지 내의 영선현교회로 시작했는데, 교세가 늘어나자 영주동 봉래초등학교 앞에 있던 동사무소를 빌려 교육관으로 사용하다가 1912년 이곳을 매입해 교회로 바꿨다. 이후 영주동교회, 초량 3·1 교회를 거쳐 초량교회로 교회명을 바꾸었다. 일제강점기 초량교회는 항일민족독립운동과 밀접한 관계를 지니고 있었다. 신사참배 반대운동에 앞장섰으며 독립운동가들의 비밀 기도처가 됐다는 점에서 의의가 있다. 현재는 초량교회 역사관을 운영하며 교회가 보관하고 있는 역사적 자료들과 함께 힘들었던 시대에 초량교회가 걸어온 발자취를 전시하고 있다.",
304811,묘심사(부산),종교성지,"묘심사는 1888년 지금의 서구 토성동에서 대성사라는 이름으로 창건했다. 일제강점기인 1912년부터 임제종 포교당으로 기능했다. 일본인이 사찰을 운영하다가 해방 후에 기독교인에게 팔리기도 했는데, 당시 몇몇 신도가 성보들을 현재의 사찰 자리로 옮겼고 1960년대 무렵 관음보살좌상과 지장보살좌상, 그리고 범종과 종각 등을 가지고 와서 묘심사로 다시 창건했다. 묘심사는 부산항이 한눈에 들어오는 동구 수정동 산복도로변에 위치하는 도심 속 사찰이다. 경내에는 대웅전과 삼성각, 종각 등이 있다. 대웅전은 정면 5칸, 측면 3칸의 익공식 팔작지붕이다. 대웅전에는 금동 석가여래 좌상과 관음보살, 대세지보살이 좌우 협시하고 있다. 또 1946년 제작한 지장시왕도와 신중도가 있다. 대웅전 옆으로 유리 보호각을 둘러 씌운 지장보살 입상이 동자를 안고 서 있다. 그 뒤편 계단 위로 삼성각이 자리한다. 삼성각 내에 칠성도, 산신도와 근대에 제작된 것으로 보이는 높이 30㎝의 돌좌상이 있다. 지장보살 입상 옆으로 ‘ㄱ자’의 현대식 요사채가 있다.",
2656194,친환경 스카이웨이 전망대(이바구길),랜드마크관광,"부산 동구 초량동에 위치한 친환경 스카이웨이 전망대는 부산의 야경을 즐길 수 있는 명소다. 이바구길의 끄트머리 쪽에 위치하였다. 산복도로 부산여행에서 빠질 수 없는 명소이다. 자연 친화적인 데크길이 조성되어 지역 주민들에게 휴식공간을 제공한다. 전망대에 서면 부산항대교가 가로지르는 북항을 비롯해 신선대부두와 영도, 남포동과 자갈치, 용두산공원 등이 파노라마로 펼쳐진다. 또한 힐링테마숲길이 조성되어 있어 도심 속에서도 푸르른 자연을 즐길 수 있도록 하였다.",
2661452,안데르센 동화마을,도시지역문화관광,"부산 기장군 장안읍에 있는 도예 관광 힐링촌에 들어선 안데르센 동화마을은 어린이뿐 아니라 어른들도 아우르는 힐링 체험 공간이다. 수많은 동화를 집필해 전 세계 아동들에게 사랑받는 안데르센의 생애와 그의 작품 세계를 한눈에 알 수 있다. 18세기 바로크 양식으로 재현한 안데르센 정원, 아이들과 함께하는 다양한 놀이시설이 있다.",
128290,황령산,자연경관(산),"황령산(荒嶺山)은 부산의 도심을 감싸며 시원하게 뻗어 내린 산맥이 초록의 울창한 숲을 선물처럼 내어준다. 숲길 걷기 좋아하는 등산객들에겐 숲과 바람과 하늘을 내어주고, 야경을 즐기는 관광객들에겐 황홀한 빛의 세계를 선사해 주는 곳이다. 또한, 부산의 전형적인 도심의 산으로 부산진구, 남구, 수영구의 경계를 이루는 산으로 해발 427m로 금련산맥 중에서 두 번째로 높은 산이다. 산역이 그리 넓지 않아 2~3시간 정도면 오를 수 있다. 인근 주민들 조기 등산지로, 아베크족의 데이트 코스로 각광을 받아왔던 동편은 남구에 접하고 서편은 부산진구에 접하고 있다. 북서쪽 산기슭에는 양정동, 중앙에 전포동이 자리 잡고 있다. 이 산기슭에 부산 시민의 휴식처, 청소년의 수련장이 개장되어 있다. 황령산과 금련산은 망미 연산 양정 전포 대연동 등에서 오를 수 있다. 코스 선택은 교통편을 고려해 편리한 곳으로 결정하면 된다.",
129156,가덕도 등대,랜드마크관광,"조선 말기에 건설된 유인등대 중 하나로서 1909년 12월에 점등을 시작했으며, 2003년 9월 16일 부산광역시 유형문화재로 지정된 등대이다. 고딕형 양식을 갖고 있으며 이 때문에 프랑스 등탑 형식과 유사하다. 출입구에는 진입계단의 폭에 맞게 목재를 이용한 돌출형 경사 현관을 설치하였으며, 상부 현판에는 조선 황실의 상징인 오얏꽃 문양이 새겨져 있는 등 한국, 일본, 유럽의 건축양식이 혼합된 구조로 되어 있다. 근대 서구 건축의 양식, 재료 등이 최초로 사용되었던 건물 중 하나이고 다른 등대에 비해 원형을 상당 부분 잘 간직하고 있기 때문에 역사적, 건축사적 가치가 돋보이는 문화재이다.",
2456224,렛츠런파크 부산경남,산업관광,"렛츠런 파크는 한국마사회가 운영하며, 2011년 개장 이후 믿고 가는 가족 공원으로 자리 잡았다. 2017년 가족 놀이 시설로 리뉴얼 오픈하여, 사계절 썰매장(슬레이드힐), 워터범퍼카, 워터롤, 렛츠런 투어 4개 시설이 새롭게 단장했다. 또한 공원에서는 친환경 전기차를 운영하여 아이가 있는 가족도 편안하게 공원을 즐길 수 있다.",
2789334,보람공원,도시공원,"부산 강서구 명지동에 있는 보람공원은 벚꽃이 흐드러지게 피는 봄에 멋진 풍경을 연출하는 곳이어서 부산 지역의 숨은 벚꽃놀이 명소로도 알려져 있다. 또한  공원 안에는 보람정이라는 정자도 있어 어르신들이 잠시 쉬어 담소를 나누기도 한다. 운동기구뿐 아니라 쉴 수 있는 벤치, 풋살장과 농구장이 있어 휴식뿐만 아니라 체육생활도 즐길 수 있다.  '외국인 근로자와 함께하는 Global park 정비사업'으로 만들어진 풋살장은 누구나 이용할 수 있지만, 녹산산단 내 외국인 근로자의 체육 등 여가 활동과 지역 사회 조기 정착 지원을 목적으로 세워져 외국인 근로자를 우선 배려하는 공원이기도 하다.",
128164,부산광안대교,랜드마크관광,"총연장 7.4km로 광역시도 66호선인 광안 대로는 부산광역시 수영구 남천동 49호 광장에서 해운대구 우동 센텀시티 부근을 잇고 바다를 가로지르는 국내 최대의 해상 복층 교량이다. 광안 대로는 교량으로서의 기능뿐만 아니라 상층부에서 바라보는 주변 경관이 일품으로써 끝없이 펼쳐진 바다와 손을 뻗으면 잡힐듯한 부산의 상징인 오륙도, 광안 대로를 둘러싼 황령산과 아기자기한 광안리 백사장, 해운대 동백 섬과 달맞이 언덕 등이 한눈에 들어온다. 또한, 예술적인 조형미를 갖춘 최첨단 조명시스템이 구축되어 요일별, 계절별로 다양하고 찬란한 불빛으로 색상을 연출할 수 있는 경관조명 덕분에 부산의 명물로 자리 잡았다. 이처럼 낮에는 주변에 위치한 천혜의 관광자원과의 조화를 통한 웅장함을, 밤에는 낭만과 휴식의 야경을 제공하는 등 관광명소와 연계되어 많은 사람들의 사랑을 받고 있다.",
2784330,미포항,자연경관(하천‧해양),미포항은 해운대해수욕장 동쪽 끝자락에 위치한 작은 포구로 이른 아침부터 인근 바다에서 잡아온 물고기들을 내리는 작은 어선들과 선착장에서 고기와 해산물을 사려는 사람들로 활기찬 곳이다. 그물을 손질하는 어부들의 모습과 햇볕에 말리고 있는 그물의 모습들이 주는 소소한 풍경이 있는 항구이다. 영화 ‘해운대’의 남녀 주인공이 식당과 포장마차를 운영하던 곳으로 나온 미포항은 바다를 바라보며 회와 소주 한 잔을 기울일 수 있는 명소이기도 하다. 미포항 바로 위로는 최근 한 예능 프로그램에서 나온 동해남부선 철길이 있다. 철길을 따라 탁 트인 바다를 감상하며 평상시에는 걸어볼 수 없는 철길을 걷기 위해 이곳을 찾는 발걸음이 늘고 있다. 미포항 - 동백섬 - 광안대교 - 이기대 - 오륙도를 둘러보는 코스의 해운대 관광유람선을 탈 수 있는 선착장이 있다. 낮에는 시원한 바닷바람을 맞으며 주변을 둘러볼 수 있고 밤에는 해운대 주변의 야경을 보기 위해 유람선을 타려고 이곳을 찾는 사람들도 많다. 아침을 활기차게 시작해서 한낮의 여유로움으로 편안함을 느끼고 멋진 일몰과 야경까지 즐길 수 있다.,
2381553,부산영화촬영스튜디오,산업관광,"부산영화촬영스튜디오는 국내 스튜디오 중 단일규모로는 최상의 사운드 스테이지를 보유하고 있으며, 완벽한 방·차음과 특수촬영시설 등을 갖춘 250평 규모와 500평 규모의 실내 스튜디오를 보유하고 있다. 이뿐만 아니라 물품창고, 감독실, 스태프실, 분장실, 목공실, 식당 등의 각종 부대시설을 고루 갖추고 있다. 부산영상위원회에서 운영하는 견학 프로그램을 이용하면 일부 시설 관람이 가능하다. 또한 매주 금요일에 영화 산업 전반에 관한 이해와 더불어 부상영상위원회 연혁 및 활동사항 설명, 영화 세트장 견학이 가능하다.",
126814,25의용단,역사유적지,"25의용단은 부산 수영구에 위치한 역사적인 건물로, 일제 강점기 동안 활동한 의용군의 전적을 기리기 위해 설립된 기념관이다. 이곳은 한국 독립운동의 중요한 장소로, 의용군의 헌신과 희생을 기념하는 다양한 전시물과 자료들이 전시되어 있다. 특히, 의용단의 활동과 독립운동에 관한 자세한 설명이 담겨 있어 방문객들에게 한국 역사에 대한 깊은 이해를 제공한다. 또한, 정기적으로 독립운동 관련 강연과 문화행사도 열리며, 지역 주민들에게 역사 교육의 장으로도 활용된다. 25의용단은 부산에서 중요한 역사적 가치를 지닌 장소로, 독립운동 정신을 계승하고자 하는 의미 있는 공간이다.",
2721158,천마산하늘전망대,랜드마크관광,"천마산하늘전망대는 천마산로의 ‘사진 맛집’으로 불리는 곳이다. 전망대에 올라가면 부부가 손을 잡고 같은 곳을 바라보고 있는 조형물을 볼 수 있는데, 그 이유는 1,400만 관객을 동원한 영화 ‘국제시장’의 무대로도 쓰였던 곳이기 때문이다. 2019년 ‘천마산 산복마을 흔적길 조성 사업’이 마무리되면서 천마산로는 더 편리하게 정비되었다. 산복도로의 옛 정취는 간직하되 말끔한 모습을 더한 것이다. 현재 천마산로 일대에는 조명과 보행 데크 등이 설치되어 있어 안전한 밤 산책이 가능하다.",
2744597,구덕문화공원,도시공원,"구덕문화공원은 부산광역시 서구 서대신동 구덕산 숲 속에 위치해 있다. 작은 폭포의 물소리와 아름답고 시원하게 뿜는 분수는 이곳을 찾는 이들의 마음속깊이 자연의 정취를 만끽케 한다. 이 공원에는 교육역사관이 있고, 울창한 숲 주변전경의 민속생활관, 온실식물이 자연과 더불어 함께하는 목석원예관 등 다양한 전시관과 폭포, 연못, 꽃길, 산책길 등을 갖춘 자연생태 문화 공간이다. 특히 이곳 구덕문화공원 일대는 2005년 11월 APEC(아시아·태평양 경제협력체) 정상회의 때 회원국 CEO Summit(최고경영자 회의) 배우자들(40명)이 방문한 곳이기도 하다.",
2554141,낙동강문화관,산업관광,"부산광역시 사하구에 위치한 낙동강 문화관은 낙동강과 낙동강 살리기 사업의 올바른 이해를 물 위의 도시를 걷듯 큐브(CUBE) 하나하나에 이야기를 담아내고 있다. 어린이들이 감성적 체험을 할 수 있도록 다양한 체험 프로그램과 놀이시설을 마련하였으며, 강을 주제로 한 미디어작품은 관람객들과 문화적 소통과 공감을 형성하며 다양한 체험 시설은 수변도시의 문화와 미래를 경험할 수 있도록 도운다.",
2785762,사상근린공원,도시공원,"사상근린공원은 다양한 테마공간이 마련되어 있어 아이들과 야외 활동을 하기 좋은 놀이공간이다. 동화 이상한 나라의 앨리스를 주제로 한 시계 광장을 시작으로 유아 숲 체험장인 작은 숲 속 나라, 어린이 놀이터인 신비의 숲, 모험심을 기를 수 있는 모험의 성 등이 있다. 놀이장 상단부 숲 속 쉼터에는 동화에 등장하는 동물들을 실제로 만나볼 수 있는 소규모 체험장도 마련되어 있어,  동화 속에 와있는 듯한 행복감을 준다.  그 외에도 바운스 돔, 짚 라인, 바닥분수대, 사상 정원, 솔밭쉼터 등 아이들이 재밌고 즐겁게 뛰어놀면서 모험심도 기르고, 꿈도 키울 수 있는 공원이다. 어른들을 위한 산책로도 있다.",
337435,약수암(부산),종교성지,"약수암은 부산광역시 사상구 백양산 자락에 자리한 대한 불교법화종 소속 사찰이다. 1890년경 승려 경파가 조청정화, 박보리화, 서본성월이라는 보살과 함께 창건했다고 전해진다. 1950년대부터 청명 스님이 55년간 주석하면서 불사를 이루어 지금의 모습을 갖추게 되었다. 약수암은 대웅전과 약사전, 삼성각, 종각 그리고 요사로 이루어져 있다. 대웅전은 정면 3칸, 측면 2칸의 규모로 팔작지붕에 주심포 형식이며 1950년대 초에 건립한 전각이다. 대웅전 건립 시기와 같은 1950년대 초반에 지어진 삼성각은 정면 3칸, 측면 1칸의 팔작지붕 건물로 주심포 형식이다. 외벽화는 없으며 오른쪽 외벽에 창방이 하나 나 있다. 1999년 팔각형의 시멘트 건물로 지어진 약사전은 외부 단청까지 되어 있으며 외벽에는 산수, 화훼, 화조 등을 내용으로 하는 벽화가 8면에 그려져 있다.",
2755676,구포 어린이교통공원,테마공원,구포 어린이교통공원은 다양한 활동을 통해 어린이들이 올바른 교통 문화를 배울 수 있는 체험 시설이다. 실내 체험장에서는 교통수단의 발달사와 같은 이론 정보는 물론 애니메이션과 영상 자료를 통해 안전사고를 예방하는 교육도 제공한다. 산책로로 연결된 야외 체험교육장은 실제 도로처럼 조성해 어린이들이 다양한 교통 상황을 직접 경험하면서 교통 지식을 체득할 수 있고 직접 미니카를 운전할 수도 있다. 무료로 운영되고 있어 가족들이 부담 없이 방문해 아이들과 교육적이면서 즐거운 시간을 보낼 수 있다.,
3414171,금곡동 율리 바위그늘유적,역사유적지,"금곡동 율리 바위그늘유적은 낙동강을 사이에 두고 김해 평야와 마주 보고 있는 금정산 서쪽 능선 아래쪽에 자리 잡고 있다. 유적 뒤편에는 높이 6m 내외의 암벽이 병풍처럼 길게 둘러싸고 있는데, 유적의 보존상태는 양호하며 특별한 훼손 없이 당시 모습을 잘 보여주고 있다.
1972년 12월부터 1973년 1월 사이에 부산대학교박물관에서 발굴 조사를 실시하여 바위그늘 내부에 조성된 3개의 야외노지(野外爐址)와 바위그늘 바깥의 적석유구(積石遺構) 1기를 확인하였다. 바위그늘 아래쪽으로는 즐문토기 등이 포함된 패총이 형성되어 있었으나, 발굴조사로 인해 지금은 바위그늘유적만 남아 있다. 바위그늘 내부와 패총에서는 신석기시대 후기~말기 단계의 즐문토기류와 함께 마제석부(磨製石斧), 지석, 석착(石鑿), 마제석촉(磨製石鏃) 등이 출토되었는데, 출토 유물로 볼 때 신석기 후기부터 청동기시대까지 거주 공간으로 이용되었던 것으로 추정된다.
이 유적은 바위그늘주거와 패총이 복합된 유적으로 규모, 입지, 출토유물 등으로 볼 때 굴 등 어패류를 획득하기 위한 임시 거주지로 추정되지만, 유적 입지의 특수성이나 자안패형(子安貝形) 토제품, 타원형 토제품 등 일상용품과는 다른 성격의 유물이 출토된 것으로 보아 의례공간(儀禮空間)으로 사용되었을 가능성도 있다. 금곡동 율리 바위그늘유적은 신석기시대 말기를 대표하는 유적으로 신석기시대에서 청동기시대로 이어지는 과도기의 문화양상과 당시의 생활문화를 이해하는데 매우 중요한 유적이다. 특히, 부산은 강과 해안을 끼고 있어 패총유적이 많은 편이지만, 이처럼 산지의 바위를 중심으로 형성된 유적은 전국적으로도 율리 바위그늘유적이 유일하다.

(출처 : 국가유산청)",
3093625,부산진 별빛산책길,도시지역문화관광,"부산진 별빛산책길은 부산진구 범전동에 위치한 특별한 길이다. 이 길은 고보조명과 빛 조형물을 이용하여 약 400m의 4개 구역 별 야간 빛 테마 거리가 조성되어 있다. 1구간은 빛의 꽃길, 2구간은 별빛길, 3구간은 바다물결 빛길, 4구간은 녹색빛길로 이뤄져 있다. 먼저 꽃길은 사시사철 꽃으로 둘러싸인 채 걸을 수 있고, 다음 이어지는 별빛길은 밤하늘에 있는 모든 별을 땅에 그려놓은 듯하다. 다음은 넘실대는 바다 위를 걷는 듯한 바닷길이 이어지고, 마지막으로 여러 가지 잎들로 구성되어 한 발짝 잎사귀 위를 걷는 것 같다.",
128055,평화공원,도시공원,"평화공원은 부산 남구 대연동에 위치한 공원으로 부산 시민들의 대표적인 쉼터로 알려져 있다. 2005 APEC 정상회의 개최를 기념하기 위해 UN 기념공원 인근에 조성되어 바닥분수, 파고라, 조깅코스 등 다양한 시설이 있다. 또한 인근에 박물관, 문화회관 등 역사문화체험공간과 어우러진 명소이다. 이곳은 동백나무, 소나무 등 수목 3만 그루를 심어 더욱 푸른 공간으로 탄생시켰다. 공원 한가운데 하늘로 솟구쳐 오르는 분수가 있어 여름에는 이곳에서 물놀이를 즐길 수 있고, 밤에는 아름답게 빛나는 분수를 배경으로 연인과 함께 시간을 보내기에 좋다.",
2758489,장안사계곡,자연경관(산),부산 기장군 장안사 계곡은 신라 673년 원효대사가 창건한 천년 고찰 장안사 아래 있다. 이곳은 청정지역에서만 볼 수 있다는 반딧불이가 서식하고 있어 매년 7월 말까지는 가로등을 소등한다. 장안사 주차장 인근에 계곡이 있다는 장점에 많은 관광객이 찾는다. 장안사 계곡에서는 더욱 쾌적한 환경 유지를 위하여 야영이나 취사는 금지되어 있으니 간단하게 돗자리 깔고 나무 아래서 쉬기에 좋은 곳이다. 불광산 자락의 울창한 숲에서 전해지는 맑은 공기를 만끽하며 조용히 산책도 즐길 수 있다.,
2758498,은진사,종교성지,"장안읍 길천리 장안천 인근에 자리 잡은 은진사에는 3천여 종의 야생화와 산수화 분경, 연꽃이 가득한 사찰이다. 은진사는 규모가 크진 않지만, 머무르는 동안 아름다운 꽃들이 많아 눈이 즐거워진다. 여름에는 주황빛 능소화가 반겨주며, 바다와 물을 수호하는 신이 모셔져 있는 용왕전 앞에 있는 연못에는 잉어 떼가 가득하고, 수국과 맥문동이 반긴다. 보기만 해도 기분이 좋아지는 포대화상과 항상 웃는 모습으로 자비와 복을 상징하는 미륵보살도 있다. 규모가 큰 절은 아니지만, 동굴 대법당, 소법당 영가전, 약사대불전, 산신전, 지장전, 관음전, 공양전, 연당 등 아기자기한 법당들이 잘 갖추어져 있으며, 연못, 폭포 등 볼거리가 많은 사찰이다.",
2758469,소두방공원,도시공원,"소두방공원의 ‘소두방’은 솥뚜껑을 닮았다는 것에서 유래된 정관의 옛 지명이다. 이 공원은 부산 기장군 정관읍의 대표 산림형 공원으로 정관박물관, 정관도서관, 축구장 등의 체육시설, 어린이놀이시설 등이 있어 주민들의 이용도가 높은 공원이다. 소두방공원 산책로에는 맨발 걷기를 할 수 있는 황톳길도 조성되어 있어 맨발 걷기에도 좋으며, 세족장과 먼지털이기를 설치하여 주민들의 만족도를 높이고 있다. 황톳길은 기장군에서 주 3회 산책로 정비를 실시하고 있다. 아이들이 뛰어놀기 좋은 자연친화 놀이시설은 놀이와 교육이 함께하는 입체적 콘텐츠를 도입하여 만들었다. 숲속배움마당, 숲속감성놀이마당, 숲속모험놀이마당의 세 개의 단층 공간으로 구성되어 있으며, 공간마다의 이동은 미끄럼틀, 경사놀이터를 이용하도록 했다. 각각의 공간별 콘셉트에 맞춰 통나무건너기, 숲속오두막, 숲속나무건너기, 통과놀이대, 숲속인디언집, 해먹, 낙수놀이대, 피크닉장 등을 설치했고, 아이들이 신나고 안전하게 뛰어놀 수 있도록 바닥이 우드칩과 잔디로 포장되어 있다.",
2775565,학리항(학리방파제),자연경관(하천‧해양),"부산광역시 기장군 일광면 학리에 있는 어항으로 기장 해안가의 오래된 포구이다. 멸치로 유명한 대변항과 회로 유명한 칠암항 다음으로 기장군내에서는 규모가 큰 항이기 때문에 어선을 보호하기 위해 만들어진 방파제가 있다. 활어를 유통, 판매하고 있으며 어촌 마을인 학리마을, 북쪽의 일광 해수욕장과 연결된 해변로를 따라 산책할 수 있다. 전국에서 처음으로 미역과 다시마를 양식하기 위하여 기르는 종묘를 생산하고 양식에 성공을 거둔 곳이기도 하다. 크고 작은 방파제와 빨갛고 하얀 등대가 어촌의 풍경을 자아내는 포구이다.",
2385686,아홉산숲,자연경관(산),"부산 기장 철마면 아홉산 자락에 위치한 숲으로, 훼손되지 않은 자연환경과 생태를 만날 수 있는 곳이다. 대나무숲, 편백나무 숲, 삼나무, 은행나무 등의 인공림과 수령 100~300년 되는 금강송 등을 포함한 천연림이 아홉산숲을 구성한다. 총면적이 무려 52만 ㎡에 이르며, 약 400년의 세월을 지켜온 사유림으로, 자연보호를 위하여 사전 예약된 제한된 인원만이 출입이 가능하다. 놀이공원이나 유원지와 다르게 자연을 훼손하지 않는 선에서만 관람이 가능하지만, 아이들을 위한 숲 속 체험 및 놀이 프로그램도 마련되어 있으며, 숲 해설을 들을 수도 있다.",
2643387,북맛골,도시지역문화관광,"북맛골은 ‘부산대 북쪽 장전동에 위치한 맛집 골목’이라는 뜻으로, 부산대 밥집의 살아 있는 역사를 이어가고 있는 곳이다. 부산대 북문 쪽 새로 지어진 원룸 건물 사이사이에 고주택과 20여 개의 오래된 식당들이 여전히 남아있는데, 식당들이 쭉 이어져 있는 100m 정도 되는 거리가 바로 ‘북맛골’이다. 북맛골에는 20~30년 된 아주 오래된 식당들과 최근에 학생들에게 인기 있는 식당들이 착한 가격, 푸짐한 양, 한결같은 맛으로 학생들의 배를 든든히 채워주고 있다. 낭만과 청춘이 교차하는 부산대 젊음의 거리에서 부모님 세대와 자식들을 유일하게 이어주고 있는 추억의 골목에서 단골과 새로운 방문객들이 그 맛을 찾아서 오늘도 발길을 잇고 있다.",
2605602,외양포 포진지,역사유적지,"외양포는 부산광역시 강서구 가덕도 남단에 위치하고 있는 포구이다. 1904년 2월 러일전쟁을 일으킨 일본군은 외양포를 대한해협 일대의 군사거점 확보를 위한 군사기지로 설정하여 민가 64호를 강제 퇴거 시켰다. 그 후 일본군은 이곳에 해군기지를 구축하기 위해 제3 임시 축성단을 파견하여 공사를 완료하고, 진해만 요새 포병대대 제2중대를 배치하였으며, 곧이어 포병대대본부를 옮겨와 부대를 증강 배치함으로써 외양포는 러시아 함대와의 해전을 대비한 군사기지가 되었다. 외양포 마을에는 포대 사령부실과 관사, 사무실, 막사, 창고 등 군사시설로 추측되는 일본식 건물이 다수 남아 있고, 지금도 주민들의 거주 용도로 활용되고 있다.",
2822334,동래온천길(온천천 카페거리),도시지역문화관광,"부산 동래온천길은 동래 온천천 산책길을 걸으며 동래구의 주요 관광지인 온천장, 명륜 1번가, 온천천 카페거리를 함께 즐길 수 있는 산책코스이다. 비교적 짧은 거리인 5.65.㎞이지만 스탬프 투어를 상시 운영 중이어서 온천천과 동래구 주요 관광명소를 가볍고 즐겁게 돌아볼 수 있다.
특히 온천천 카페거리는 벚꽃으로 유명한 온천천변에 관광객이 많이 모이기 시작해 안락동 주택가에 2011년 경부터 작은 카페들이 들어서면서 카페거리가 형성된 곳으로 현재 약 150여 개의 매장들이 모여 카페, 음식점, 주점, 공방 등이 조화를 이루고 있고 온천천 카페거리에서만 느낄 수 있는 특색과 개성 있는 매장들이 가득하다. 레스토랑과 음식점이 많이 있어 브런치나 식사를 위해 이곳을 찾는 손님들이 늘고 있고, 식사 후엔 온천천의 풍경을 즐기며 티타임을 갖기도 하고 온천천 시민공원을 산책하는 사람들이 많다. 봄에는 벚꽃이 만개하여 아름다운 벚꽃동산을 만들고, 온천천을 따라 조성한 유채꽃이 가득한 지역으로 하얀 벚꽃과 노란 유채꽃을 보러 오는 사람들로 붐비는 곳이다.",
128564,대항 어촌체험 휴양마을,농산어촌체험,"가덕도 내에는 관측산· 국수봉·남산(190m)  등의 아름다운 산이 많이 존재한다. 관측산은 해발고도 76m로, 일제강점기에 해군의  관측소가 있었고, 국수봉은 해발고도 268m로 기암괴석으로 이루어져 있다. 가덕도내  유적으로 대항조개무지·외양포조개무지, 문화재로 애구바구섬에 있는 가덕도  자생동백군(부산기념물 36)이 있다. 대항조개무지의 규모는 약 200평으로, 신석기  시대의 민무늬토기 조각이 출토되었다. 외양포조개무지는 2곳으로 규모는 각각 150평과  50평 정도이다. 민속으로는 가덕도 대항마을의 숭어들이가 있으며, 대항마을에서는  통발체험을 할 수 있는 체험프로그램을 운영하고 있다.대항마을에 가기 위해서는 선착장까지 갈 경우 남해 제2지선고속도로  상 가락나들목에서 나와 58번 국지도를 따라 남하하다가 송정동에서 2번 국도를 서진,  중소기업지원센터서 가덕 녹산선착장쪽으로 좌회전해 진입하면 된다.
가덕도는 보개산이 바다 가운데 침몰되었다가 다시  솟아서 이루어졌다는 전설이 있는 부산 최대의 섬이다. 최고봉인 연대산(459.4m)을  위시하여 수많은 산들이 펼쳐져 있으며, 해안선을 따라 동북쪽으로 눌차·동선사이를 이어주는 주변 백사장에서부터 기도원앞 바닷가의 경관, 동남쪽으로 대항  새바지의 넓은 자갈밭과 용두암을 시작으로 펼쳐지는 동백숲과 아동섬일대와 동두말,  가덕도 등대 주위의 깎아지른 듯한 기암괴석, 서남쪽으로 돌아 외양포 해수욕장,  두문의 길게 뻗은 솔섬, 천수말 코바위 등 가덕도는 해금강 절경을 방불케 한다.",
2999905,플루니티,기타체험,"부산 영도의 오래된 마을인 봉산마을 내에 위치한 플루니티는 꽃차와 다식 체험을 할 수 있는 작고 소박한 공간으로 국내 친환경 꽃과 약용식물을 재배하는 농장과 계약 재배를 통해 재료를 공급받고 있다. 꽃차 만들기, 전통 다식 만들기 외에도 퍼스널 플라워티블렌딩 클래스, 꽃차 컬러테라피 클래스 등의 체험이 있다. 한국관광공사 관광두레 부산 영도 지역 사업체로서 현재는 소규모 단체와 기업을 대상으로 체험 프로그램을 운영 중이므로 개인 방문 시 미리 연락하는 것을 추천한다.",
2945389,UN조각공원,도시공원,"6.25전쟁에 참전하여 산화한 UN군의 영령이 안치된 세계에서 하나뿐인 UN기념공원 옆에 조성된 조각공원이다. 세계평화, 자유의 상징으로 부각시켜 국제관광명소로 가꾸기 위해 한국전쟁50주년 특별기획 UN기념공원 국제조각 심포지엄(2000년 9월 15~30일)에 참여한 6.25참전 21개국의 조각가들이 제작한 34점의 조각품을 기증받아 UN조각공원을 조성하였다. 2001년 10월 24일에 UN조각공원 준공식을 가졌다.",
3454074,영화의전당 라이브러리 자료실,기타문화관광지,"영화의전당 라이브러리 자료실은 영화에 관심 있는 누구나 이용 가능한 꿈같은 공간이다. 단순한 도서관을 넘어, 영화 관련 자료의 보고이자 영화인들의 소통 공간으로 자리매김하고 있다. 또한 다른 영화인들과 교류하며, 새로운 아이디어를 얻을 수 있는 곳이다.",
3452166,커넥트현대,기타문화관광지,"부산 현대백화점이 새롭게 선보인 도심형 복합쇼핑몰이다. 단순한 쇼핑 공간을 넘어 사람, 장소, 문화를 연결하는 플레이그라운드를 지향하며, 부산의 다양한 매력을 담아냈다.",
3421909,그런고로,기타체험,"그런고로는 부산에서 활동하는 독립 출판사를 운영하는 작가와 도예가 등 지역 예술가들이 함께 모여 만든 주민사업체다. 이들은 모두 부산 진구에서 나고 자란 토박이들로 재개발로 변해가는 전포동의 모습을 ‘기억’하기 위해 만들어졌다.
자신의 취향에 맞는 향과 사용된 향료를 잘 이해하고 사용하면 자신만의 향을 지닌 사람이 될 수 있다. 주식회사 그런고로는 여기에 추억을 더했다. 부산취향은 ‘소독차 쫓던 한여름밤’, ‘리어카 길보드 차트’, ‘전봇대 아래 첫키스’ 라는 세 가지 시리즈로 구성됐다. 각 시리즈는 이름에서 느껴지는 개성만큼이나 독특한 향으로 소비자들에게 다가간다. 
그런고로는 부산취향을 알리기 위해 다양한 행사에 적극적으로 참여하고, 앞으로도 부산취향은 향기 테라피, 시향 프로그램 등 다양한 향기 체험 프로그램을 꾸준히 개발해 나갈 예정이다.",
2785289,감지해변,해수욕장,"부산 태종대 옆에 자리한 감지해변은 길이 270m, 폭 40m의 크기에 부산에서는 보기 힘든 조약돌이 깔린 아기자기한 해변이다. 수려한 경관과 바다 위로 드리운 일몰이 아름다워 뷰 포인트로 각광받고 있는 곳이다. 도심에서 30분 정도의 거리에 있어 접근성이 좋다. 각양각색의 다이빙 포인트가 많아 스킨스쿠버 다이빙을 즐기러 오는 다이버들에게 많은 사랑을 받는 곳이기도 하다. 감지해변의 해안선을 따라 약 3㎞의 길이로 조성된 감지해변 산책로는 어린이를 동반해도 무리 없을 정도로 경사가 완만하고, 야생초 꽃밭은 청소년들의 자연학습장으로 더할 나위 없이 좋다. 산책 후 태종대 유원지 부설주차장에 자리 잡은 조개구이촌에서 즐기는 바다 내음 가득한 신선한 조개구이도 빼놓지 말아야 할 코스이다.",
1918263,누리마루 APEC하우스,전시시설,"누리마루 APEC하우스는 해운대구 우동의 동백섬에 세워진 국제회의장이다. 이곳을 방문한 각 정상들은 누리마루 APEC하우스를 최첨단 회의 시스템, 고품격 서비스, 한국 전통의 고유한 아름다움을 모두 겸비한 최고의 회의장이라고 극찬한 바 있다. 누리마루 APEC 하우스 명칭은 순수 우리말인 ‘누리(세계) 마루(정상)’와 APEC 회의장을 상징하는 ‘APEC하우스’를 조합한 것으로 ‘세계 정상들이 모여 APEC 회의를 하는 집’이라는 뜻을 가지고 있다. 울창한 동백나무와 송림으로 둘러싸인 자연경관이 아름다운 동백섬에 위치해 있으며 APEC 이후 기념관 및 국제회의장으로 활용되고 있다. 누리마루는 지상 3층의 건축물로 건물 전체의 조형은 한국 전통의 건축인 ‘정자’를 현대적으로 표현했으며 지붕의 형태는 동백섬의 능선을 형상화하였고 외부의 사선 기둥(12개)은 Dynamic Busan의 역동성을 표현, 내부의 장식은 한국의 창조적 전통문화를 시각적으로 표현했다. 우리나라 대청마루를 콘셉트로 한 테라스에서는 오륙도, 광안대교, 달맞이 언덕 등을 조망할 수 있으며 누리마루는 자연미와 현대미를 고루 갖춘 고품격 국제회의장으로서의 면모를 갖추고 있다. 현재 이곳 누리마루 APEC하우스는 국내뿐만 아니라 세계 각국 여행자들이 방문하고 있는 부산의 대표적인 명소로 자리 잡고 있다.",
2551424,국립일제강제동원역사관,전시시설,"국립일제강제동원역사관은 일제 강점기 강제동원의 실상을 규명함으로써 성숙한 역사의식을 고취하고, 인권과 세계평화에 대한 국민 교육의 장을 제공하는 것을 목적으로 건립되었다. 일제 강점기 때 부산항이 대부분의 강제동원 출발지였고, 강제동원자의 일부가 경상도 출신이었다는 역사성과 접근성 등을 감안하여, 2008년 9월 부산에 건립 방침을 확정했다. 역사관 내부에는 정부에서 수집한 강제동원 수기, 사진, 박물류 등을 전시하고 있다. 그리고 일제 강제동원 희생자를 추모할 수 있는 추모탑과 기억의 터(위패관)가 마련되어 있고, 미래세대에게 평화의 소중함을 알리기 위한 어린이체험관과 어린이 도서관 다독다독이 있어 '유족을 위한 추도, 기념시설'로서의 역할은 물론 '일제강제동원 역사 교육 공간'으로서의 역할을 수행하고 있다.",
130642,조현화랑,전시시설,"조현화랑은 1989년 개관하여 한국의 현대미술의 오늘을 소개하고 지역 작가 발굴과 다양한 실험적 전시를 함으로써 부산 미술에 대한 활기를 불어넣는데 앞장섰다. 개관 당시 한국 현대 미술의 중요한 사조인 단색화 풍의 정창섭, 박서보, 이우환, 윤형근, 김기린의 전시를 여러 차례 열었다. 이것은 한국 추상 회화에 대한 앞선 안목과 한국 현대미술 사조에 대한 깊은 이해를 보여주는 것으로 조현화랑의 성격을 보여주는 중요한 바탕이 되었다. 현대미술의 거장들을 꾸준히 소개하였으며 최근에는 김종학, 이배, 권대섭, 김택상, 진 마이어슨, 보스코 소디, 베르나르 프리츠, 클로드 비알라, 조루쥬 루쓰, 아야 타카노 등의 전시를 선보이며 호평을 받았다. 더 나아가 한국 현대 미술사의 흐름에 빼놓을 수 없는 중요한 전시를 개최하고 국내외 거장뿐만 아니라 강강훈, 안지산, 이소연, 조종성 등 독보적인 작품세계의 구현으로 주목받는 작가들의 작업 활동 및 국제무대 진출을 위한 통로에 힘쓰고 있다. 현재 국내외 아트페어에 활발히 참가하며 동시대 현대미술을 전 세계에 소개하고 주도하는 역할을 해 나가고 있다.",
2763856,부산광역시교육청학생예술문화회관 놀이마루,기타문화관광지,"부산광역시교육청학생예술문화회관 놀이마루는 가족 단위 방문객들에게 인기가 많은 종합 놀이 공간이다. 이곳은 어린이들이 즐길 수 있는 다양한 놀이시설과 체험 프로그램을 제공하며, 실내와 실외 모두를 아우르는 다양한 활동 공간이 마련되어 있다. 안전한 환경에서 아이들이 자유롭게 놀 수 있도록 설계되어 있어 부모들이 안심하고 자녀와 함께 즐길 수 있다. 또한, 다양한 교육적 요소를 가진 놀이 기구들이 있어 창의력과 협동심을 기를 수 있는 기회를 제공하고 아이들과 함께 특별한 시간을 보내기에 좋은 장소이다.",
2764008,부산자원순환협력센터,전시시설,"부산자원순환협력센터는 폐기물의 순환 체계 구축과 시민 환경교육을 위해 노력하고 있는 부산지역 자원순환 정책의 거점이다. 센터에서는 폐자원 정보관리, 자원순환특화단지 입주기업 지원과 함께 다양한 업사이클링(upcycling) 교육, 전시, 체험, 견학 프로그램을 운영함으로써 순환자원 가치제고의 허브 역할을 하고 있다. 센터 1층에는 전시관과 체험을 즐길 수 있는 체험관, 영상관이 있고, 2층에는 체험학습장과 공연장이 있다. 체험 프로그램으로는 신나는 에코투어버스, 생활도자교실, 나만의 에코 컵 만들기, 청소년 자원 순환 학교 등 운영하고 있다.",
130737,부산자유회관(부산통일관),전시시설,"통일관(부산자유회관)에는 한국전쟁을 돌아보며, 남, 북 간의 이질감을 해소하고 경제·사회·문화 등 각 분야에서 공동체를 형성하는데 중추적인 역할을 담당하기 위한 전시관 및 야외전시관을 운영하고 있으며, 자유회관 대강당, 강의실 등에 대한 대관 행사도 시행하고 있다.
통일관 1층에는 대륙으로 향하는 통일 기차에 대하여 영상 자료 상영을 통한 통일에 대한 개념과 내용을 소개하고, 스탬프 체험과 퍼즐 체험, 북한 관련 그림 그리기 체험 등을 할 수 있다. 2층 전시관에는 ‘통일을 기다리는 부산’, ‘역사로 본 통일’, ‘북한의 생활’, ‘통일과 미래’ 4가지의 주제로 한국전쟁 당시 부산의 옛 흔적을 담은 사진 전시가 있다. 피난 흔적이 남은 부산, 통일 관련 이슈 및 현황, 남북 분단 이후 현재까지의 긴장과 화해의 시간 등을 다루고 있으며, 역사 속 통일 기록을 통해 통일의 당위성을 이해하고 있다. 더하여 최근 북한의 생활 모습, 북한의 역사 유적과 유물, 통일 한국의 미래 비전과 통일 편익, 통일 정책 등을 소개하고 있다. 야외전시실에는 F-86 항공기 외 9종의 전쟁 관련 물자들이 전시되어 있다.",
130153,백산기념관,전시시설,"백산기념관은 독립운동가 백산 안희제 선생의 항일 독립운동 정신을 기리기 위해 1995년 건립된 역사기념관이다. 안희제 선생이 설립한 백산상회와 백산무역주식회사는 독립운동자금을 조달·지원하고 국내외 독립운동 세력을 연결하는 거점 역할을 수행했다. 기념관에는 선생의 생애와 독립운동 활동, 백산상회의 역사 등을 소개하는 다양한 전시 자료가 마련되어 있으며, 이를 통해 애국정신과 민족 자주정신을 되새길 수 있는 역사 문화공간으로 자리하고 있다.",
2788392,한국신발관,전시시설,"국내 유일의 신발산업 랜드마크인 한국신발관은 신발산업의 미래역량을 만들어나가는 창조적 공간이자, 신발 문화의 확산을 만들어 나가는 공유의 공간이다. 지하 1층, 지상 7층의 규모로 지하 1층은 체험관, 지상 1층과 2층에는 신발의 역사를 알 수 있는 전시관으로 활용되고 있고 지상 3층에는 어린이 도서관 등 편의시설이 있다. 관람뿐만 아니라 신발 문화 체험 및 기업 창업 지원 등을 하고 있으며 신발에 특화된 인력을 양성하는 곳이기도 하다. 각 층별마다 관람하는 순서를 제공하고 있어 신발에 대한 스토리를 느끼며 관람 가능하며 신발에 관한 전시뿐만 아니라 발관련 계측 기계를 통한 발 균형 검사도 제공하고 있다. 누구나 쉽게 신발산업을 이해할 수 있도록 흥미롭고 다채로운 콘텐츠를 제공하고 있다.",
4093693,KF아세안문화원,교육시설,"한국과 아세안 간 문화교류와 상호 이해를 넓히기 위해 2017년 부산 해운대에 문을 연 공공외교 문화공간이다. 상설전시실에서는 아세안의 역사와 생활문화, 종교, 예술을 유물과 영상, 디지털 콘텐츠로 살펴볼 수 있으며, 기획전시실에서는 전통과 현대를 아우르는 문화예술 전시를 선보인다. 건물에는 디지털문화체험존과 정보자료실, 세미나실, 요리체험실, 대강당 등이 마련되어 있다. 전시 연계 체험과 강연을 비롯해 아세안 언어강좌, 요리교실, 공연, 영화 상영, 어린이·청소년 이해교육과 단체방문 프로그램도 운영한다. 문화원은 2014년 한·아세안 특별정상회의의 성과 사업으로 건립됐으며 한국국제교류재단이 운영한다",
130668,벡스코(BEXCO),전시시설,"부산광역시 해운대구에 있는 BEXCO는 2001년 9월 개관한 국제 규모의 전시·컨벤션센터이다. 벡스코의 시설로는 제 1전시장, 제 2전시장, 회의실 13개소, 컨벤션홀 19개소, 대형 공연장인 오리토리움 등으로 구성되어 있다. 벡스코는 기둥이 없는 초대형 단층 공간으로 전문 전시장과, 다목적홀, 야외전시장, 상설전시장을 갖추고 있으며, 각종 첨단 설비가 완벽하게 갖춰져 있어 국제 전시회 및 국내 전시회, 대규모 회의, 공연, 이벤트, 스포츠 행사장으로 활용되고 있다. 부산코믹월드, 부산국제모터쇼, 부산국제철도기술산업전 등 다양한 정기 행사와 공연을 개최하는 국내 대표 전시장이다.",
4083886,명란브랜드연구소,전시시설,"부산 초량이바구길에 위치한 명란브랜드연구소는 층마다 다채로운 콘텐츠를 갖춰 관광객들의 발길을 사로잡고 있다. 1층에서는 라면과 ‘168 더 데크’ 연계 프로그램을 즐길 수 있으며, 2층에서는 명란삼남매 굿즈와 다양한 명란 식품을 만나볼 수 있다. 3층은 무인카페와 유럽 감성의 포토부스로 꾸며져 특별한 추억을 남길 수 있으며, 4~5층은 전시와 함께 아름다운 전망을 감상할 수 있는 공간으로 운영되고 있다.",
2736377,영도 조내기 고구마 역사기념관,전시시설,"영도 조내기 마을은 우리나라 최초로 고구마가 재배된 지역이다. 조선 영조 때 통신사 조엄이 대마도에서 가져온 고구마를 영도에서 처음 재배하게 됐고, 그것으로 백성들의 기근을 해소하게 됐으니 영도 조내기 고구마 역사기념관은 고구마의 역사적 가치와 의미, 또 시배지였던 영도를 기념하고 알리고 주변지역과 연계하여 지역문화를 활성화 시키기 위하여  건립된 기념관이다. 
1층은 메인 전시관, 2층은 카페와 요리 체험실, 교육장이 있고 옥상 루프탑은 문화공간으로 꾸며져 있다. 특히, 조내기 고구마 역사 기념관은 고구마의 전파경로와 역사 연대기, 고구마의 전래 배경을 소개하고 있으며 샌드아트 영상, 고구마 동화이야기, 퍼즐 맞추기 키오스크, 스케치 인터랙티브 등이 있다. 고구마 모형의 조형물과 난간으로 꾸며진 공원과 놀이터는 아이들에게 인기가 많고, 고구마 카페도 인상적이다. 산책로를 따라 걸으면 봉래산 둘레길(6.5km)과 연결돼 있고, 금요일부터 일요일 오후 1시에서 5시까지는 문화 관광해설사의 재미있고 유익한 해설을 들을 수 있다.",
4081887,낙동아트센터,공연시설,"낙동아트센터는 987석 규모의 콘서트홀과 292석 앙상블극장으로 구성된 서부산권 최초의 클래식 전용 공연장이다. 지역의 문화적 갈증을 해소하고 예술의 새로운 흐름을 창조하기 위해 탄생한 복합 문화플랫폼으로, 가덕신공항 시대와 에코델타시티의 성장축 위에서 낙동강의 흐름처럼 예술의 경계를 확장하며 지역과 세계를 잇는 열린 문화의 통로가 되고자 한다. 낙동아트센터는 단순한 공연장을 넘어 지역 예술 생태계의 중심이자 시민의 일상 속에서 예술을 경험할 수 있는 것을 지향한다. 서부산의 문화 접근성을 높이고, 지역 예술인의 창작 기반을 강화하며, 국제 교류와 대형 제작 공연을 통해 도시의 문화 브랜드 가치를 높이는 한편, 미래 세대 문화예술 교육을 통해 지역 문화의 지속 성장을 이끌어간다.",
130751,부산광역시립 사하도서관,도서관,"부산광역시립 사하도서관은 1984년 9월 개관하였으며, 2020년 5월 리모델링 사업을 완료하여 현대적인 설비를 구축하였다. 아름답고 편리한 도서관 공간, 양질의 장서와 서비스로 지역주민과 같이 성장하고 같이 행복한 도서관, 누구나 찾고 싶은 도서관, 머물고 싶은 도서관 등 행복한 삶의 기반으로서의 도서관이 될 수 있도록 노력하고 있는 곳이다. 사하도서관은 본관과 별관으로 운영되고 있으며, 본관 1층에는 어린이 자료실, 어린이강좌실이 있으며, 2층에는 종합자료실, 연속간행물실, 디지털존이 있고, 별관에는 1층에는 평생학습실, 북카페가 2층에는 문서고, 회의실, 사무실이 있다.
사하도서관에서는 도서열람 및 대출과 같은 도서관의 기본적인 업무 외에 독서마당, 평생학습강좌 등을 운영하여 지역주민의 문화생활 향상에 기여하고 있다.",
130252,부산해양자연사박물관,전시시설,"부산해양자연사박물관은 해양의 중요성을 인식하고, 사라져 가는 소중한 해양자연사 자료들을 수집 및 보존하고 이를 전시하고 교육한다. 1994년 6월 10일 개관한 부산해양자연사박물관은 해양자연사 분야의 전문박물관으로 세계 100여 개국의 희귀종, 대형종, 한국 특산종 등 해양생물을 중심으로 자연사 자료를 수집, 전시하고 있으며, 소장품의 상당수는 전시 가치 및 희귀성 면에서 국제적인 수준이다. 부산해양자연사박물관 주요 전시품으로는 국내 유일의 전신 골격표본인 큰 이빨부리고래 골격 표본, 국내 최대 크기의 고래상어 표본, 현존하는 패류 중 가장 큰 종인 대왕조개, 산갈치 표본, 화석화가 진행 중인 고래뼈 표본 외에도 말레이가비알, 아나콘다, 물왕도마뱀, 악어거북, 며느리발톱거북 등을 소장‧전시하고 있다.",
130484,금정문화회관,공연시설,"금정문화회관은 시민의 복합문화 예술공간으로써 전국 자치구 단위로는 최고의 현대화된 시설을 갖추고 있는 곳이다. 수준 높은 문화서비스 제공은 물론, 지역 문화 창달과 문화 정보 중심센터의 역할을 하고 있으며, 부산의 관문인 경부고속도로 진입부에 위치하여 교통편도 좋은 곳이다. 수준 높은 공연예술과 대규모 행사를 주로 하는 대공연장과 연극, 무용 등의 소규모 공연을 하는 소공연장, 야외공연을 열수 있는 야외공연장 등을 갖추고 있으며, 다양한 장르의 예술을 전시할 수 있는 전시실을 운영하고 있다. 지역주민의 정서함양과 여가활용을 할 수 있는 다양한 문화강좌를 운영하고 있다.",
3017191,사상생활사박물관,전시시설,"사상생활사박물관은 2016년 5월 개관하여 사상의 자연과 함께 살아온 사람들의 생활사 변천 과정을 전시하고 지역에 산재해 있는 관광자원을 소개하는 곳이며 주민들이 주도적으로 운영에 참여하고 전문가와 행정이 협업하여 지역의 문화를 발전시키는 주민들의 소통 공간이다. 사상지역은 1970년대 대한민국 근대화에 있어 중추적인 역할을 해왔으나 공업화의 악영향으로 회색도시, 문화의 불모지라는 오명과 함께 날로 낙후되어 가고 있는 사상공업지역에 문화와 소통의 향기를 전하는 문화 네트워크형 박물관을 건립하여 잊혀가는 사상 주민들의 생활사와 추억들을 수집하여 역사를 조명하고 미래를 준비하기 위하여 사상생활사박물관을 건립하게 되었다. 특별 전시와 기획 전시도 운영하고 있다.",
3017067,망양로 산복도로전시관,전시시설,"부산의 근현대 산복도로의 생활사를 소재로 한 전시기획 및 창의적인 신개념 놀이터 설치 공간인 망양로 산복도로전시관은 2021년 개관한 전시관이다. 산복도로는 부산의 애환이 담겨있는 도로로 6.25 전쟁으로 산동네가 생겨났고 그곳을 이어주는 산길이 만들어져 생겨난 도로이다. 산복도로 전시관에는 1950년대 동구 일대에 나전칠기, 자개농 가구거리가 형성되었던 거리를 기념하기 위하여 자개로 만든 벽면 전시품을 입구 통로에 전시하고 있으며 각종 전시공간은 방문자가 직접 참여할 수 있는 다양한 콘텐츠가 있는 플레이형 체험존 성격을 가지고 있다. 전시관 구성은 산복도로 주변 경관과 역사, 일상을 주제로 만든 전시공간인 아카이브존, 모션카메라로 관객과 풍경이 하나가 되는 미디어아트 체험 공간인 미디어아트존, 집 모양 만들기, 구술 전화기 등 다양한 경험을 할 수 있는 플레이존, 여러 스탬프와 스티커로 엽서를 만들어 출력하는 기념품 체험존 등이 있다. 산복도로 전시관 인근에는 초량이바구길, 168계단 모노레일, 유치환의 우체통, 차이나타운 등이 있어 역사유적 관광을 겸할 수 있는 곳이다.",
1608530,임시수도기념관,전시시설,"임시수도기념관은 한국전쟁이라는 국난의 시기에 대한민국 임시수도로서 소명을 훌륭하게 마친 부산의 위상과 역사성을 기념하고 부산 시민의 자긍심을 고취하기 위해 1984년 6월 25일 개관하였다. 개관 당시 중심 건물이었던 대통령 관저는 일제강점기인 1925년 경상남도 도청이 진주에서 부산으로 이전하면서 1926년 8월 10일 도지사 관사로 지어진 벽돌조의 2층 가옥으로 1950년 한국전쟁 발발로 부산이 대한민국의 임시수도 기능을 했던 기간(1950~53년)에는 대한민국의 초대 대통령인 이승만 대통령이 거처하던 곳이다. 한국 전쟁 당시 대한민국 정치의 최종 결정과 대외적인 외교업무가 이루어진 장소라는 점을 사실적으로 보여주기 위하여 대통령의 집무실과 응접실 등을 당시 분위기 그대로 재현하였고 대통령 내외와 수행비서들의 생활공간이기도 한 내실과 거실, 손님방, 식당과 부엌 등에서는 검소하고 소박한 대통령 내외의 일상적인 면들도 볼 수 있다.
이 곳은 전시관을 함께 운영하고 있으며 2012년 9월 대통령 관저 뒤편에 자리 잡고 있던 옛 부산고등검찰청 검사장 관사를 전면 리모델링하여 새로운 전시관으로 개관했다. 지하 1층, 지상 1층의 벽돌조 가옥인 전시관은 한국전쟁의 발발과 피란민들의 생활상, 임시수도 시기 부산의 정치, 경제, 문화 등을 보여주는 상설전시실로 꾸며져 있다.",
130521,동아대학교 석당박물관,전시시설,"동아대학교 석당박물관은 한국의 역사, 민속, 예술, 자연 및 과학과 산업에 관한 여러 자료를 수집·정리·전시하여 한국의 전통적 고유문화를 이해하고 계승·발전시켜 학술 연구에 기여하는 것을 목표로 1959년에 개관하였다. 이후 여러 차례의 이전 후 2009년 동아대학교 부민캠퍼스 박물관으로 이전 개관하였다. 지하 1층, 지상 3층으로 구성된 곳으로 2층의 대진열실외에 특별 진열실, 세미나실, 연구실 등의 부대시설을 갖추고 있다. 또한, 학술 활동을 꾸준히 하고 있으며 이러한 활동의 결과를 바탕으로 100여권의 디지털 보고서를 발간하여 학자와 시민들에게 공개하고 있다. 그리고 소장하고 있는 국보, 보물 특별전을 개최하는 등 여러 번의 전시회를 진행하였다.",
3416331,도모헌,교육시설,"부산 수영구 남천동에 위치한 복합문화공간인 도모헌은 과거 부산시장 관사와 대통령 숙소로 사용되던 건물을 리모델링하여 2024년 9월 24일 시민에게 개방된 곳이다. '무엇이든 자유롭게 도모하는 공간'이라는 의미를 담은 이름으로 1984년 건축가 김중업이 설계한 건물을 현대 건축가 최욱이 재해석하여 새롭게 단장한 것이다.
도모헌의 내부는 다목적 공간, 공유 오피스, 카페, 강연장, 회의실 등 다양한 시설로 구성되어 있다. 특히 야외에는 소소풍 정원이라 명명된 생활 정원이 조성되어 부산시 제1호 생활 정원으로 지정된 곳이다. 도모헌은 과거 '지방 청와대'로 불리며 권위적인 이미지를 가졌으나, 이제는 시민을 위한 공간으로 재탄생한 곳으로 시민들에게 휴식과 문화 체험의 기회를 제공하는 열린 공간으로 탈바꿈한 것이다.",
2385666,국립부산과학관,전시시설,"오시리아 관광단지(부산시 기장군)에 위치한 국립부산과학관은 2015년 12월 개관 이후 누적관람객 700만 명을 넘어섰으며 2025년 개관 10주년을 맞이하였다. 또한, 연평균 관람객 100만여 명, 교육참가자 약 10만 명으로 부울경 지역의 과학적 사고력 함양에 기여하는 과학문화 확산의 거점기관으로 역할을 하고 있다. 자동차, 항공, 조선, 에너지, 의과학 등 부울경 과학산업기술 전시와 4차 산업혁명 이후 맞이하게 된 미래 기술과 문화를 직접 체험하고 배울 수 있도록 인공지능, 로봇, 메이커 등 교육 및 문화행사 프로그램을 지속적으로 개발 및 보급하고 있다. 국립부산과학관에는 자동차, 항공우주, 선박, 에너지, 의과학 등 지역산업의 과학기술을 체험형 전시물로 담은 상설전시관, 영유아를 위한 우주과학놀이터 새싹누리관, 기초과학원리와 미래기술을 직접 느껴볼 수 있는 어린이과학관과 항상 새로운 주제의 특별전시로 관람객을 맞는 기획전시실 김진재홀이 있다. 이외에도 한낮의 밤하늘 여행을 떠나는 천체투영관, 굴절망원경이 있는 천체관측소, 뛰어놀면서 배우는 사이언스파크, 산업혁명 증기기관차를 상징하는 꼬마기차, 1박 2일 숙박형 과학교육캠프관 등 국립부산과학관에는 과학을 즐길거리가 무궁무진하다.",
4068714,포디움다이브,전시시설,부산에 위치한 포디움다이브는 책과 아트가 결합된 부산 실내 여행지다. 광안리 해변에서 도보 1분 거리에 위치하며 지하 1층~3층으로 이루어져 있다. 감각적인 인테리어가 돋보이는 이곳은 지하까지 뻥 뚫린 구조로 건물 자체가 하나의 작품 공간처럼 느껴진다. 지하 2층 갤러리에서는 매번 다른 전시가 열리기도 한다. 지하 3층 아크앤북에서는 다양한 책과 소품들을 볼 수 있어 천천히 둘러보며 나만의 취향을 채워보기 좋다.,
4063161,지그재그아트센터,전시시설,"지그재그아트센터는 1992년에 설립하여 해운대 해수욕장 LCT 주상복합 건물 1층에 위치해 있다. 프랑스 지방도시 ‘Nice’에서 선행된 지방 선구적 문화예술운동에서 세계적 작가들로 성장한 시대 창의적 ‘Ecole de Nice(에꼴드니스, 니스파)’ 정신예술을 한국의 지방작가들과 일반인들에게 전달하는 곳이다. 미술사에 중요한 발자취를 남긴 1958년 이후 신사실주의적 경향의 작품을 선보이며, 방문객들은 참여형 교육 프로그램을 통해 현대미술을 경험할 수 있다. 또한 ‘플랫폼 키테라’에서 커피와 함께 시간을 즐길 수 있으며, 기프트숍에서 예술가들이 맞춤식으로 디자인한 기념품을 구매할 수 있다.",
2714515,거가대교 홍보전시관,전시시설,"거가대교 홍보전시관은 부산-거제 간 연결도로의 기술력과 편의성을 홍보하기 위해 설립된 시설이다. 이 전시관은 부산 가덕도에 위치한 가덕해양파크(휴게소) 내에 위치하고 있다.
국내 최대 수심인 48m에 건설된 가덕해저터널과 뛰어난 경관을 자랑하는 사장교의 건설 과정을 한눈에 볼 수 있도록 구성되어 있다. 1층은 사업 소개와 건설 과정을 담은 전시관으로 구성되어 있으며, 2층은 고객 휴식 공간으로, 남해 바다와 거가대교의 전경을 감상할 수 있는 장소이다. 전시관 투어는 사전 예약을 통해 진행되며, 전문 홍보요원의 설명과 함께 전시 관람이 가능하다.",
3008192,부산예술회관,공연시설,"부산예술회관은 부산광역시 남구 대연동에 위치한 종합 예술 문화 공간으로, 다양한 공연, 전시, 문화 행사를 통해 지역 예술의 중심 역할을 하고 있다. 이 회관은 2003년에 개관하여, 지역 예술가와 시민들에게 예술적 영감을 제공하며 문화교류의 장으로 자리 잡았다. 부산예술회관은 단순히 예술을 감상하는 공간을 넘어, 지역 예술가들의 창작을 지원하고 시민과 예술을 연결하는 소통의 장으로서 중요한 역할을 하고 있다. 또한, 지역 예술의 다양성과 독창성을 전국 및 세계에 알리는 데 기여하며 부산의 문화 예술 랜드마크로 자리 잡고 있다.",
3008288,감만창의 문화촌,전시시설,"부산문화재단에서 운영하고 있는 감만창의문화촌은 문화예술을 통해 지역의 문화적 재생을 꿈꾸고 시민과 예술가가 만나 함께 건강한 문화생태계를 만드는 복합문화공간으로써의 역할을 수행하고자 설립되었다. 감만창의문화촌은 폐교를 리모델링하여 개관한 곳으로 세종대왕동상, 운동장의 놀이시설, 교실복도 등 어릴 때 추억이 곳곳에 묻어나 있다. 운영사업으로는 예술적 상상력을 시민들과 공유하고 문화예술을 향유할 수 있는 공간활용 프로그램인 감만상상페스티벌, 감만상상데이 등 기획형 프로그램을 운영하고 있다.",
3014434,호천문화플랫폼,기타문화관광지,"부산진구 범천동 호천마을에는 호천문화플랫폼이 있다. 드라마  촬영지로 유명하며 호천마을 입구에 있는 호계천 어슬렁 미술관을 시작으로 호천문화플랫폼 카페에는 남일바를 그대로 재현한 곳과 드라마에서 나왔던 장면들을 연출할 수 있는 포토존 등이 있으며 소원빌기 벽화거리와 호천마을 벽화거리, 실제 남일바가 촬영된 주택, 호천생활문화센터 등 다양한 문화 플랫폼이 있다. 엄광로 주변으로 호천문화플랫폼이 형성되어 있으며 야경과 골목길 감성을 담을 수 있는 강을 거슬러 올라가는 물고기의 모습을 형상화한 계단이 있는 80 계단도 빠질 수 없는 명소이다.",
3083404,도모헌 들락날락 어린이도서관,도서관,"도모헌 들락날락 어린이도서관은 1985년 부산시장 관사 경호원 숙소로 사용되었으며 이후 2013년 부산시 공무원 시험 출제 공간인 집현관, 2019년 어린이를 위한 숲속 체험관을 거쳐 2024년 9월 어린이 복합문화공간으로 새롭게 개관한 곳이다. 구조적이고 기능적인 공간 설계로 어린이와 부모가 함께 즐길 수 있도록 구성되어 있다. 자연의 편암함을 느낄 수 있는 재료를 활용해 마감했으며, 안전을 최우선 가치로 삼아 내구성이 뛰어난 튼튼한 놀이 환경을 제공한다. 1층에는 안내데스크, 놀이 체험실, 스마트 플레이룸이 자리하며, 2층에는 어린이 도서관, 영어학습존, 프로그램실 등이 마련되어 다양한 놀이와 체험 활동이 가능하다. 아이들의 무한한 창의력을 키우는 즐겁고 안전한 놀이·문화 공간이다.",
3015483,고리원자력홍보관,전시시설,"우리나라 최초의 원자력발전소인 고리원자력발전소(1978년 건립)의 홍보관인 고리에너지팜은 2007년 4월 개관하였으며 에너지 변천사, 전력 생산의 원리, 원자로 모형, 방사선 안전 관리 등에 관한 각종 전시물 및 자료들이 있어 일반인은 물론 학생들에게 원자력과 과학 원리의 이해를 위한 현장 학습 체험의 장이 되고 있다. 2020년 리모델링을 통해 어린이 놀이시설 및 에너지 체험관, 북카페 등 아이들과 부모들이 함께 소통하고 쉴 수 있는 복합문화체험공간으로 탈바꿈하였다. 지상 1층에는 어린이 체험시설, 북카페 등이 있고 지하 1층에는 APR1400 VR 360도 투어, 원자력발전 원리, 4D 상영관 등 국가 기간산업인 원자력발전에 대한 대국민 이해 기반 조성관을 운영하고 있다. 홍보관에는 온라인 홍보관도 운영하고 있는데 실제로 고리에너지팜을 방문한 것처럼 360도 VR 방식으로 구현하였고 온라인 홍보관을 통해 24시간 언제, 어디서든 쉽게 방문하여 원자력에 대한 이해를 위한 학습 공간으로 활용되고 있다. 홍보관 방문 시 안전한 견학을 위하여 짧은 치마, 반바지, 운동복 차림 및 슬리퍼의 착용은 삼가야 하며 발전소 현장 견학 시 신분증을 반드시 지참하여야 한다.",
3015385,경전철 홍보관,전시시설,"경전철 홍보관은 규모 309㎡(94평)의 홍보관으로 세계 4번째로 국산화 기술로 개발한 한국형 경전철의 우수성을 알리고 부산교통공사의 발전사, 안전체험 공간 등으로 꾸며진 곳이다. 부산지하철 4호선 안평차량기지에 위치하고 있으며 관제센터, 휴메트로 테마공원도 함께 견학·관람할 수 있는 홍보관이며 종합관리동 1층에는 공사의 과거와 미래존, 공사 연혁, 개통 기념사진 등을 연대별로 전시하고 있다. 신사업단존, 경전철 특징존, 경전철 모형존, 경전철 운영 시스템 소개존, 경전철 부품 전시존, 경전철 안전가이드존, 도시철도의 발달사 소개존, 세계의 경전철 소개존 등의 전시관을 운영하고 있다.",
3015944,북두칠성도서관,도서관,"북두칠성도서관은 별자리 모양을 모티브로 설계된 일곱 개의 원형 서가와 계단 형태의 서가가 있는 책오름광장이 있다. 도서관이 지향하는 일곱 개의 주제를 담은 테마서가와 매월 다른 주제로 다양한 책들을 만날 수 있는 달빛서가로 구성되어 있다., 문학, 예술, 기술과학, 자연과학, 종교, 언어, 사회과학, 철학, 역사, 여행 등으로 분류된 서가에는 총 2만여 권의 도서가 비치되어 있다. 창의적인 공간에서 깊이 있는 독서 경험과 문화와 예술을 사랑하는 시민들이 함께 할 수 있는 다양한 프로그램도 운영하고 있다. 북두칠성도서관은 협성종합건설 정철원 사장의 지역 사랑과 독서에 대한 애정으로 설립한 협성문화재단에서 개관한 도서관이다.",
3017153,부산도서관,도서관,"2020년 11월 지상 4층, 지하 2층으로 개관한 부산도서관은 지역의 대표도서관으로 시민의 창의력과 상상력의 지식 놀이터를 구현하고자 건립되었다. 전국 최초 도서관 통합자료 시스템 구축과 공동 보존서고 운영으로 도서관 서비스를 선도하고 있는 부산도서관은 지역 도서관의 실태를 조사·검토·전달하는 연구도서관이자 지역 자료를 수집·제공·보존하는 납본 도서관으로 부산학 자료의 중심 역할을 수행하고 있다. 다양한 자료 확충과 국내외 도서관 협력 사업 추진, 부산 지역 도서관의 미래 서비스를 리더하고 시민의 독서생활 향상을 위한 독서문화 프로그램을 개발·운영하는 등 복합문화공간 역할 수행을 위해 최선을 다하고 있다. 도서관 층별 현황으로 4층 바람 쉼터, 카페테리아, 3층 책 누리터, 부산애, 2층 책마루, 디지털존, 전시실, 1층 꿈뜨락 어린이실, 도서반납실, 지하 1층 모들락 극장, 혜윰마당으로 구성되어 있다.",
3489545,해파랑길 관광안내소,전시시설,"코리아둘레길 해파랑길과 남파랑길의 시발점에 위치한 오륙도 해파랑길 관광안내소는 코리아둘레길, 갈맷길에 관한 각종 홍보물과 정보를 제공하고 있으며 남구가 독자적으로 개발한 관광기념품을 전시･판매하고 있다. 또한 영어,일어,중국어가 가능한 통역 안내원이 근무하고 있다. 관광안내소 1층에는 오륙도의 해양생태와 역사, 교육 자료를 소개하는 홍보관과 물품보관소가 마련되어 있어 여행객들의 편의를 돕는다. 2층에는 코리아둘레길 명예의 전당이 조성되어 있어, 코리아둘레길 완보자들의 발자취를 기념하고 걷기여행자들에게 상징적인 의미를 더한다. 특히 이곳은 코리아둘레길의 공식적인 시작점이자, 전국 걷기길 완보자들의 도전과 여정을 기념하는 상징적인 공간으로 운영되고 있으며, 다양한 프로그램과 정보를 통해 걷기여행 문화를 활성화하는 데 중요한 역할을 하고 있다.",
3501256,쓰다북스 x 원더러스트커피,서점,"쓰다북스 x 원더러스트커피는 커피와 책, 캘리그래피가 어우러진 복합 로컬문화공간이다. 1~2층에서는 커피와 샐러드 등을 즐길 수 있으며, 3층은 글쓰기 도구와 도서를 중심으로 한 독립서점으로 운영된다. 이 공간은 한국캘리그래피디자인센터에서 운영하며, 캘리그래피 종이와 관련 도서 출판 등 다양한 활동을 이어가고 있다. 도심 속에서도 자연을 느낄 수 있도록 꾸며진 문화 공간으로, 방문객은 엽서 쓰기 체험도 경험할 수 있다.",
3080293,국회부산도서관,도서관,"국회부산도서관은 국회 최초의 지역 분관이자, 부산의 새로운 지식문화 랜드마크이다. 민주주의의 상징인 국회도서관의 가치를 품은 이곳은 단순한 책의 공간을 넘, 의회 정보와 다양한 지식문화를 한자리에서 만날 수 있다. 쾌적하고 세련된 열람실에서는 다양한 장르의 도서와 디지털 콘텐츠를 자유롭게 이용할 수 있으며 부산·울산·경남 지역의 의정 자료부터 정책 정보, 법률 문헌, 낙동강 생태자료까지 폭넓은 전문 자료가 갖춰져 있어 지적 호기심을 채워준다. 정기적으로 열리는 전시회와 문화행사, 지식문화 프로그램은 지역 시민의 문화적 접근성을 넓히고 지역 예술가 및 서점 등과 함께하는 다양한 협업을 통해 지역 사회와의 상생도 실현하고 있다. 부산 여행에서 지식과 여유가 공존하는 공간을 찾고 있다면 고요한 지식문화의 쉼터 국회부산도서관 방문을 추천한다.",
3016752,동구 문화플랫폼,기타문화관광지,"2005년 폐역 이후 방치된 전 부산진역사를 전시·공연을 위한 복합문화전시공간으로 운영하여 시민 및 관광객들에게 새로운 문화 경험을 선사하고자 개관한 복합문화전시공간이다. 옛 부산진역사가 문화 플랫폼 시민마당으로 새롭게 리모델링되어 커피박물관과 함께 운영되고 있다. 커피박물관은 부산 시민 중 한 분이 수십 년 동안 수집한 전 세계의 다양한 커피 기구들을 동구청에 기증하여 전시해 둔 박물관이다. 한 잔의 커피가 추출되는 과정을 여러 가지 방법(달임식, 우림식, 여과식, 가압식)과 다양한 커피 기구를 시대별, 기구별로 전시해 두었으며 동구 주민 및 부산 시민의 공익 증진을 위해 무료로 개방하고 있다. 다양한 교육 프로그램을 운영하고 있으며 동구 평생학습관의 커피 클래스, 부산대학교 평생교육원 특별과정의 커피 아카데미 및 커피 전문가 과정, 국제커피박물관 주관의 원데이 커피 클래스, 교육부에서 주관하는 커피 문화체험 및 커피 기구의 변천사, 동구청의 산복도로 소풍길 운영 코스를 체험할 수 있다.",
3017214,천마산 조각공원,도시공원,"천마산 조각공원은 하늘에서 말이 내려왔다는 전설의 천마바위와 44점의 아름다운 조각예술작품이 있다. 운해의 바닷속에서 그 평화로움을 선보인다. 남항에서 서쪽으로 바라보이는 해발 324m의 아담한 산에 조성된 공원의 규모는 약 1만 6천㎡에 이른다. 2002년까지 1차로 기존 체육시설 주변으로 조각 공원을 조성하여 작품 공모전 입상작품 20점을 설치하였고 2003년에는 전국 10개 대학교수들이 추천한 초대 작가 작품 24점의 추가 배치와 함께 공원 입구 정비, 산책로 정비, 공원 내 철쭉꽃 심기 등의 사업을 완료하였다. 평화로운 조각공원에서 역량 있는 작가들의 수준 높은 작품들을 관람할 수 있다. 공원 주변에는 각종 체육시설과 산책로, 전망대, 쉼터 등의 편의시설이 있어 학생들의 현장학습체험 문화공간으로도 각광받고 있다. 2019년부터 공사가 진행되고는 있으나 등산객들이 드나들기에는 무리가 없어 참고해야 한다.",
3345026,BNK부산은행아트시네마 모퉁이극장,공연시설,"부산 중구 모퉁이극장은 부산의 대표적인 독립 영화관으로, 다양한 영화와 문화 행사를 즐길 수 있는 공간이다. 이 극장은 예술 영화와 독립 영화 등을 상영하며, 영화 애호가들에게 특별한 경험을 제공한다. 모퉁이극장은 아늑한 분위기 속에서 영화의 감동을 온전히 느낄 수 있는 곳으로, 예술적 가치를 중요시하는 관객들에게 인기가 많다. 또한, 영화 상영 외에도 영화 관련 강연, 토크쇼 등 다양한 문화 프로그램이 진행되어 영화의 깊이를 더할 수 있는 기회를 제공한다. 이곳은 부산의 문화적 다양성을 경험할 수 있는 중요한 명소이다.",
3487362,1934 기차 동래역,전시시설,"기차역 동래역은 1934년 일제강점기 동해남부선 개통과 함께 부산과 울산을 잇는 철도 교통의 요충지로 깊은 역사를 지니고 있다. 또한, 동래 지역의 산업화와 도시 발전에 중요한 역할을 해왔던 곳이기도 하다. 이러한 동래역이 지닌 가치를 보존하기 위해, 당시의 건축 양식과 구조 일부를 그대로 활용하는 등 2023년 구 동래역사 복원공사 및 2024년 내외부 전시시설 공사를 거쳐, 2025년 2월 ‘1934 기차 동래역’이라는 전시문화공간으로 새롭게 탄생하였다. 시설 내부에는 동래역에 얽힌 근현대사적 가치를 소개하는 전시 공간과 역무원 제복을 입어볼 수 있는 체험 공간 등으로 구성되어 있다. 외부 광장에는 증기 기관차 1량이 있어 기차역 분위기를 느낄 수 있다.",
2825252,브릭캠퍼스 부산,전시시설,"국제적 관광거점으로 조성되고 있는 동부산 오시리아 테마파크 내에 자리하고 있는 브릭캠퍼스 부산은 세계 최초 브릭아트 테마파크로 브릭 아트 작품과 공간 연출, 그리고 미디어 아트까지 결합되어 한층 업그레이드된 전시를 선 보인다. 국내에는 단 두 명뿐인 레고 공인 작가의 브릭 아트 작품과 아시아 최대 크기의 초대형 디오라마 작품 등 브릭 아트의 진수를 경험해 볼 수 있다. 볼거리 즐길거리가 가득한 브릭캠퍼스 부산에서 가족과 아이와 함께 특별한 추억을 남기기 좋다.",
3545737,부산교육역사관,전시시설,"부산교육역사관은 조선후기부터 현대까지 150여 년 부산 교육의 발자취를 한눈에 보여주는 교육사 전문 박물관이다. 2019년 폐교된 옛 감정초등학교를 리모델링해 2024년에 개관했으며, 교실과 복도를 전시·체험 공간으로 꾸며 ‘시간을 걷는 배움’을 전한다. 상설전시실 1~3은 조선후기·근대·전쟁기·현대 교육사를 다루고, AR 등 실감형 콘텐츠로 관람객이 보고·만지고·느끼는 현장감을 제공한다. 기획전시실은 해마다 주제를 바꿔 운영하며, 올해(2025) ‘부산의 학생들, 독립을 외치다’ 전을 통해 일제강점기 학생 항일운동 자료를 선보인다. 부산교육역사관은 교육 기록을 지키고 시민과 함께 성장하는 참여·공유의 공간을 지향한다.",
3544248,추억보물섬,전시시설,"추억보물섬은 70~90년대 부모님 세대의 추억의 물건들을 전시해 놓은 공간이다. 전시품들은 만져볼 수 있고 사진 찍을 때 소품으로 활용 가능하다. 입장 시에는 추억의 과자를 증정하고, 교복과 교련복 체험이 무료이다. 성인교복뿐만 아니라 유치원생 초등학생 교복도 있어서 가족사진 찍기도 좋다. 추억보물섬 내의 모든 물품은 구입도 가능한 공간이다.",
3074669,BNK부산은행조은극장,공연시설,"BNK부산은행조은극장은 지역 친화적 극장으로 서울 대학로의 인기 작품 뿐만 아니라 지역의 우수한 작품들을 발굴, 제작하여 꾸준히 무대에 올리고 있다. 1관(245석), 2관(163석)으로 이루어진 2개 극장을 통해 연중 공백없이 다양항 작품을 꾸준히 공연하고 있다. 관객에게는 수준 높은 공연과 쾌적한 관람 환경을, 예술인에게는 창작과 도전의 기회를 제공하며 부산 시민과 함께 호흡하는 열린 문화 공간으로 성장하고 있다. 공연은 인터넷 예매사이트 등을 통해 예약이 가능하다.",
3064803,우리글방 북카페,서점,"부산에는 헌책들을 판매하는 유명한 보수동 책방골목이 있다. 그 책방골목에 자리 잡은 우리글방은 보수동 책방을 개조해 만든 북카페이다. 우리글방에는 다양한 종류의 책들과 포스터 등을 만날 수 있으며, 책을 보면서 고즈넉한 추억을 즐길 수 있는 힐링 공간이다. 1층에는 계산대, 테이블, 헌책들이 진열되어 있고, 2층으로 올라가는 계단과 통로 곳곳에도 책이 빼곡히 쌓여 있다. 우리글방은 외관이 독특한 형태로 꾸며져 있어 보수동을 들어서면 바로 찾을 수 있고, 옆 건물에는 책방골목의 역사를 살펴볼 수 있는 보수동 책방골목 문화관이 있다.",
3345515,부산 수학문화관,기타문화관광지,"부산 수학문화관은 어린이들에게 수학을 더욱 쉽게 다가갈 수 있게 만들어 주는 다양한 수업, 체험이 가능한 곳이다. 학생 중심의 프로그램 운영, 수학 문화 대중화 공간 조성으로 만들어진 수학문화관은 2층 수학놀이관·수학도서관, 3층 진로탐색관, 4층 교과체험관·역사지혜관, 5층 공간 543으로 이루어져 있다. 주중에는 사전 예약된 학교 단체 프로그램이 운영되어 개인 관람은 불가하며, 주말 및 공휴일에 자유관람이 가능하다.",
3358855,부산광역시교육청 창의융합교육원,교육시설,"부산광역시교육청 창의융합교육관은 부산 연제구에 위치한 교육 중심의 복합 시설이다. 이곳은 학생들에게 창의적이고 융합적인 교육을 제공하기 위해 설계되었으며, 과학, 기술, 공학, 예술, 수학(STEM) 분야를 포함한 다양한 교육 프로그램을 운영한다. 최신식 시설과 실험실, 체험 공간이 마련되어 있어 학생들이 hands-on 학습을 통해 창의력과 문제 해결 능력을 기를 수 있다. 또한, 다양한 워크숍과 전시가 열려 지역 사회와의 소통을 강화하며, 교육 혁신의 중요한 거점으로 자리 잡고 있다. 부산 교육의 미래를 이끄는 중요한 공간이다.",
3410658,아르떼뮤지엄 부산,전시시설,"아르떼뮤지엄 부산은 부산 영도구에 위치한 최첨단 디지털 아트 뮤지엄이다. 이곳은 3D, 4D, 인터랙티브 영상 등을 활용한 몰입형 전시가 특징이다. 방문객들은 전시된 작품과 상호작용하며, 예술을 몸소 체험할 수 있다. 아르떼뮤지엄 부산은 예술과 기술이 결합된 혁신적인 공간으로, 예술적 감동뿐만 아니라 새로운 미적 경험을 선사한다. 특히, 디지털 미디어를 활용한 전시가 특징으로, 젊은 세대와 예술을 좋아하는 사람들에게 큰 인기를 끌고 있다. 부산을 방문한 관광객들에게 꼭 추천할 만한 명소로, 새로운 형태의 예술을 만날 수 있는 공간이다.",
4041857,시랑,기타문화관광지,"부산 기장 해안가를 바라보는 3층에 자리한 시랑은 카페와 체험 프로그램을 함께 즐길 수 있는 복합문화공간이다. 약 450평 규모에 최대 300석을 갖추고 있으며, 탁 트인 기장 바다를 조망하며 여유로운 시간을 보낼 수 있다. 도자기, 예술, 과학, 요리 등 오감을 자극하는 다양한 체험 프로그램을 운영하며, 일부 프로그램은 별도 예약 없이 당일 참여가 가능하다. 체험을 신청한 방문객에게는 음료를 할인된 가격에 제공한다. 대표 음료인 아메리카노와 카페라떼를 비롯해 수제 바닐라라떼, 딸기라떼 등 다양한 음료 메뉴를 갖추고 있다. 바다를 바라보며 음료와 체험을 함께 즐길 수 있어 가족, 연인, 친구 단위 방문객 모두에게 적합한 공간이다. 엘리베이터 3·4호기 입구와 바로 연결되어 접근도 편리하다.",
1395604,국립부산국악원,교육시설,"국립부산국악원은 부산, 영남 지역의 전통공연예술을 계승, 발전시키기 위해 2008년 10월 28일 개원한 국립 문화예술 기관이다. 공연, 교육, 연구를 총괄한 복합적 기능을 가진 국립부산국악원은 부산의 풍부한 전통문화자원을 바탕으로 특색 있고 품격 높은 작품을 선사하고 있다. 또한 국제 해양관광도시에 걸맞게 아시아와 태평양 민족 공연예술센터로서의 비전을 가지고 관광 활성화를 위한 국제 교류 사업도 전개하고 있다.",
130606,국립수산과학관,전시시설,"수산과학관은 1997년 개관한 우리나라 수산업, 바다 전문 과학관이다. 해양수산에 관한 과학기술의 발전과정과 미래상을 소개하고 해양수산에 대한 청소년들의 탐구심 함양, 국민들에게 수산업, 바다를 홍보하는 것이 주목적이다. 관람 시설은 주제별로 나누어진 본관, 선박전시관과 영상실이 있으며 총 15개의 주제 아래 1,900여 개를 전시하고 있다. 유아부터 청소년에 이르는 다양한 연령을 대상으로 창의탐구, 생물탐구교실 등의 다양한 체험 프로그램을 운영하고 있으며 이를 통해 수산생물 지식과 수산해양물 자원보전의 중요성을 알리고 있다. 그리고 섬, 바다 물고기 등을 주제로 여러 전시를 열고 있으며 이를 통해 수산, 해양에 대한 지식과 재미를 함께 전달하고자 한다.",
1243628,부산어촌민속관,전시시설,"2007년 2월 23일 개관한 부산어촌민속관은 부산해양자연사박물관의 분관으로 강에서 바다로 이어지는 어촌문화 여행을 전시테마로 한다. 낙동강어촌민속실과 부산어촌민속실로 구성되어 있으며, 부산의 젖줄인 낙동강을 터전으로 이어온 조상들의 삶의 모습, 부산 어촌의 시대별 어로활동, 전통어법, 문화유적, 어촌민속 등에 관한 자료를 종합 전시하고 있다. 전시관 1층에는 강과 바다로 이어지는 부산의 가상 어촌마을을 배경으로 숨겨져 있는 생태와 어촌문화에 대하여 어린이들이 체험을 통해 이해하고 탐구할 수 있도록 만든 어촌마을 체험실을 운영한다.",
1608725,우장춘기념관,전시시설,"광복 이후 황폐해진 우리나라 농업의 부흥을 위해 헌신하신 세계적인 육종학자 우장춘 박사의 업적을 기르기 위하여 박사의 연구 활동 유적지인 옛 원예시험장 자리에 탄생 100주년을 기념하여 1999년 10월 21일 기념관이 개관하였다. 1, 2층 전시실에는 박사의 업적과 활동 모습, 유품 등이 전시되어 있으며 야외마당에는 당시 물이 부족한 연구소와 주민들을 위해 박사가 직접 만든 우물 자유천(慈乳泉)과 박사의 흉상이 잘 다듬어진 조경시설과 함께 자리 잡고 있다. 또한 우장춘 박사 서거일에는 매년 다양한 추모행사가 열린다.",
2558329,유엔평화기념관,전시시설,"유엔평화기념관은 6·25 전쟁에 참전하여 대한민국의 자유와 평화를 지켜낸 유엔 참전국과 참전용사들의 공헌을 기억하기 위해 건립된 국가보훈부 산하 현충시설이다. 기념관 내 6·25 전쟁실, 유엔참전기념실, 유엔국제평화실의 3개의 상설전시실과 2개의 기획전시실을 통해 역사의 한 단면을 이해하고 평화유지를 위한 희생과 의지를 기억할 수 있도록 하고 있다. 아울러 유엔 참전국에 대한 감사와 파트너십 강화, 미래 평화를 향한 글로벌 인재 양성이라는 목표를 가지고 참전국 교류사업, 교육사업, 전시사업 등 호국·평화 관련 사업들을 추진하고 있다.",
3507960,부산콘서트홀,공연시설,"부산콘서트홀은 부산시민공원 내에 위치한 부산 클래식 전용 공연장으로, 2011석의 대공연장과 400석의 소공연장을 갖춘 시설이다. 빈야드 스타일의 객석과 비수도권 공연장 중 최초로 파이프오르간(4,423개 파이프, 64스탑)이 설치되어 있으며, 자연과 도심을 동시에 누릴 수 있는 최고의 문화·휴식공간이다. 세계적 수준의 음향과 편리한 접근성을 갖추고 있고, 누구나 쉽게 방문할 수 있는 열린 문화공간으로 설계되었다.",
4039289,감천문화마을 어린왕자 전시관,전시시설,"부산 사하구 감천문화마을에 위치한 어린왕자 전시관은 생텍쥐페리의 후손(재단이사장)이자 어린왕자 재단의 공식 인정을 받은 파트너사가 개관하는 전시관으로, 감천문화마을과 어린왕자가 협력한 '국내 유일의 어린왕자 전시관'이다. 어린왕자 전시관은 단순 관람을 넘어 생텍쥐페리의 철학을 입체적으로 체험하는 공간 구성과 콘텐츠들로 구성되어있으며, 생텍쥐페리의 전시품 및 장미 등을 테마로한 다양한 포토존과 체험 공간으로 구성되어있다.",
3014533,비콘그라운드,기타문화관광지,"비콘(B-Con) 그라운드는 부산(BUSAN)의 B와 컨테이너(CONTAIN)의 CON이 합쳐져 '부산을 담다'라는 의미를 가지고 있으며, 부산광역시에서 수영 고가도로 하부 유휴 공간을 새로이 설계하고 재생시킨 공간으로, 고가도로로 인하여 양분되고 낙후된 지역을 연결하고 부족한 문화 공간을 제공하는 생활 복합 문화공간이다. 지역개발의 부재로 낙후된 지역을 연결하고 문화시설로써 지역재생과 기존의 지역 인프라 및 관광 네트워크와의 연계로 경제적 시너지를 끌어올리는 지역 활성화 프로그램으로 탄생되었다. 
커뮤니티그라운드, 패밀리데크, 비콘스퀘어, 쇼핑그라운드, 플레이그라운드, 아트갤러리 등의 공간이 있으며, 소모임, 교육, 세미나 등의 활용이 가능한 공간인 커뮤니티그라운드, 부산 장애예술인이 입주하여 창작활동 및 전시가 이루어지는 패밀리데크, 카페, 일반소매점 등이 입점해 있는 쇼핑그라운드, 부산 시민을 위한 다양한 행사가 열리는 공간인 플레이그라운드, 부산의 소셜벤처기업이 입주해 있으며, 예술품의 판매와 전시 및 연계 문화 프로그램이 운영되는 공간인 아트갤러리 등이 운영되고 있다.",
2605688,부산현대미술관,전시시설,"천연기념물 제179호 을숙도에 위치한 부산현대미술관은 환경·생태적 가치의 지속 가능성을 지향하는 부산광역시 공립 미술관이다. 부지 29,900㎡, 면적 15,312㎡, 전시 공간 5,910㎡ 규모로 2018년 6월 16일 개관하였으며 서부산권 문화 플랫폼의 역할을 수행하고 있다. 급변하는 21세기 현대 사회에서 부산현대미술관은 뉴미디어를 포함한 다양한 매체에서 펼쳐지는 동시대 미술을 중심으로 지역과 세계를 밀접하게 연결하는 다각적인 예술 활동을 전개하고 있다. 이를 통해 미래의 기술 문명 속에서 자연과 인간, 비인간이 상호 긍정적인 관계로 공존하는 역동적인 예술의 장을 제시하고 있다. 부산현대미술관은 동시대적인 맥락에서의 예술 동향 조사 연구와 담론 생산을 선도하기 위해 작품 수집 및 전시·학술·국제 협력 프로그램을 운영하고 있다. 또한 다양성과 포용성이라는 미술관의 사회적 역할을 실현하기 위해 여러 계층을 대상으로 한 교육 및 문화 프로그램을 실시하며 일반 관람객과 미술 전문가 모두와 소통하는 미술관을 지향하고 있다.",
129733,부산시민회관,공연시설,"부산시민회관은 동구에 위치한 종합 공연장으로 1973년 10월에 개관했다. 공연장 사정이 열악했던 시절 부산 최초의 대규모 공연 시설로 화제를 모았다. 오랜 역사와 전통을 자랑하는 시민회관은 대극장과 소극장을 보유하고 있으며, 시민들이 친근하게 다가올 수 있는 공연과 문화행사가 있는 쉼터의 역할을 수행하고 있다. 대극장은 오케스트라 피트, 회전무대 등을 갖추고 있어, 콘서트, 오페라, 뮤지컬까지 다양한 장르의 공연을 소화하도록 설계되어 있다. 그 외에 소규모 공연에 적합한 소극장과 미술작품 등의 전시회에 쓰이는 전시실, 연회실, 야외무대, 연습실, 분장실 등을 갖추고 있다. 야외무대에서는 시민뜨락축제 등이 개최된다. 콘서트나 무대 작품 공연 외에 시에서 주관하는 각종 공식 행사도 개최한다.",
1825843,국립해양박물관,전시시설,"국립해양박물관은 대한민국 해양문화의 랜드마크로서 해양의 역사·문화·생물·예술에 이르는 다양한 분야의 유물과 자료를 수집, 보존, 연구하는 종합 해양 전문 박물관이다. 부산광역시 영도구에 위치하며, 2012년 5월 개관하였다. 지하 1층부터 지상 4층까지 구성되어 있으며, 전시실, 해양도서관, 어린이 박물관, 수장고, 수족관 등 다양한 시설을 갖추고 있다. 박물관은 약 3만여 점의 해양 관련 유물을 소장하고 있으며, 기획전과 상설전시를 통해 관람객에게 풍부한 콘텐츠를 제공한다. 또한, 바다 생물들이 살아 숨 쉬는 공간이자 해양동물전문구조치료기관, 서직지외보전기관으로서 생물을 보호·보전하는 역할을 수행하고 있다. 어린이박물관, 어린이해양도서관을 포함한 어린이·청소년을 위한 교육 프로그램도 활발히 진행되고 있다. 국민 누구나 바다의 소중함과 미래 가치를 느낄 수 있도록 돕는 국립 해양문화 플랫폼이다.",
130203,수영민속예술관,공연시설,"수영사적공원 내에 위치한 수영민속예술관은 기존의 민속관(1974년 10월 25일 개관)과 함께 지역민속예술진흥과 구민들의 민속공연과 전통문화를 전수하기 위해 1986년 4월 1일 재개관하였다. 사단법인 수영고적민속예술보존협회가 위탁관리하고 있으며 수영민속예술관 놀이마당에서는 국가무형유산 수영야류, 좌수영어방놀이, 부산광역시무형유산 수영농청놀이, 수영지신밟기의 전수교육이 이루어지고 매년 6월 첫째 주 토요일에는 수영전통민속예술축제가 개최된다.",
130663,40계단문화관,전시시설,"40계단문화관은 1950년 한국전쟁 당시의 역사와 애환이 담겨 있는 40계단을 테마로 지역 문화의 전통과 정체성을 살리고자 건립된 복합역사 문화공간으로 2003년 2월 12일에 개관하였다. 일상에서 편안히 찾아와 휴식과 문화 체험을 누리며, 생활 속 문화 소통 공간의 역할을 하는 생활문화센터와 중장년층에게는 아련한 추억을 전하고, 자라는 청소년들에게는 역사의 산 교육장이 될 40계단기념관으로 구성되어 있다. 상설전시실을 중심으로 1950년대 40계단을 중심으로 피난살이를 했던 피난민들의 힘겨웠던 생활상을 담은 사진과 생활용품 등이 전시되어 있으며 상설전시관 외에도 지역 문화 발전의 구심점이 되고자, 수준 있는 문화강좌와 다채로운 문화예술 관련 전시와 예술 단체 및 동아리의 활동 공간 등을 지원하며, 지역주민의 자발적인 문화예술 활동을 장려하여 생활 속 문화공간으로 가꾸어 나가고 있다.",
130145,복천박물관,전시시설,"복천박물관은 복천동고분군에서 출토된 유물을 중심으로, 삼한시대부터 삼국시대까지의 부산지역의 역사를 보여주는 고고 전문박물관이다. 복천동고분군에서 7차에 걸친 발굴 조사로 밝혀진 덧널무덤, 구덩식돌덧널무덤, 앞트기식돌방무덤, 독널무덤 등 총 200여기의 무덤이 확인되었고, 여기서 다양한 형태의 가야토기, 철제무기류, 가지방울, 금동관, 목걸이 등의 유물들이 출토되었으며, 박물관에는 출토된 유물을 종합전시하고 있다. 복천박물관은 개관 이후 인근지역의 매장문화재에 대한 조사와 연구를 수행하며, 부산의 역사와 문화, 나아가 가야사의 실체를 규명해 나가고 있으며, 지속해서 축적된 연구 성과를 바탕으로 다양한 학술 세미나 및 특별전을 통해 전문가와 시민들에게 제공함으로써 역사교육장으로서의 역할도 담당하고 있다.",
1756065,조선통신사역사관,전시시설,"조선에서 일본 막부에 파견한 외교사절을 조선통신사라고 한다. 통신(通信)이란 신의를 나눈다는 의미이다. 조선통신사를 통한 교류는 신뢰를 기반으로 한 조선과 일본의 평화와 선린우호를 상징한다고 할 수 있다. 조선통신사역사관은 임진왜란 이후 1607년부터 1811년까지 12차례 일본으로 파견된 통신사에 대하여 쉽고 재미있게 이해할 수 있도록 하기 위한 역사교육의 현장이다. 최첨단 멀티미디어 기술을 활용한 다양한 전시 콘텐츠, 알찬 프로그램 등으로 역사와 소통할 수 있는 기회를 제공한다.",
3028653,고은사진미술관,전시시설,"고은사진미술관은 부산 해운대에 위치한 사진전문미술관이다. 국내외의 사진 작품 전시를 기획하며, 창의적이고 미래 지향적인 신진작가를 발굴 지원한다. 또한 사진 문화의 대중화를 위하여 출판 사업과 열린 문화예술 공간의 역할을 담당하고 있다. 문화예술에 대한 순수한 사랑과 열정으로 설립된 고은문화재단과 고은사진미술관은 사진 문화 발전과 한국 사진예술의 활성화를 위한 구심점이 되어 사진예술의 대중화에 앞장서고 있다.",
3033280,홍티예술촌,전시시설,"홍티예술촌은 부산광역시 사하구의 직영 사업소로 부산 지역에 있는 청년 작가들을 위한 창작 거점공간이다. 주요 사업으로 전시공간 지원 사업, 오픈스튜디오, 공공예술 프로젝트를 운영하고 있으며 사하구 주민들에게 문화예술 향유 기회를 제공하기 위해 노력하고 있다. 청년작가들을 위한 개인전, 기획 전시를 통하여 일상생활에서 예술을 쉽게 접할 수 있도록 운영하고 있으며 입주 작가들의 창작공간 지원과 지역 문화, 예술 활동 지원을 위한 다양한 전시와 프로그램을 진행하고 있다.",
1747870,동래문화회관,공연시설,"동래문화회관은 부산 유일의 숲 속에 있는 공연장으로 1999년 10월 개관했다. 대극장(505석), 소극장(196석), 야외공연장(1,130석), 전시실을 갖추고 있으며 수준 높은 문화 예술 공연장이자 시민을 위한 열린 휴식 공간으로 시민들의 문화적 만족도를 높이고 있다. 공연장 주변에는 동래 사적공원과 동래읍성, 복천박물관, 장영실 과학동산, 동래 사적공원 등이 있다. 동래 사적공원의 숲 속, 아름다운 자연환경에 맨발 걷기 체험 산책로도 조성되어 있다.",
130483,부산금정도서관,도서관,"부산광역시 금정도서관은 부산 금정구에 위치한 1996년 12월 개관한 역사와 전통이 있는 도서관이다. 종합자료실, 열람실, 디지털자료실, 열린배움터, 어린이자료실, 문화교실 등 다양한 시설을 갖추고 있으며, 지역 주민들에게 다양한 도서 및 문화 프로그램을 제공하고 있다. 금정도서관은 지식정보원과 평생교육기관으로서 지역주민들에게 독서문화지원 및 유비쿼터스 환경에 맞춘 정보서비스 제공을 위해 독서마당과 건전한 여가활동과 삶의 질 향상 및 평생교육 증진을 위한 다양한 문화마당을 운영하고 있다. 이용자 중심의 열린 행정서비스로, 주민의 문화적 삶을 향상시키고 있다.",
2650801,뮤지엄 원,전시시설,"부산 센텀에 위치한 뮤지엄 원은 예술 전문 기획사 쿤스트원이 2019년에 설립한 미디어 전문 현대 미술관으로, 2022년 3월 뮤지엄 원이라는 새로운 이름으로 재개관했다. 복층 형태로 이루어진 뮤지엄 원은 8천만 개의 LED를 바닥과 천장, 벽면에 설치하여 관람객들을 예술 작품 속으로 안내하는 초현실적인 경험을 선사한다. 뮤지엄 원은 대중을 위한 예술, 대중이 체험하고 즐길 수 있는 예술을 지향하며 대중들이 열광하는 환상적인 미디어 아트뿐만 아니라 현대 미술가의 영상, 설치, 사진 등의 작품까지 만나볼 수 있다.",
129783,부산박물관,전시시설,"부산박물관은 1978년 7월 11일 개관한 이래 문화유산의 수집, 보존, 전시, 연구, 발굴, 조사, 박물관 교육 등 부산지역 전통문화 계승에 앞장서 왔다. 산하에 복천박물관, 동삼동패총전시관, 부산근대역사관, 임시수도기념관 등 전문박물관을 두고 있는 부산의 종합역사박물관이다. 부산박물관의 주요 사업 내용은 문화재발굴조사연구, 어린이 및 성인 강좌, 박물관대학 등 교육, 특별전시, 문화재보존 및 관리, 자료수집 학술연구논문집 발간 등 종합문화교육의 장이라 할 수 있다.",
1747948,영도문화예술회관,공연시설,"영도문화예술회관은 2009년 10월 개관한 문화 예술공간으로 최첨단 시설을 갖추어 음악, 연극, 미술 등 다양한 장르의 공연과 전시행사를 개최할 수 있는 곳이다. 도서관과 국민체육센터가 한 곳에 마련되어 있는 복합시설물인 영도어울림문화공원 내에 위치하고 있다. 영도문화예술회관은 지하 2층, 지상 4층의 건물로 대공연장, 소공연장을 갖추고 있으며, 특히 대공연장은 영도문화예술회관이 자랑하는 최고 시설의 공연장으로써 봉래홀이라는 별칭을 갖고 있고, 최고급 음향반사판을 비롯한 음향시설과 뛰어난 무대조명 시설을 갖추고 있어 음악, 연극, 뮤지컬, 오페라, 무용 등 각종 종합무대예술 공연이 이루어진다. 이 외에도 명상, 성악, 커피바리스타, 발레 등의 문화 교육강좌를 제공함으로써 지역민에게 문화 예술 감성 계발의 기회를 제공한다.",
1940446,킴스아트필드미술관,전시시설,"킴스아트필드미술관은 2006년 4월 1일 개관한 비영리 사립미술관으로써, 크고 작은 전시들과 다양한 문화 예술 프로그램을 진행하고 있다. KIM은 한국에서 가장 많은 성씨이며 전 세계인들에게 가장 익숙한 한국의 성씨로 일반인 모두를 의미하며, 아트필드는 본 미술관이 전시공간으로서의 기능뿐만 아니라 음악, 공연, 문학 등 타 장르를 매개로 한 다원문화예술공간을 지향하고 있음을 뜻한다. 킴스아트필드 미술관은 현대미술작품 감상의 이해를 돕기 위해 전시연계 프로그램과 문화소외계층의 다양한 문화체험 기회를 제공하기 위한 지역사회봉사 프로그램도 운영하고 있다.",
130801,부산광역시립 서동도서관,도서관,"부산광역시립 서동도서관은 아름다운 사람들이 저마다의 바람과 꿈을 찾아 모이는 공간이자 지역주민의 평생교육기관이다. 1983년 5월 부산직할시립 서동도서관으로 개관하고, 1995년 1월 부산광역시립 서동도서관으로 명칭을 변경하였다. 1983년에 개관한 이래 20여 년의 시간 동안 지역주민과 함께 성장 발전하고 있다. 서동도서관은 자료의 수집, 열람, 대출에서부터, 시기별 다양한 문화강좌를 제공하여 지역주민의 여가활동과 학습 기회를 도모할 수 있도록 지원하며, 지식정보센터로서 역할을 다하고 있는 곳이다. 이곳은 평생교육센터 기능에 충실할 뿐만 아니라 지역주민들의 평생학습체계를 구축하는데 기여하고 있으며 지식 기반 사회로 나아가는데 일익을 담당하고 있다.",
130750,부산광역시립 부전도서관,도서관,"부산광역시립 부전도서관은 부산의 중심가에 위치하고 있고 1963년 개관한 이래 많은 부산 시민들이 이용하고 있으며, 부산 시민들과 오래도록 함께하고 있다. 사회의 발전과 변화에 맞춰 도서관도 책이라는 구심점 아래에서 항상 변화와 마주하고 있어, 부전도서관에도 다양한 독서문화행사와 평생학습강좌를 운영하여 시민들이 지역에서 문화를 즐기고 직접 참여할 수 있도록 하고 있다. 부전도서관은 금융정보 특성화 도서관으로서 보다 특화되고 전문적인 서비스를 제공하는 등 평생학습공간으로서의 역할을 다하고 있다.",
1940880,요산김정한문학관,전시시설,"요산김정한문학관은 한국의 대표적 문인인 요산 김정한 선생님을 기념하고 그의 문학을 기리며 시민정신을 고양하기 위해 건립된 문학관이다. 2006년 11월 생가터 옆에 요산문학관을 개관하여 전시 및 기념사업을 운영하고 있으며, 기념관은 지하 1층부터 지상 3층까지의 현대식 건물과 넓은 정원으로 조성되어 있다. 
1층은 세미나실로 운영되며, 2층은 김정한 선생의 생애와 작품, 일본 유학시절 자료, 친필 원고 등이 전시하는 전시실과 소장도서실, 3층은 요산문학연구소로 운영되고 있다. 문학관 옆에는 김정한 선생님의 생가가 2003년 6월 팔작지붕의 일자형 전통 한옥으로 복원하여 시민들에게 개방하고 있다.
​김정한 선생님은 1908년 출생하여, 범어사 부설 명정학교를 다니고, 동래고등보통학교를 졸업하였으며, 경남 남해에서 교사 생활을 하였다. 1936년 조선일보 신춘문예에 ‘사하촌’으로 등단하였으며, 주요 작품으로는 『모래톱이야기 』, 『수라도 』, 『사밧재 』 등 다양한 작품을 집필하였다. 매월 10월에는 요산 김정한 문학축전을 개최하고 있으며, 수시로 다양한 강좌와 문화행사를 개최하고 있다.",
130622,부산공간화랑,전시시설,"부산공간화랑은 1975년 개관한 이래 수준과 신뢰라는 일관된 경영 철학을 바탕으로 현재까지 운영해오고 있는 유서 깊은 화랑이다. 공간화랑은 좋은 작가를 찾는 안목, 작가의 좋은 작품을 구분하는 선별력, 세계 미술과 국내 미술의 상황을 읽어내는 정보력 등의 3가지 지침을 기반으로 작가와 애호가에게 신뢰를 주기 위해 노력하고 있다. 화랑에 들어서면 한쪽 벽면에 공간화랑의 전속작가인 이우환 선생의 그림이 걸려 있어 화랑으로서의 분위기를 나타낸다. 2005년 30주년 개관 기념전을 비롯해 남관 특별 회고전을 개최했으며 권진규, 김종영, 이중섭, 박수근, 장욱진, 김종식, 전혁림, 이우환, 김창열, 심문섭, 신성희, 김원숙, 고영훈, 안창홍, 안종연, 사석원 등 근현대 한국미술 거장들을 비롯한 유수의 초대전과 작품전을 지속적으로 개최해 오고 있다. 공간화랑은 1989년부터 '부산청년미술상'을 제정 및 운영하여 역량 있는 새로운 작가의 발굴에도 노력하고 있으며, 국내 최고 수준의 미술작품을 기업체, 관광서 등에 대여하는 제도를 운영하고 있다.",
130118,추리문학관,도서관,"우리나라 추리문학의 대가 김성종 작가가 문화공간 확보와 추리문학의 활성화를 기하고자 1992년 3월 개관한 우리나라 최초의 추리문학 전문 도서관이다. 1층은 카페식 열람실, 2층과 3층은 일반열람실로 구성되어 있다. 관람객들은 누구나 차 한 잔과 함께 달맞이고개와 청사포 앞바다의 아름다운 풍경을 바라다보며 마음껏 책을 읽을 수 있는 곳이다. 김성종 추리문학관의 색다른 즐거움은 카페식으로 운영되며, 탐정의 대명사인 셜록 홈즈의 이름을 따 셜록 홈스의 집으로 자리한 1층은 독서와 함께 차를 마시면서 담소를 나눌 수 있는 공간이다.",
1607203,경성대학교 조류관,전시시설,"경성대학교 멀티미디어 정보관 지하 1층에 있는 조류관은, 1987년 경성대학교 조류연구소로 출발하여 1997년 조류관으로 설립되었다. 개관 후 관람객 50만 명 이상을 돌파하여 명실공히 국내 최고의 조류전문 전시관으로 각광 받고 있다. 조류관은 조류 표본 소장 관리, 조류의 생태에 관한 조사 연구, 국내외 단체와 정보교환, 연구발표 및 관보 발간, 시민 또는 언론매체에 조류 전반에 관한 자문, 전시관람 운영 활동을 하고 있으며, 고대갈매기, 홍비둘기, 붉은배지느러미 발도요와 같이 다른 곳에서는 보기 어려운 희귀 표본을 이곳 조류관에서 만날 수 있다. 환경부 지정 야생조수 치료센터를 개설하여 야생조수들을 치료  후 자연으로 돌려 보내고 있다.",
1607119,오륜대 한국순교자박물관,전시시설,"오륜대 한국순교자박물관은 복음 선포와 순교자 헌양을 목적으로 1946년 한국 순교 복자 수녀회에서 설립한 가톨릭 전문박물관으로, 조선 말기 한국 순교자들에 관한 교회 유물 500여 점, 민속물 1,200여 점, 고서, 지본, 성화 등 4,000여 점을 소장하고 있다. 1969년 부산 교구 초대 주교의 협조로 1982년 9월 25일에 오륜대 한국순교자기념관을 개관하게 되었다. 이후 2009년에 오륜대 한국순교자박물관으로 재개관하고, 이곳에 영면한 순교자 중 두 분이 복자품에 오르면서, 부산 교구는 2013년 10월부터 오륜대 순교자성지로 조성하였다. 1층은 순교자들과 관련된 유물과 유품, 그리고 4대 박해 중심으로 전시되어 있다.",
130766,부산 해운대도서관,도서관,"새천년 지식정보화 시대를 맞이하여 해운대도서관은 지역 주민들에게 정보의 공간, 문화생 활 공간으로서의 역할을 하고 있다. 1982년 6월 부산직할시립 해운대도서관으로 개관하고 1995년 1월 부산광역시립 해운대도서관으로 명칭을 변경하였고, 해운대 양운로에 새로 신축한 도서관을 부산광역시립해운대 도서관으로 칭하였다. 이용자들의 정보욕구를 충족시키기 위해 멀티미디어실 을 운영하여 인터넷을 통한 최신의 정보를 제공하고 있으며, 또한 관광·여행자료 특성화 도서관으로서 도서, 비디오, CD-ROM, 지도 등 다양한 관광자료를 구축하여지역문화 발전에 이바지하고자 하고 있다. 해운대도서관은 주민 문화활동을 위해 다양한 시설을 조성, 운영하고 있다.",
129816,부산여자대학교 차박물관,전시시설,"차박물관은 차(茶) 문화의 발전과 보급을 통하여 전통문화의 계승과 발전에 기여하고자 1983년 설립된 다도 전문 박물관으로 1996년 7월 7일 현재의 장소로 확장 이전하였다. 박물관의 운영목표는 차 문화재의 보존과 관리, 전시하고 차에 관한 유물 구입과 수집을 통하여 차 문화에 대한 가치와 이해를 높이고자 설립하였다. 부속건물로 다도관, 다촌관 등 차 관련 시설들이 있다. 차박물관 1층에는 다촌 정상구 선생 기념관으로, 부산여자대학교의 모태인 혜화학원을 설립, 국제 다도회장을 역임하였다. 2층에는 왕과 왕비, 문관과 무관의 의복과 여인들의 장신구와 전통혼례에 필요한 물품 등과 어린이의 의복과 소품을 전시하고 있으며, 3층 전시실은 가야시대부터 삼국시대, 고려시대, 조선시대까지의 다구 및 도자기 등을 전시하고, 제2전시실은 목기류, 철제류, 민속류, 석제류, 현대도자기 등을 전시하고 있다.",
3027953,부산시립미술관별관 이우환공간,전시시설,"부산시립미술관 별관인 이우환 공간은 세계적인 현대미술가이자 이론가인 이우환작가의 예술을 총체적으로 느낄 수 있는 공간이다. 이우환은 1936년 경남 함안에서 태어나 부산에서 유년 시절을 보냈으며, 한국전쟁기에 서울대학교 미술학부에 진학하였으나, 곧 일본으로 건너가 니혼대학교 철학과를 졸업하였고, 1960년대 후반 전위적 미술 운동인 모노하를 주도하였다. 이우환은 프랑스 파리 유네스코 미술상, 일본 세계문화상, 대한민국 금관문화훈장을 수상하였다. 이우환 작가는 직접 이 공간에 대해 공간 자체를 하나의 작품으로 감상할 수 있어 타 미술 공간과는 다른 독특한 특징을 지니고 있다. 라고 이야기한 바 있으며 입지 선정부터 건축 기본설계와 디자인까지 이우환 작가가 직접 참여하여 큰 의미를 가지고 있다.",
2720650,피아크,기타문화관광지,"피아크는 문화, 예술, 전시, 액티비티 등 지금 시대가 주목하는 라이프스타일을 기반으로 크리에이터와 브랜드 콘텐츠를 수시로 경험할 수 있는 복합문화공간이다. 뉴노멀시대 개성 있는 콘텐츠를 경험할 수 있는 제일SR그룹의 라이프스타일 복합 플랫폼으로, 매력적인 창의적 브랜드들과 협업한다. 또 새로운 브랜드들과 연계해 특별한 경험을 제공하며 과거와 현재, 공업 지대와 예술 공간, 판매자와 소비자, 지역 주민과 관광객을 이어주는 문화 허브 공간이다.건물의 외형은 대형 크루즈를 모티브로 설계되었으며 계절별로 기획된 테마에 맞춰 서로 다른 공간에서 다양한 문화 이벤트가 이루어지고 있다.",
2783336,아레아식스(AREA6),기타문화관광지,"부산 영도의 로컬 문화를 만들어 나가는 아레아식스(AREA6)는 다양한 아티장이 모여 있는 공간이다. 아티장이란 프랑스어로 장인, 즉 손재주가 뛰어난 사람을 의미한다. 총 3층의 건물로, 1층에는 F&B브랜드부터 편집샵과 안내센터가 총 9개의 공간으로 구성되어 있으며, 2층에는 공유오피스와 라운지가, 3층에는 루프탑과 세미나실이 있다. 낡은 건축물을 감각적으로 재활용한 외관과 인테리어도 눈길을 끌지만, 개성 넘치는 공간을 구경하는 재미도 쏠쏠하다. 관광객들에게는 다른 곳에서 만나기 어려운 기념품을 살 수 있는 공간으로도 인기가 있다. 다양한 이야기를 담은 브랜드와 행사가 이루어지는 아레아식스(AREA6)가 궁금하다면 방문해 보는 것을 추천한다.",
129737,부산 가톨릭센터,공연시설,"가톨릭센터는 복음 선포와 사목활동을 통해 문화적 나눔의 공간을 제공한다는 설립 목적에 따라 각종 공연, 전시, 교육, 모임, 대관 서비스, 문화강좌 등을 개최함으로써 지역 사회에 대한 가톨릭문화센터의 역할을 담당하고 있다.
새로운 모습으로 재개관한 가톨릭센터는 공간 101.1, 전시실, 교육실, 주차장 등을 완비하여 다양한 공연, 기획행사, 전시, 문화강좌를 개최할 수 있는 공간으로 자리 잡고 있다. 공간101.1은 가톨릭 평화방송 공개홀과 공연장 파티와 북콘서트 등을 위한 VIP룸 및 카페로 공간이 구성되어 있고, 대청갤러리는 60평 규모의 전시실로 대외적인 공모와 기획으로 신진작가 지원 전시, 기획전, 초대전을 개최하고 있다.",
3017282,영도해녀문화전시관,전시시설,영도해녀문화전시관은 2층 건물로 전시관 입구에는 해녀에 대한 정의와 역사를 알 수 있다. 해녀는 잠녀·잠수라고도 하며 산소 공급 장치 없이 바다에 들어가 각종 해산물을 채취하는 여성으로 한국의 전통적 해양문화와 여성 어로문화를 대표하는 점이 인정돼 2017년 5월 국가무형문화유산으로 등록되었다. 영도 해녀는 대부분 제주 출신의 출향해녀로 1887년 제주 해녀가 경상남도 부산부 목도(영도)에 온 것이 시초라고 한다. 1부는 숨비소리테마로 유네스코 무형문화유산 등재 역사와 해녀의 이동 경로에 대한 설명 자료들을 소개하고 있으며 2부 해녀복과 물질도구에 대한 전시를 하고 있고 3부 영도 바다에서 채취 가능한 해산물 소개하며 4부 해녀의 업과 생을 테마로 전시 및 영상을 볼 수 있다. 1층 해녀 수산물 판매장에서는 영도 해녀들이 직접 잡은 해산물을 직접 맛보며 방문객들에게 잊지 못할 추억을 선사하며 사라져 가는 영도 해녀문화활동을 보전하고 계승·홍보하기 위하여 전시관을 조성하였다.,
130834,부산점자도서관,도서관,"부산점자도서관은 활자 매체로부터 소외된 시각장애인들에게 점자, 음성, 각종 전자기기 등을 통하여 문자 생활이 가능하게 하며, 시민들을 대상으로 장애인에 대한 인식개선을 추진함으로써 시각장애인의 문화복지 향상에 이바지함을 목적으로 설립되었다. 주요 사업으로는 점자·전자 자료 제작, 음성 자료 제작, 도서대출, 독서진흥, 디지털도서관 운영, 홍보 및 인식개선 등이 있다. 시각장애인 도서 종류로는 점자, 전자, 음성 영상 등이 있으며 전화 또는 이메일로 도서를 신청할 수 있다. 대출 신청 후 우편 또는 택배로 도서를 전달하며 반납 시에는 우체국에 가져다주거나 혹은 도서관에 전화 후 인터넷에 등록하면 우체부가 직접 방문하여 반납할 책을 수령한다.",
2823059,박태준기념관,전시시설,"부산시 기장군에 위치한 박태준기념관은 대한민국 근현대사에 큰 족적을 남긴 박태준 회장의 업적과 철학, 사상을 기리고자 건립되었다. 기념관에 전시되고 소장된 유물은 일제강점기부터 현대에 이르기까지의 역사와 문화를 알려주고 있다. 기념과 내에 있는 수정원은 곰솔나무와 개잎갈나무 주변을 녹지와 자연석으로 설계하고 건축 입면의 느낌과 바닷가의 풍경을 잘 살려줄 수 있는 식물을 식재하여 봄부터 늦가을까지 계절성을 느낄 수 있는 정원으로  숲의 바람을 즐길 수 있도록 연출되었다. 전시실 내에서도 수정원을 바라볼 수 있도록 하여 수정원과 전시실 그리고 관람객을 하나로 연결해 감동을 관람객 스스로 공유할 수 있도록 조성되었다. 고요한 분위기를 자아내어 일상에 지쳐 사색과 힐링이 필요한 사람들에 추천하는 공간이다.",
1945293,장기려기념 더 나눔센터,전시시설,"장기려 박사는 당대 최고의 외과 의사이자 한국의 슈바이처로 불린 간 외과학 명의이다. 장기려기념 더 나눔센터는 평생 가난한 이웃에게 나눔을 실천한 장기려 박사의 뜻을 기리기 위한 기념관으로 2013년 개관했다. 장기려기념 더 나눔센터에는 장기려 박사가 생전에 사용하던 물건이 전시되어 있으며, 박사의 업적과 사람을 살리는 의술을 평생 실천한 그의 인품을 알 수 있는 자료들을 볼 수 있다. 

장기려 박사는 1911년 평안도에서 태어났으며, 1943년 우리나라 최초로 간의 윗조각을 떼어네는 간암 설상절제수술에 성공했다. 1950년 한국전쟁이 일어나자 부산으로 피란 와 피란민과 병자들을 위한 진료를 시작했다. 1951년 부산복음병원(현 고신대학교복음병원의 전신)을 설립하고 25년간 복음병원 원장으로 근무했으며, 제2대 부산대학교 의과대학장 겸 병원장 등을 역임했다. 1968년에는 국내 최초의 의료보험조합인 청십자의료보험조합을 창설하여, 가난한 사람들이 치료를 받을 수 있게 했다. 1976년 복음병원에서 은퇴한 후로도 부산 동구 수정동에 청십자 병원을 설립하여 무료진료와 여러 사회봉사활동을 계속하며 은퇴가 없는 일생을 살았다. 그는 부산에서 나고 자란 인물은 아니지만 부산을 터전으로 소외된 이웃들의 고통을 어루만지면서 진정한 봉사의 삶을 살다 간 참의사로 인간을 존귀하게 여기는 분이었다.",
3451794,해성아트베이,전시시설,,
2556598,정관박물관,전시시설,"정관박물관은 정관신도시 조성사업으로 인해 사라지게 될 국가유산에 대한 보존 및 활용방안으로 건립된 박물관이다. 상설전시는 기장 지역의 삼국시대 마을 유적에서 발굴된 생활유물을 전시한 ‘소두방의 생활’, 신도시 개발로 인해 마을을 떠날 수밖에 없었던 옛 주민의 이야기와 기증품에 담긴 소중한 마음, 그리고 정관박물관의 발자취가 담긴 ‘소두방의 기억’, 삼국시대 마을을 재현하여 당시의 정취를 느낄 수 있는 야외전시공원으로 구성되어 있다. 더불어 놀이체험을 통해 역사학습의 즐거움을 경험할 수 있는 부산지역 박물관 최초 ‘어린이체험실’도 마련되어 있다. 이외에도 특별기획전시와 교육프로그램을 통해 역사문화와 관련된 다양한 볼거리와 체험활동을 관람객에게 제공한다.",
2782757,책방오월,서점,"책방 오월은 소설과 에세이, 고전 등 다양한 장르의 서적을 보유하고 있다. 대형서점처럼 베스트셀러 위주의 책을 진열해 놓기보다 개인의 관심사나 취향에 따라 고를 수 있는 재미를 준다. 또 아늑하면서도 아기자기한 감성이 묻어나는 인테리어 덕분에 편하고 여유로운 분위기에서 책을 즐길 수 있다. 벽에 붙여진 따스한 시선의 사진과 포스터 등이 눈길을 머물게 한다.",
2782714,책방봄봄,서점,"부산 해운대 중동에 위치한 책방 봄봄은 그림책을 주제로 한 독립서점이다. 주인장이 영화 <유브 갓 메일>을 보고 아이디어를 얻은 서점이라고 한다. 책방 봄봄은 계단으로 이어진 독특한 내부 인테리어가 눈길을 사로잡는데, 층마다 커피와 책을 즐길 수 있는 공간도 마련돼 여유롭게 독서를 즐길 수 있다. 흔히 그림책이라고 하면 아이들이 읽는 책이라고 생각할 수 있겠지만, 이곳에서는 오히려 그림책을 통해 모든 연령이 교육이나 취미 등 다양한 분야에 접근할 수 있도록 한다. 그 때문에 텍스트로 가득 채워진 책이 부담스럽거나, 가벼운 마음으로 책을 읽고 싶은 이들에게 안성맞춤의 공간이다.",
130381,동래문화원,교육시설,"동래문화원은 동래 지역의 높은 문화 수준을 위해 향토 문화를 발굴하고 보존 및 계승하고, 각종 문화행사 개최를 통해 구민의 자긍심을 고취하고 문화를 진흥하기 위해 설립했다. 1998년 사단 법인으로 개원했으며 1999년 동래문화회관으로 이전했다. 지역 문화 행사 주관, 문화 예술 교양 사업, 국고 보조금 지원 사업 등 크게 3가지 사업을 펼치고 있다. 예술·문화 강좌와 함께 전통과 충절의 고장답게 역사 축제, 제향, 향토 사료 조사 연구 등과 같은 차별화된 사업을 펼치며 본연의 역할에 충실하고 있다. 동래 지역의 역사적 사건의 재현은 부산동래문화원만의 특징이자 부산의 전통을 이어간다는 측면에서 긍정적인 평가를 받고 있다.",
3017112,동래읍성 임진왜란 역사관,전시시설,"동래읍성 임진왜란 역사관은 2005년 수안역 건설 현장에서 임진왜란 당시 해자(성벽 방어시설)가 발견되면서 발굴조사를 하여, 임진왜란 당시 희생된 인골, 각종 무기류 등이 발굴되었고 현장의 역사를 기리기 위하여 수안역 역사 내 박물관을 조성하여 유물을 전시 하였다. 역사관에는 동래부 순절도, 철갑, 투구 등 발굴된 유물을 복제 및 복원한 유물 23종 546점을 보관 및 전시 중이며, 동래읍성 모형, 영상실, 트릭아트 포토존, VR체험존 등을 운영하고 있다. 운영시간 내 문화관광해설사가 상주하며 해설 요청 시 해설사의 설명을 들을 수 있다.",
3083767,부산근현대역사관 본관,전시시설,"부산근현대역사관은 부산을 대표하는 근현대사 전문 기관으로 격동의 근현대 역사를 통해 오늘날의 부산의 정체성을 보여주며 상설 전시 및 다양한 프로그램 운영하는 현장형 박물관이다. 부산근현대역사관 본관은 한국 1세대 건축물인 옛 한국은행 부산 본부 건물을 활용한 공간이다. 지하 1층은 청년작가 전시 및 공연의 공간이며, 1층은 한국은행 아카이브실, 휴게공간, 카페 및 기념품 샵이다. 2층에서는 특별전 주제 전시를 진행하며 3층과 4층은 교육실과 격동의 근현대 역사를 통해 오늘날 부산의 정체성을 보여줄 상설 전시공간이다. 상설전시는 부산의 근대사와 현대사를 주제로 부산의 역사성을 조명한다.",
1748028,을숙도문화회관,공연시설,"을숙도 문화회관은 자연생태공원인 을숙도에 위치하고 있으며, 을숙도는 갈대숲이 장관인 세계적인 철새 도래지로 부산 시민의 휴식공간으로 잘 알려져 있다. 을숙도 문화회관은 2002년 개관하여 을숙도에서만 볼 수 있는 천혜의 자연환경과 더불어 주민에게 예술의 향기를 전할 수 있는 서부산권 문화의 전당으로 자리하고 있다. 연극, 무용, 음악회 등 공연을 위한 공연장과 아름다운 예술작품을 만날 수 있는 전시실, 생동감 넘치는 축제 형식의 공연을 위한 야외공연장, 취미교실 등 다양한 문화 예술의 공간으로 꾸며져 있다. 을숙도 문화회관 주변에는 조각공원, 수자원공사의 물 홍보관 등 관광시설이 있어 가족동반 나들이 장소와 휴식공간으로 많이 이용되고 있는 곳이다.",
2834026,갤러리이알디 부산,전시시설,"갤러리이알디는 2016년 서울 이태원에 개관하여 동시대 현대미술과 다양한 디자이너들의 작업을 소개해 오고 있다. 개관이래 국내외 작가들의 자체 전시 및 외부 프로젝트를 진행해 왔으며, 크고 작은 아트페어에 꾸준히 참여하여 작가들의 저변 확대를 도모하고 있다. 또한 아시아의 첫 ‘하우스 오브 핀 율’ (House of Finn Juhl Seoul) 로써 디자이너 Finn Juhl의 가구들과 역량 있는 국내외 디자이너들의 작업을 나란히 소개하며 감각적이고 선구적인 기호를 선보여 왔다. 2019년부터는 갤러리이알디가 확장 이전하여 파인 아트와 디자인을 각각의 공간에서 선보이고 있는데, 기존의 하우스 오브 핀 율과의 협력은 유지하면서 더욱 다채로운 국내외 작가들의 전시 및 프로젝트를 기획하고 있다.  2020년에는 갤러리이알디 부산 지점이 해운대에 개관하여 전시 플랫폼의 다변화 또한 꾀하고 있다.",
3023734,동서대학교 소향씨어터 신한카드홀,공연시설,"소향씨어터 신한카드홀은 풍요롭고 다양한 문화가 있는 공연장으로 센텀시티의 중심 영화의 전당 앞에 자리하고 있다. 뮤지컬 전문 공연장으로 다채로운 뮤지컬 공연을 선보이며, 뮤지컬 인재를 양성하고 있다. 뮤지컬 뿐 만 아니라 양한 장르의 공연을 소화할 수 있는 다목적 공간으로 연극, 콘서트 등 폭넓은 프로그램을 선보인다. 또한 최첨단 음향과 조명 시스템을 갖추어 관객들에게 몰입감 있는 공연 경험을 제공한다. 새로운 문화를 담아 관람객들에게 특별함을 제시할 수 있도록 노력하고 있다. 공연 정보와 예매는 대관 신청은 홈페이지 접수를 통해서 가능하다.",
130799,부산광역시 기장도서관,도서관,"2003년 3월 개관한 부산 기장 도서관은 지역사회의 지식·정보·문화의 중심체로서 지역주민의 삶의 질 향상을 도모하고, 다양한 독서문화체험 기회 제공으로 책 읽는 문화 조성과 독서생활화 정착에 기여하고 있다. 지역주민의 생각과 경험을 공유하고 소통할 수 있는 공간으로서 21세기 정보화 사회를 선도해 나가기 위하여 주민들의 문화생활과 정보제공의 공간으로서의 역할을 다하고 있다. 기장 도서관은 지하 1층과 지상 3층으로 구성되어 있으며, 지하에는 시청각실, 매점이 있고, 1층에는 어린이 독서방, 아동열람실 등 어린이를 위한 공간이 마련되어 있고, 2층에는 멀티미디어실, 종합자료실이, 3층에는 열람실이 있다. 열린 게시판을 통하여 주민들의 의견을 반영하는 등 열린 도서관이 되도록 노력하고 있으며, 공공도서관으로서의 지적 문화유산을 체계적으로 수집, 보전하여 계승시키는 문화와 역사의 전달자로서 소임을 다하고 있고, 디지털 도서관의 기반 조성을 위하여 다양한 디지털 자료를 비치하여 최첨단 정보를 신속히 제공하고 있다.",
2550799,한국기독교선교박물관,전시시설,"한국기독교선교박물관은 초창기 선교사들의 복음 활동과 역사를 전시하고 있다. 2009년 개관한 이래, 한국 기독교의 성장 과정을 깊이 이해할 수 있는 공간으로 거듭 발전하고 있다. 초창기 한국 교회의 유산인 고성서를 비롯해 잡지, 사진 등 기독교 자료를 관람할 수 있는 상설전시실, 특별전시실이 있고, 근현대 민속품을 직접 보고 체험할 수 있는 민속실이 있어 다양한 전시를 경험할 수 있다. 전시를 통해 한국 기독교의 옛 모습을 돌아보고, 기독교가 근대 여명기 한국의 역사에 미친 영향을 소개한다. 또, 세계 각국에서 제작한 성경과 찬송가 등을 전시하여 기독교에 대한 이해를 돕고 있다.",
130796,반여도서관,도서관,"부산 반여도서관은 해운대구 반여동에 위치한 도서관이며, 1999년 11월에 개관하여 지역주민의 정보화 교육 및 지식 욕구를 충족시키는 지식·정보센터이다. 1층은 총류, 사회과학, 문학, 역사 도서의 이용이 가능한 제1자료실과 잡지와 신문의 이용이 가능한 정기 간행물실, 그림책과 동화책 등 유아 및 아동 도서를 소장한 어린이실 등으로 구성되어 있다. 2층은 철학, 종교, 자연 과학, 순수 과학, 예술 도서의 이용이 가능한 제2자료실, 각종 전자책 등의 시청각 자료 이용과 인터넷 검색, 문서 작성이 가능한 디지털 자료실, 일반 열람실, 휴게실 등으로 구성되어 있고, 지하 1층에는 시청각실과 매점 등이 있다. 반여도서관은 새로운 독서문화를 정착시키고 다양한 계층이 함께 어울릴 수 있는 평생교육 프로그램을 개발하여 종합 문화 중심지로서의 역할도 수행하고 있으며, 교양강좌를 통해 새로운 지식과 정보를 제공하고, 어린이와 청소년에게 도서관 이용 교육으로 올바른 독서습관을 길러주어, 건전한 도서관 문화 형성에 기여하고 있다.",
130380,기장문화원,교육시설,"기장문화원은 1997년 개관한 곳으로 기장의 전통과 문화를 현재 우리의 삶에 맞게 재조명하고 후손들에게 올바르게 물려주는 것을 목표로 설립된 문화원이다. 이를 위해 기장문화원에서는 기장의 역사, 문화를 연구하고 지역 문화 발전을 위한 문화대학, 향토사연구소 등 다양한 교육 프로그램을 운영하고 있다. 이뿐만 아니라 지역 청소년들을 위한 온라인 역사, 문화 강의를 준비해 세대 간 올바른 교류를 위해 노력하고 있다.",
1748157,해운대문화회관,공연시설,"해운대문화회관은 문화와 예술이 살아 숨쉬는 종합공연장으로, 2007년 3월 개관하였다. 해운대구 좌동 신시가지 한가운데 자리 잡은 해운대문화회관은 지하 1층, 지상 4층으로 구성되어 있다. 핵심 공간이 되고 있는 해운홀은 음향설비, 조명설비, 무대기계설비, 분장실, 대기실, 연습실 등을 완벽하게 구비하여 수준 높은 예술 공연을 할 수 있는 장소로 손색이 없다. 고운홀, 전시실, 연습실, 회의실을 고루 갖추고 있으며, 정기적인 문화강좌도 개최하고 있다.",
130795,부산광역시립 중앙도서관,도서관,"중앙도서관은 정보문화센터로서 앞서가는 도서관이 되고자 1990년 개관하였으며, 민주공원이 있는 보수산 자락에 있어 조용하고 안락한 시설로 이루어져 있다. 중앙도서관은 다양한 정보서비스 제공과 평생학습 생활화를 통한 지역주민들 삶의 질 향상을 위해 다양한 프로그램을 운영하고 있으며, 특성화 주제인 부산의 역사와 문화 전반을 담은 다양한 독서문화프로그램 개발과 전국 최초의 영어도서관(분관)을 통한 맞춤형 영어독서 지원 및 영어독서 생활화와 학부모교육과 연수 등 선진 지식정보 문화센터로서의 역할 수행하고 있다. 21세기 화두인 정보화 문화를 구현하기 위하여 정보화 문화를 통한 책과 이용자가 중심에 있는 도서관으로, 지역민과 함께 성장하고 발전하는 도서관이 되고자 한다.",
130793,부산광역시 영도도서관,도서관,"영도 도서관은 지역 주민들의 삶의 질 향상, 지식과 정보의 충족을 목표로 1996년 7월 개관한 도서관이다. 영도 도서관은 지하 1층, 지상 3층으로, 지하 1층은 강의실, 1층은 어린이 자료실, 유아실, 2층은 종합자료실, 3층에는 멀티미디어실과 열람실로 구성되어 있다. 어린이부터 성인까지 전 연령대의 평생교육과 독서 활동을 위해 다양한 행사와 강좌를 제공하고 있다. 독서교실, 독서회, 독서퀴즈 행사를 통해 책 읽는 즐거움과 독서의 생활화를 유도하고 체험형 동화 구연, 들락날락 과학교실, 부모교육 등의 강좌를 통해 지역민들의 다양한 정보와 지식 습득을 돕고 있다.",
130774,동삼동패총전시관,전시시설,"2002년 개관한 전시관으로 신석기시대의 대표적 문화유산인 동삼동패총 유적지에서 발굴된 유물을 국내외에 공개하고, 살아있는 역사교육의 장으로 활용되고 있다. 패총은 선사시대에 인류가 먹고 버린 조가비와 생활 쓰레기가 쌓여 이루어진 것으로 조개더미 유적이라 할 수 있다. 동삼동패총에서 한반도에서 가장 오래된 재배 곡물인 조와 기장이 발견되었고 석기, 짐승 뼈, 조가비들로 된 살림살이 유물, 농사를 짓는데 쓰이는 연장이 발견되었다. 또한 문양 없는 원시무문토기, 신석기시대의 대표적인 토기인 빗살무늬토기가 출토되어 당시의 생활상과 문화상들을 연구하고 이해하는 데 큰 도움을 주고 있다. 동삼동패총전시관의 제1전시실에는 신석기 시대와 패총에 대한 전반적인 이해를 돕기 위해 신석기 시대 문화, 신석기 시대의 유적과 분포, 동삼동 패총, 신석기시대 자연환경과 분포 등을 전시하고 있고, 제2전시실은 동삼동패총 사람들의 1년, 빗살무늬 토기, 생활 도구, 어로활동, 장신구, 신앙과 의례, 대외교류, 사슴 무늬 토기 등을 전시하고 있다.",
130166,부산시립미술관,전시시설,"미술인구의 저변 확산과 미술창작의 활성화를 목적으로 하여 개관한 최첨단 감각의 현대적 미술관이다. 여러 장르의 작품 전시와 각종 사회교육 프로그램을 실시하여 일반 시민들에게 다양한 문화향유 기회를 제공하는 열린 미술관을 지향하고 있다. 건물은 지하 2층, 지상 3층으로, 전시실과 수장고, 교육연구실, 사무공간, 야외조각 공원 등이 있다. 전시실은 13개의 전시실과 160석의 강당을 비롯하여 전시의 내용에 따라 내부를 적절하게 쓸 수 있도록 개폐식 구조로 되어 있다. 시립미술관에서는 격년제로 짝수 해에 개최되는 비엔날레 축제의 행사장이며, 1년 내내 기획전, 소장품전, 해외 미술전 등이 열려 시민들에게 예술과의 만남의 기회를 제공한다.",
1942314,이바구공작소,전시시설,"이바구공작소는 부산 산복도로의 생활자료관으로, 산복도로의 역사를 살펴볼 수 있는 전시관이다. 1층에서는 전시되어 있는 레트로한 교복을 대여해 체험해 볼 수 있고 2층에는 넓은 창으로 ‘산복도로의 풍경’을 그대로 감상할 수 있다. 그리고, 벽면에는 ‘산복도로’에서 살고 있는 사람들의 사진과 이야기로 꾸며진 공간이 있다. 한국전쟁으로 피난민들이 부산에 정착하면서, 오르막의 산까지 판자촌 마을이 형성되어 ‘산복도로’가 탄생한 이야기부터, 생계를 유지하며 열심히 살아가는 모습들을 사진과 자료로 알 수 있다.

(출처 : 부산광역시 교육청 홈페이지)",
130798,부산 동구도서관,도서관,"1998년 4월 개관한 부산동구도서관은 21세기 정보화 사회를 선도하는 도서관이다. 종합자료실과 어린이실, 시청각실, 어학실 등 기본적인 시설을 갖추고 정기간행물실에는 최신정보 제공을 위한 신문, 잡지, 법령집, 관보 및 취업정보, 수험정보 등을 보유하고 있다. 또한 이곳은 지역 주민을 위한 다양한 프로그램을 개발하여 운영하고 있으며, 색종이 접기, 한문교실 등 교양강좌를 수강할 수 있고, 일반인 독서회, 청소년 독서회, 어린이 독서회 등 연령에 맞춰 다양한 독서회를 개설 운영하고 있다. 그 밖에도 도서관 주간 행사, 독서의 달 행사, 기타 강연회, 독후감 모집, 시낭송회, 동화구연대회, 글짓기대회 등 다양한 행사를 주최하고 있다.",
130216,부산 강서문화원,교육시설,"부산 강서문화원은 1995년 1월에 개원한 곳으로, 지역문화의 계발, 연구, 조사 및 문화진흥을 목적으로 설립되었다. 풍물, 민요, 가야금 등의 문화강좌를 운영하고 있으며 이를 통해 지역민들에게 문화 예술 체험의 기회를 제공하고 있다. 이 밖에도 문화 관광해설, 문화 나눔 봉사, 민속공연 등을 통해 지역의 문화자원을 활용할 뿐만 아니라 문화를 통해 지역사회 발전에 기여하고자 한다.",
130749,부산광역시립 명장도서관,도서관,"부산광역시립 명장도서관은 1994년 3월 개관했으며 13만권 이상의 도서와 1만점 이상의 비도서 자료를 소장하고 있다. 아울러 전자 자료 특성화 지정 도서관으로 지역 주민의 디지털 자료 이용 접근을 지원하고 있다.
주요 사업으로는 어린이를 위한 방학 독서 교실, 독서회, 독서 토론회, ‘독서의 달’ 및 ‘도서관 주간’ 운영과 각종 서평 제공 및 추천 도서 안내 등 시민의 독서 생활화를 위한 독서 진흥 활동과 독서 문화 운동을 전개하고 있다. 또한 시민들에게 지식 습득 및 평생 학습에 도움을 주고자 다양하고 유익한 평생 교육 강좌를 운영하고 있다.
1층은 유아 및 어린이용 도서, 신문, 잡지가 비치된 어린이실, 강좌 등을 위한 토론실과 문화 강좌실, 남자 열람실로 구성되어 있고, 2층은 신문, 잡지, 정부 기관과 각종 단체의 간행물, 사보, 팸플릿 등을 비치하고 있는 정기 간행물실, 비도서 및 영상 자료를 비치하고 인터넷 검색 및 비디오 감상, 어학 학습이 가능한 디지털 자료실, 여자 열람실로 구성되어 있다. 3층에는 전 주제 분야의 일반 도서, 백과사전, 참고 도서 기타 법령집 등의 자료를 이용할 수 있는 종합 자료실이 있으며, 지하 1층에는 보존 서고와 식당 및 매점이 있다.",
130797,부산광역시립 연산도서관,도서관,"부산광역시립 연산도서관은 부산 연제구에 위치한 공공 도서관이다. 이 도서관은 다양한 장르의 도서를 보유하고 있어, 지역 주민들이 손쉽게 다양한 책을 접하고 지식을 쌓을 수 있는 공간이다. 현대적인 시설과 쾌적한 환경을 갖추고 있으며, 독서뿐만 아니라 다양한 문화 프로그램과 교육 강좌도 운영된다. 또한, 어린이부터 성인까지 모두를 위한 공간이 마련되어 있어 가족 단위로도 방문하기 좋은 장소이다. 연산도서관은 정보와 지식의 허브로, 지역 사회의 교육과 문화 발전에 중요한 역할을 하고 있다.",
130382,사상문화원,교육시설,"1999년 개원한 사상문화원은 사상 주민들의 수준 높은 문화 향유 기회 제공과 삶의 질 향상을 목표로 설립된 문화원이다. 주된 사업은 문화 예술 진흥사업, 교육사업, 지역 문화 활성화 사업이다. 문화예술 진흥사업의 경우 다누림홀 기획공연, 문화가 있는 날, 사상강변축제 등을 통해 진행하고 있다. 문화 예술 교육의 경우엔 민요, 노래교실, 한국무용, 필라테스 등 폭넓은 교육 프로그램을 운영 중이다. 또한 사상문화지 발간, 사상향토사 연구 사업 등을 통해 지역의 문화를 연구, 보존에 힘쓰고 전통문화에 대한 올바른 이해를 돕기 위해 노력하고 있다.",
1747913,북구문화예술회관 공연장,공연시설,"북구문화예술회관 공연장은 341석의 대공연장과 교양강좌실 2개소를 운영하고 있으며, 2018년 리모델링하여 공연 목적에 걸맞은 환경을 구성하였다. 웅장한 내부시설과 안락한 객석, 넓은 공간은 물론 더욱 업그레이드된 고성능의 음향시설과 조명시설을 보유하여 수준 높은 공연이 가능하도록 준비되어 있으며, 무용, 음악, 연극, 클래식 등 다양한 장르를 담아낼 수 있는 공연장이다. 북구문화예술회관에는 북구빙상장과 2023년 1월 개관한 부산북구역사문화홍보관도 있으며, 역사문화홍보관은 북구 연대기, 문화재, 구포만세운동, 구포나루, 구포 먹거리, 근대유물전시, 신문방명록 등 북구의 역사와 문화를 한눈에 볼 수 있다.",
130752,부산광역시립 시민도서관,도서관,"부산광역시립시민도서관은 1901년에 홍도회 부산지부로 설립되어 현재까지 120년의 역사를 품은 대한민국 공공도서관의 효시라 할 수 있는 곳이다. 21세기 융복합 사회를 선도하는 시민도서관은 맞춤형 지식 정보 서비스 제공, 빅데이터를 활용한 독서정보 서비스 지원, 선택과 집중의 평생학습 운영 및 프로그램 제공, 94만여 권의 장서를 바탕으로 한 범국민 독서 생활화 등을 추진하는 복합문화공간으로 운영되고 있다. 도서관은 어린이실, 디지털자료실, 족보자료실 등의 다양한 자료실, 970석의 열람실, 동아리실, 강의실, 그 외 편의시설로 구성되어 있다.",
129725,부산문화회관,공연시설,"재단법인 부산문화회관이 운영하는 부산문화회관은 1988년 대극장 준공을 시작으로 1993년 전관을 개관하였다. 대극장(1,417석)과 중극장(783석), 어린이 전용극장인 사랑채극장(312석)과 클래식 전용극장인 챔버홀(414석)을 운영하고 있으며, 뮤지컬, 클래식, 무용, 연극 등 다양한 공연을 개최하고 있다. 전시실에서는 부산미술대전, 부산서예대전 등 대규모 공모전을 비롯하여 다양한 기획전시가, 2024년 신규 개관한 배움터에서는 매년 상·하반기 문화예술 아카데미가 열린다. 야외공원은 부산문화회관과 부산시립박물관, UN공원을 하나로 이어주는 문화공원으로서 시민들을 위한 휴식 공원으로 조성되어 유치원, 어린이들의 휴식공간, 소풍장소로 각광받고 있다.",
2554111,범어사 성보박물관,전시시설,"범어사 성보박물관은 2003년 개관하였으며 범어사 및 범어사 말사의 불교문화재를 보관, 전시, 연구하는 불교문화재 전문 박물관이다. 범어사는 부산광역시 금정구 범어사로(구 청룡동) 금정산 동쪽 기슭에 위치한 사찰로 대한불교 조계종 제14교구 본사이다. 합천 해인사, 양산 통도사와 더불어 영남의 3대 사찰로 불리며, 2012년 11월 사부대중의 수행정진과 화합을 바탕으로 지유대종사를 초대 방장으로 모시고 총림으로 지정되었다. 본 박물관은 범어사의 오랜 역사와 사회적 역할을 증명하듯 유물 종류와 양 또한 적지 않으며, 특히 그중에서도 다양한 전적들과 책판 및 불교회화가 주를 이루고 있다.",
1607138,부산대학교 박물관,전시시설,"부산대학교박물관은 국립부산대학교 부산캠퍼스에 위치한 박물관이다. 1956년 준공하여, 1964년 5월 정식 개관하였다. 한국전쟁 기간 중에는 국립중앙박물관의 피난 국보문화재를 보관하는 역할을 하였다. 고고·미술·민속 등 2만 4천여 점에 달하는 문화유산을 소장하고 있으며 이를 바탕으로 다양한 상설 및 특별전시를 운영하고 있다. 또한 역사와 문화에 대한 관심과 흥미를 유발하기 위해 매년 새로운 기획으로 시민인문강좌를 개설하고 있다.",
130383,금정문화원,교육시설,"2000년에 개원한 부산 금정구의 금정문화원은 지역의 문화 발전을 위해 다양한 행사와 강좌를 운영하는 곳이다. 전통 세시풍속을 보존 및 육성하기 위한 정월대보름 달집 태우기, 금정구민이 함께하는 신년 해맞이 행사, 문화유산과 유적들을 답사하는 향토문화탐방을 진행한다. 또한 다양한 장르의 문화강좌, 어르신들을 대상으로 하는 어르신문화활동 등의 여러 사업을 진행하고 있다.",
130200,구덕민속예술관,교육시설,"구덕민속예술관은 서구 서대신동3가 대신공원 내에 위치하고 있다. 서부산 지역의 전통문화의 전당으로서 무형문화유산 전승 보급과 전래하는 미풍양속의 계승과 조상의 얼을 심기 위한 민속예술의 산 교육장으로 활용하기 위하여 부산시에서 건립하였다. 지하 1층은 사단법인 구덕민속예술보존협회가 전수장으로 사용하고 있고, 놀이마당 173평에는 1,500명을 수용할 수 있는 계단식 관람석이 마련되어 있다. 무형문화유산 보유종목으로 ‘부산농악’(부산시무형문화유산)과 ‘구덕망깨터다지기소리’(부산시무형문화유산)가 있다.
각종 전국민속경연 대회의 우수한 수상 경력 등을 자랑하고 있는 구덕민속예술보존협회는 매년 1회 정기발표회와 부산민속예술경연 대회를 열어 우리 소리의 맥을 이어가는 등 부산농악의 전수교육은 물론 새로운 민속문화 발굴 등의 활동을 계속하고 있다. 예술관에서는 전수활동을 하고 있는데 부산농악의 경우 부산해사고등학교, 부산정보디자인고등학교, 동호정보여자고등학교 등 3개교를 전수지정학교로 운영하고 있으며, 시민과 학생을 대상으로 연 1회 풍물 무료 강습회도 열고 있다.",
4101028,청사포역,카페,"부산 청사포역 카페는 해운대 청사포 바닷가 인근에 위치한 한옥 개조형 카페다. 100년 된 한옥의 기와와 서까래 구조를 보존하고 있으며, 내부 공간에는 고가구와 화려한 자개장 등을 배치하여 레트로한 분위기로 꾸몄다. 고풍스러운 한옥 인테리어와 옛 물건들을 배경으로 사진을 촬영하기 좋아 사진 명소로도 꼽힌다. 대표 메뉴로는 직접 제조한 흑임자 크림 라떼, 크림 소보로 라떼, 흑임자 브라우니 등 전통 식재료의 풍미를 활용한 음료 및 디저트류가 있다. 카페 내부 및 마당 구역에서는 상주하는 고양이와 교감할 수 있으며, 건물 바로 앞에는 청사포 바다가 인접해 있어 수변 경관을 조망하기에 용이하다.",
2836405,신기커피영도,카페,"작은 건물에 지어진 	신기커피영도은 산새소리유치원을 개조하여 만든 카페다. 대나무 숲 속에서 자연을 훼손하지 않고 산새 소리와 바람 소리 그리고 따뜻한 햇살을 느낄 수 있는 곳이다. 내부는 자연 친화적 디자인의 인테리어와 우드 테이블이 감성을 더한다. 그리고 직접 만들어 나오는 신선한 빵과 이곳만의 색다른 시그니처 음료가 준비되어 있다. 허브티 종류도 카페인, 디카페인으로 준비되어 카페인에 민감한 사람들에게는 메뉴 선택의 폭이 넓다. 13세 이하 출입 불가인 노키즈 존으로 운영하며 무료 와이파이 제공이 없어 차분하게 커피를 마실 수 있는 곳이다.",
2852200,유정1995 기장 본점,카페,"유정1995 기장 본점은 현대식 인테리어의 본관과 황토방 별관으로 구성된 자연친화적 공간이다. 총 3개 층의 본관은 넓은 좌석 배치와 확 트인 테라스 구성으로 모든 좌석에서 마운틴뷰를 감상 가능하며 황토방 별관은 5개의 좌식 개별 룸과 30인 이상 모임도 가능한 테이블이 있는 룸으로 구성되어 있다. 다양한 카페 음료 외에도 여러 산지의 스페셜티 커피 생두를 엄선하여 직접 로스팅을 한 드립커피를 즐길 수 있다. 매일 아침 다양한 베이커리류를 카페 내부 별도의 베이킹실에서 직접 구워 판매하며 모든 과일음료는 직접 만든 수제청만을 사용하며 레몬, 자몽, 오디, 백향과뿐만 아니라 딸기, 청귤, 금귤, 애플시나몬, 허니 생강 레몬 등 다양한 시즌별 음료를 선보이고 있다. 주위가 산과 들로 둘러싸여 사계절의 변화를 한곳에서 즐길 수 있는 뷰 맛집이다. 봄에는 벚꽃길 드라이브 명소, 여름에는 수국 명소, 가을에는 단풍 명소, 겨울에는 눈 내리는 이벤트를 진행하고 있어 남녀노소 누구나 함께 즐길 수 있는 공간이다.",
2855623,온든해,카페,"부산 강서구에 위치한 온든해는 해가 많이 드는 곳이라는 순 한글 이름의 디저트 카페이다. 대표 메뉴 오곡슈페너와 쑥크림 라테, 흑임자크림 라테 등 시그니처 음료와 쌀로 만든 건강한 디저트가 인기 메뉴이다. 이외에도 패션후르트 에이드, 딸기 라테, 밀크 아인슈페너 등 다양한 메뉴가 준비되어 있어 취향에 맞게 선택할 수 있다. 넓은 주차장과 단체석이 마련되어 있어 가족이나 친구들과 방문하기 좋으며 본관 외에 별채도 있어 햇살이 잘 드는 온실 구조로 편안하게 즐길 수 있다.",
3081825,아트모이지,카페,"부산광역시에 위치한 아트모이지는 부산 최초의 페인팅건 체험 공방이자 드로잉 카페 공방이다. 물총, 스펀지, 아크릴 붓, 페인트 붓 등 다양한 도구를 활용해 자유롭게 작품을 완성하는 페인팅건 체험을 비롯해, 모델링 페이스트와 아크릴 물감으로 입체적인 질감을 표현하는 백드롭 페인팅, 원하는 도안을 색칠하는 드로잉 체험까지 다채로운 프로그램을 운영한다. 기본 미술 재료는 물론 다양한 체험 도구와 촬영 소품도 자유롭게 이용할 수 있으며, 친환경 페인트와 수성도료를 사용해 냄새가 거의 없고 안전하게 체험할 수 있다. 또한 엄선한 원두로 내린 커피와 다양한 음료, 디저트를 함께 즐길 수 있어 이색 데이트나 친구, 가족과 함께하는 실내 체험 공간으로도 인기가 높다.",
4084686,백팥집,카페,"무더운 한여름의 햇살에 서서히 지쳐갈 때면 부드러운 눈꽃 얼음 위로 윤기가 흐르는 달콤한 팥이 수북하게 쌓인 차가운 빙수 한 그릇이 자연스레 머릿속을 맴돈다. 동래역 인근 조용한 골목에 자리 잡은 백팥집은 매일 직접 정성스레 삶아낸 100% 국산 팥으로 만든 정통 디저트를 선보이며 여행객들 사이에서 입소문이 난 곳이다. 대표 메뉴인 옛날팥빙수는 인위적으로 달지 않고 팥 본연의 구수한 풍미가 깊이 살아 있어 입안에서 사르르 녹는 눈꽃 얼음과 완벽한 조화를 이룬다. 빙수 위에 큼직하게 올라간 떡은 갓 뽑아낸 듯 쫀득하고 찰진 식감을 더해 씹는 재미를 배가시킨다. 동글동글하고 먹음직스럽게 구워진 단팥빵 역시 부담스럽지 않은 은은한 단맛 덕분에 따뜻한 커피와 함께 가볍게 즐기기에 제격이다. 아담하지만 편안하게 마련된 야외 대기 공간에서 잠시 여유를 즐긴 뒤, 시원한 옛날팥빙수 한 그릇으로 그날의 열기를 상쾌하게 식히며 동래 여행의 달콤한 마무리를 장식해 보자.",
2911203,카페 바이버,카페,"부산 사상에 위치한 대형 베이커리 카페 바이버는 다양한 베이커리와 음료를 함께 즐길 수 있는 카페이다. 1층부터 3층까지 건물 전체를 카페 공간으로 운영하고 있으며, 1층에는 소금빵과 크루아상, 파운드케이크, 앙버터 등 다양한 종류의 베이커리가 진열되어 있다. 최근 유행하는 베이커리를 포함해 종류가 다양해 취향에 따라 선택하기 좋다. 2층은 넓은 공간으로 구성되어 있으며, 곡선 형태의 테이블 배치로 개방감을 느낄 수 있다. 자리 간 간격도 넉넉한 편이며, 실내 곳곳에 식물을 배치해 정원 같은 분위기로 조성되어 있다. 3층은 비가 오는 날에도 이용 가능한 루프탑 공간이다. 전용 주차장을 갖추고 있으며, 인근의 삼락습지생태원과 사상생활사박물관 등을 함께 둘러보기에도 좋다.",
2838922,오르디,카페,"오르디는 도심 속 정원에서 휴식과 디저트를 선물하고자 하는 공간이다. 바쁜 일상 속에서 여유를 즐길 수 있도록 깔끔하고 편안한 분위기로 꾸며 놓은 카페이다. 층마다 심플한 가구를 다양한 각도로 배치하였고, 내부 곳곳에 조형물들을 두어 마치 갤러리에 온 듯한 느낌을 준다. 특히 2층에는 테두리 안에 돌이 들어가 있는 독특한 원형 테이블이 있는데 이곳에서 주문한 음료와 디저트를 놓고 사진을 찍은 사람들이 많다. 
오르디의 시그니처 메뉴는 떠먹는 커피인 오르디슈페너이다. 또 제주도 고씨곳간에서 재배한 말차가루로 만든 고씨말차라떼와 초당옥수수커피도 인기가 많으며, 라즈베리의 상큼함과 초코의 달콤함이 느껴지는 라즈베리 초코무스 디저트도 준비되어 있다.",
2844710,카페오시오,카페,"부산광역시 기장군 일광면 이천리에 있는 카페오시오는 오션뷰 브런치 카페다. 크림 파스타와 아메리칸 브런치가 대표 메뉴 이다. 크림 파스타는 신선한 해산물과 부드러운 소스가 어우러져 감칠맛을 더하며, 샌드위치도 전문점 수준의 맛을 자랑한다. 브런치는 주문과 동시에 현장에서 만든다. 인근에 일광이천생태공원, 해동성취사, 해파랑길3코스, 임랑해수욕장 등이 있다.",
3350880,카페윤,카페,"카페윤은 동부산 관광단지 입구에 위치하여 해운대와 기장이 가진 아름다운 부산 바다의 매력을 느낄 수 있는 디저트 카페이다. 코랄라니 사잇길로 내려오면 보이는 카페로 통유리로 되어 있어 창문을 통해 환상적인 오션뷰를 즐길 수 있다. 보기만 해도 힐링되는 절경 덕분에 가족이나 친구, 연인과 함께 오기에 좋은 곳이다. 메뉴는 커피, 라떼, 티, 에이드 등 다양한 종류의 음료를 맛볼 수 있다.",
2869277,오플로우,카페,"낙동강을 바라보며 향긋한 커피 한 잔과 다양한 베이커리를 즐길 수 있는 카페 오플로우는 감성적인 캠핑 분위기를 느낄 수 있는 공간이다. 루프탑에 앉아 낙동강의 탁 트인 전경을 감상하며 마시는 커피는 힐링을 제공해준다. 지하 공간은 자갈과 다양한 식물들로 꾸며져 있어 마치 실내 정원에 들어온 듯한 느낌을 준다. 다만, 자갈로 된 바닥 구조와 안전상의 이유로 이 공간은 어린이 출입이 제한된다. 오플로우는 매일 아침 직접 생산한 신선한 빵만을 당일 판매하는 것을 원칙으로 하고 있으며, 빵 종류도 다양하다. 음료 메뉴 또한 커피, 에이드, 티 등 다채롭게 구성되어 있어 취향에 맞는 메뉴를 찾을 수 있다. 카페 인근에는 낙동강 둔치 공원이 위치해 있어, 카페 방문 후 가볍게 산책하며 자연을 즐기기에도 좋은 코스다.",
2869302,브런치 앤 디너 테라비 명지 본점,카페,"이곳의 모든 요리는 일반 시판 소스 대신 재료 본연의 맛과 질감을 살린 테라비만의 수제 소스로 조리되어 특별함을 더한다. 메뉴는 스테이크, 파스타, 에그 베네딕트, 샐러드, 퀘사디야 등 다양한 브런치 메뉴로 구성되어 있어 취향에 따라 골라 먹는 재미가 있다. 특히 파스타는 순한 맛과 매운맛 중 선택이 가능해 어린이와 함께 방문하기에도 부담 없다. 넓고 쾌적한 분위기의 실내는 친구, 연인, 가족 단위 방문객 모두에게 잘 어울린다. 테라비 인근에는 명지동 근린공원이 위치해 있어 식사 후 산책을 즐기기 좋고, 여름철에는 가까운 물놀이장에서 아이들과 함께 즐거운 시간을 보내기에도 적합하다.",
3066825,비아조,카페,"부산 강서구 식만마을회관 인근 낙동강변에 자리 잡고 있는 카페 비아조는 낙동강을 조망하면서 음료를 마실 수 있는 분위기 좋은 대형 카페이다. 원두막과 조각상, 조경수 등 이국적인 야외정원이 잘 꾸며져 있으며, 강변 바로 옆에 좌석이 배치되어 있어서 한 폭의 풍경화를 보는 것 같은 분위기를 느낄 수 있다. 카페는 3층 건물로 각 층마다 낙동강 뷰를 볼 수 있고, 창밖을 바라볼 수 있도록 좌석이 배치되어 있다. 비아조는 이탈리아어로 ‘여행하다’라는 뜻을 가지고 있으며, 낙동강변의 시원한 카페에서 바람의 쐬며 잠시 쉬어가라는 뜻에서 이름을 지었다고 한다.",
2911112,진목카페,카페,"진목카페는 부산광역시 강서구 명지동에 위치한 오션뷰 카페로, 바다와 강이 만나는 아름다운 풍경을 감상할 수 있는 곳이다. 카페 앞 야외 공간에는 이국적인 분위기의 파라솔 테이블이 마련되어 있어 여유로운 시간을 보내기 좋으며, 김해공항에서 차량으로 약 20분 거리에 있어 비행기의 이착륙 장면을 가까이서 구경할 수 있는 특별한 매력도 갖추고 있다. 브루잉 커피와 다양한 디저트는 물론 브런치 메뉴까지 폭넓게 준비되어 있어 취향에 맞는 메뉴를 선택할 수 있다. 넓은 주차장을 갖추고 있어 방문이 편리하며, 대저생태공원과 렛츠런파크 부산경남 등이 가까워 함께 둘러보기에도 좋은 카페이다.",
4070624,제이엠커피로스터스 부산 본점,카페,"제이엠커피로스터스 부산 본점은 부산광역시 기장군 대변항 인근에 위치한 스페셜티 커피 로스터리 카페이다. 원두의 본질과 로스팅의 완성도를 핵심 가치로 삼아 운영되며, 자체 로스팅 공정을 통해 신선한 스페셜티 원두를 안정적으로 생산하고 있다. 매장에서는 핸드드립 커피와 에스프레소 기반 음료를 중심으로 한 메뉴를 선보이며, A·B·C 바로 구성된 공간을 통해 전 세계 다양한 산지의 커피를 취향과 목적에 맞게 선택하고 경험할 수 있도록 설계되어 있다. 각 바는 산지와 로스팅 특성에 따라 구성되어 로스팅부터 추출까지 이어지는 커피의 전 과정을 한 공간에서 이해하고 즐길 수 있다. 또한 천연 발효종으로 숙성한 반죽을 사용해 바게트, 크로와상, 소금빵 등을 매일 신선하게 구워 제공한다. 항구와 바다 풍경이 어우러진 공간 구성과 전용 주차장을 갖춘 대형 복합 로스터리 카페이다.",
2903578,금빛노을,카페,"금빛노을은 부산 강서구 둔치도에 위치한 무인 카페로, 도시적인 분위기와는 다른 둔치도 마을 특유의 정겹고 운치 있는 풍경을 느낄 수 있는 곳이다. 입장료를 내고 이용하는 무인 카페 형태로 운영되며, 음료 준비부터 정리까지 손님이 직접 해야 한다. 아메리카노와 인스턴트 커피를 비롯해 다양한 차 종류가 마련되어 있으며, 식빵과 잼, 뻥튀기 등을 적당량 자유롭게 즐길 수 있다. 사용한 컵 설거지까지 스스로 해야 하는 점도 이곳만의 특징이다. 본 건물 내부뿐 아니라 크고 작은 하우스 공간이 여러 곳 마련되어 있고, 야외 좌석도 넉넉해 편안하게 시간을 보내기 좋다. 넓은 주차장을 갖추고 있으며, 걸을 때마다 정성이 느껴지는 산책로도 조성되어 있다. 주변에는 대저생태공원과 맥도생태공원이 인접해 있어 함께 둘러보기에도 좋다.",
3334005,굿올데이즈카페,카페,굿올데이즈카페는 시간을 초월한 의미 있는 추억을 만들 수 있는 카페이다. 부산 로컬사진작가들과 협업하여 제작한 부산 풍경엽서 150종이 있다. 당일생산 당일판매 디저트를 매일 아침 베이커리 팀이 생산한다. 넓은 공간과 편안한 자리가 있으며 8인까지 이용가능한 미팅룸이 있어 단체모임에도 적합하다. 부산의 가장 찬란했던 시간을 머금고 과거에서 현재로 변화하는 길목에 서있는 원도심에 위치하고 있다.,
3550346,그랜드하브(GRAND HAV),카페,"부산 강서구 가덕도에 위치한 그랜드하브는 스카이워크가 있는 대형 오션 뷰 카페로 뒤에는 울창한 숲이, 앞에는 탁 트인 하늘과 웅장한 바다가 펼쳐져 있어 어느 자리에서건 아름다운 뷰를 감상할 수 있는 뷰 맛집 힐링 카페이다. 본관과 별관 루프탑 스카이워크 등으로 구성된 넓은 구조의 건물로 통유리 창과 개방형 폴딩도어를 통해 시간대에 따라 다채롭게 변하는 자연 속 풍경을 만끽할 수 있고, 편안한 소파자리, 높은 바 의자, 좌식 등 층마다 다른 분위기의 테이블로 구성되어 있다. 낮에는 햇살이 가득한 청량한 바다와 하늘, 저녁에는 붉게 물드는 노을과 반짝이는 야경을 감상할 수 있으며, 계절마다 날씨마다 다른 매력을 선사한다. 특히 스카이워크에서 바라보는 환상적인 노을과 수묵화 같은 많은 섬들, 조용한 바다 마을 천성항의 풍경은 오래도록 기억에 남을 추억이 된다. 시그니처 음료로는 하브슈페너와 직접 담근 레몬청으로 만든 보라 빛의 핑크하브에이드가 있으며, 자체 베이커리에서 매일 만드는 신선한 빵과 케이크를 함께 즐길 수 있다.",
3544694,아이리,카페,부산 금정산성 마을 근처 편백나무 숲 속에 모던한 건물의 카페이다. 30년이 넘은 세월 동안 가꾸어진 울창한 편백나무 숲과 정원에서 평온함과 쉼을 느낄 수 있다. 계절에 따라 달라지는 자연모습에 계절마다 또 다른 분위기를 느낄 수 있다. 카페 본관은 노출콘크리트와 화이트로 모덤함과 깔끔함 그리고 높은 층고로 시원한 느낌을 받는다. 자연을 좋아하는 어르신부터 활동성이 좋은 아이들까지 다양한 연령대의 고객들이 이용이 가능하다.,
3061069,이지요661,카페,"다대포해수욕장 삼거리에 있는 카페 이지요661은 넓은 매장에서 다양한 종류의 베이커리를 맛볼 수 있는 대형 카페이다. 1층은 카운터, 빵 만드는 곳, 테이블, 개별 룸, 야외 정원으로 운영되고 있다. 2층은 노키즈존으로 통유리로 창이 설치되어 있어서 바다 전망을 감상하면서 여유로운 시간을 보낼 수 있으며, 바다를 바라볼 수 있도록 좌석이 배치되어 있다. 이지요661 카페는 매장에서 직접 빵을 만드는 빵 공장을 함께 운영하고 있어 갓 구운 빵과 함께 다양한 종류의 음료를 맛볼 수 있다.",
3060845,제이스 생텀커피,카페,"기장 일광IC에 부근에 있는 카페 제이스 생텀커피는 숲속에 자리 잡고 있는 힐링 북 카페이다. 이곳은 많은 서적들이 곳곳에 비치되어 있어 책을 읽을 수 있고, 숲속에 자리 잡고 있어서 숲을 바라보며 휴식할 수 있는 공간으로 꾸며져 있다. 1층은 카운터와 카페 공간으로, 2층은 북카페, 3층은 루프탑으로 구성되어 있으며, 동남아풍의 독특한 실내 인테리어로 편안한 휴식의 시간을 안겨 주는 곳이다. 다양한 베이커리도 맛볼 수 있는 카페이며, 글램핑장, 수영장, 산책로, 놀이시설 등을 두루 갖춘 종합 휴식 공간으로 꾸며져 있는 힐링 스페이스이다.",
4055432,먼스커피바,카페,"커피의 향과 맛에 집중하는 공간이다. 먼스커피바는 2022년 이탈리아 밀라노에서 열린 월드 컵테이스터스 챔피언십에서 우승한 문헌관 바리스타가 운영하는 스페셜티 커피 전문 카페로, 부산 전포동에 자리하고 있다. 컵테이스터스 챔피언십은 미세한 커피의 맛과 뉘앙스 차이를 감별하는 세계 최고 권위의 커피 감별 대회다. 1층 바 형태로 조성된 공간에서는 바리스타가 커피를 내리는 과정을 가까이에서 지켜볼 수 있다. 살구의 상큼함과 카페라떼의 깊은 풍미를 결합한 애프리콧 라떼, 여러 원두를 조금씩 맛볼 수 있는 먼스플래터, 그달에 가장 잘 어울리는 원두로 내리는 이달의 커피가 대표 메뉴다. 취향에 맞는 원두를 선택해 즐길 수 있어 커피 애호가들의 발길이 끊이지 않는 곳이다.",
3060265,카페베이스,카페,"연화해변 서암 방파제 앞에 있는 카페 베이스는 동해안 푸른 바다 풍경을 조망할 수 있는 힐링 카페이다. 1층부터 4층까지 카페로 운영하며, 각 층마다 제각각 다른 인테리어로 꾸며 놓아 색다른 분위기를 연출한다. 5층의 루프탑은 바닷바람을 맞으며 휴식할 수 있는 공간이다. 카페에는 음료와 베이커리 등이 다양하게 구비되어 있고, 3층과 5층에 야외 테라스가 있어 인생 사진을 찍을 수 있는 포토존이 있다. 카페가 있는 연화리 해변은 해물, 전복죽 등 다양한 해산물로 유명한 해변이다. 연화리 해변에서 해산물도 맛보고, 멋진 풍경이 있는 카페에서 힐링하는 여유를 즐겨보면 좋은 곳이다.",
4002868,라운지비,카페,"부산 영도구에 위치한 라운지비는 커피와 디저트를 함께 제공하는 카페이다. 매장은 실내 좌석중심으로 구성되어 있으며, 창을 통해 부산항 일대를 조망할 수 있는 전망을 갖추고 있다. 방문객은 매장내부에서 부산항의 전경과 항만 풍경을 바라보며 음료를 이용할 수 있다. 커피 메뉴는 에스프레소 기반 음료를 중심으로 구성되어 있으며, 디저트는 케이크와 구움 과자류를 판매한다. 방문객이 이용할 수 있는 전용 주차장이 마련되어 있다.",
3423011,선생조고매,카페,"선생 조고매 카페는 고구마를 활용한 음료와 디저트를 만드는 곳이다. 대표 음료는 영도꿀고매라테와 고매크림라테가 있으며 대표 디저트는 영도 조고매(고구마) 빵과 선생 감자빵, 고매스틱이 있다. 굿즈로는 머그컵, 리유저블 컵, 에코백이 있다. 매장 근처에는 봉래산 산책로와 어린이들을 위한 놀이터가 있다.",
3438936,빅토리아 베이커리 가든,카페,"블루리본 서베이 전국 2024에 선정된 베이커리 맛집이다. 당일 생산 당일 판매를 원칙으로 신선한 재료만을 선별하여 직접 반죽하여 빵을 제공한다. 유럽풍 인테리어 3층 건물로 지하에는 빵 공장, 1층은 베이커리, 2층 카페로 운영되며 3층에는 루프탑이 마련되어 있다. 공간이 넓고 쾌적하며 계절에 맞는 야외 조경이 잘 되어있어 맛있는 음료와 베이커리와 함께 분위기를 만끽할 수 있는 베이커리 카페이다.",
3467682,아트센트,카페,"1980년대 건축된 영도 청학동의 낡은 목욕탕 건물과 새로움을 추구하는 아트센트가 만나 오래된 건물은 인더스트리얼로 다시 태어났다. 높이 솟은 굴뚝은 그때의 흔적을 보여주고 있으며 지금은 청학동의 랜드마크처럼 자리 잡고 있다. 최근에는 브런치 카페로 리뉴얼 되어 피자, 프렌치토스트, 샐러드 등 다양한 메뉴와 함께 음료를 마실 수 있으며 공간의 재미와 함께 입까지 즐거워지는 공간이다.아트센트는 스페셜티 커피를 제공하는 커피전문점으로 직접 생두를 선정하고 로스팅하여 신선한 커피를 제공하고 있으며, 앞으로도 많은 사람들에게 퀄리티 있는 다양한 커피를 제공하기 위해 노력하고 있다.",
2812073,더가마,카페,"부산 기장에 위치한 더가마는 고양이 양갱이와 함께하는 티 카페이다. 누구와 함께 와도 편안함을 주는 공간으로, 금준미·백차·홍차 등 품종 고유의 찻잎을 정성껏 우려 깊은 풍미를 전한다. 직접 만든 화과자와 양갱 같은 코리안 디저트는 차와 딱 맞는 조화를 이루며, 고즈넉한 정원의 분위기와 친절한 서비스는 일상 속 편안한 쉼을 선사한다. 백 년 넘은 찻잔에 담긴 차 한 잔은 특별한 감흥을 남기며, 선물용 화과자 세트와 다기 판매도 이루어지고 있어 집에서도 더가마의 감성을 이어갈 수 있는 공간이다.",
2717045,로빈뮤지엄,카페,"부산 로빈뮤지엄은 미국 빈티지 코카콜라 감성이 핵심 테마인 카페로 올드카, 주유기, 코카콜라 굿즈 등으로 실내외가 꾸며져 있다. 별관과 본관으로 구성되어 있으며 별관은 드라이브 스루 컨셉의 스튜디오 공간으로 운영되며 내부에 포토존이 많아 미국여행의 기분을 느낄 수 있다. 구석구석 숨겨진 포토존이 로빈뮤지엄의 가장 큰 하이라이트로 맥도날드 아저씨, 컬러풀한 올드카 디즈니 캐릭터 등 다양한 소품으로 시선을 사로잡는다. 남녀노소, 커플, 아이들과 함게 방문하여 사진찍기 좋은곳이다. 메뉴로 밀크쉐이크, 아이스크림 등이 있고 식사류로는 유기농 밀가루와 임실치즈로 만든 피자와 미국식 핫도그등 미국 스타일의 요리가 준비되어있다. 이색적은 분위기와 사진찍기를 좋아하는 사람은 누구나 로빈뮤지엄에서 부산 여행의 추억을 남길 수 있다.",
2827931,무명일기,카페,"무명일기는 부산 영도구 봉래동에 위치한 곳으로 폐공장을 활용하여 만들어진 공간이다. 이곳은 편집샵, 예술 전시, 문화 공연 등으로 다양한 콘텐츠를 제공하는 복합문화공간이다. 이곳의 카페는 높은 층고를 가지고 있어 쾌적한 느낌을 준다. 사람을 핵심가치로 여기며 지역과 기록을 통해 정해지지 않은 일상을 보관하기 위한 브랜드 무명일기를 통해 라이프스타일을 제안하고 공유하며 함께 활용되고 있다. 대표메뉴인 영도소반과 목화크림 라테와 함께 다채로운 메뉴를 즐길 수 있다.",
2390133,비비비당,카페,"비비비당은 부산광역시 해운대구 달맞이길에 위치한 전통 찻집이다. 2011년 10월 26일에 개업하였으며 한국 전통 다실 문화를 현대적으로 해석하여 전통차와 다식을 제공한다. 주요 메뉴는 우엉 차, 두충차, 복차, 5년 발효 흑차, 알작, 꽃차 등 다양한 전통차와 계절 다식들로 구성된다. 주문한 전통차에는 전통 다식이 함께 제공된다. 찻집 내부는 바다 전망이 가능하며 방문객은 여유로운 시간을 즐길 수 있다. 찻집 인근에는 약 15대 규모의 주차장이 마련되어 있다. 비비비당은 한국 전통차 문화의 가치를 알리고 다도 클래스를 통해 다도 체험을 제공한다. 공식 홈페이지를 통해 차류 및 다식 세트 등을 판매하며 온라인 예약과 구매도 가능하다. 고객층은 지역 주민뿐 아니라 관광객과 외국인 방문객도 포함된다. 정결한 공간과 정제된 서비스로 차 문화의 깊이를 전하고 있으며 SNS와 스마트스토어를 통해 브랜드 소식을 전달한다. 브랜드 슬로건은 “정적인 여유의 시간으로 한국 고유의 미학과 공간의 여백을 중요시한다.",
2902322,토북베이커리,카페,"토북베이커리는 대한민국 제과제빵 명장이 운영하는 한옥형 베이커리 카페이다. 카페 내외부가 전통 한옥 구조와 아름다운 마당을 감상할 수 있으며, 주차장은 카페 앞과 옆 공터에 넉넉히 마련되어 있어 차량 이용이 편리하다. 토북은 토끼와 거북이 두 캐릭터의 의미를 결합한 이름이여, 빠르지만 재치 있고 느리지만 정직하게 라는 뜻을 담고 있다. 베이커리 제품은 매일 아침 신선한 재료로 제조되며, 특히 데리버거는 식사 대용으로 인기가 있다. 커피, 티, 탄산음료, 스무디 등 음료 메뉴가 다양하게 있어 취향에 맞게 선택할 수 있다. 규모는 대형 한옥 건물로 1층과 야외 좌석을 포함하며, 2층은 노키즈존으로 운영된다. 내부는 높은 천장과 서까래 구조로 개방감이 돋보이며, 조용한 분위기에서 음료를 즐기기 적합하도록 설계되어 있다.",
2770124,웨이브온 커피,카페,"부산 기장에 위치한 웨이브온 커피는 탁 트인 바다 전망을 자랑하는 부산 오션뷰 카페이다. 바다가 보여 많은 이들이 일상의 여유와 힐링을 찾아 방문하는 명소이다. 웨이브온 커피는 자체 로스팅한 다양한 원두를 사용하여, 여러 나라의 독특한 풍미를 담은 드립 커피를 제공하고 있다. 월내 라떼, 풀문 커피 등 웨이브온만의 개성이 담긴 시그니처 커피 메뉴도 다양하게 준비되어 있어 선택의 즐거움을 더해준다. 음료 외에도 달콤하고 이색적인 디저트 케이크를 전문으로 하여, 커피와 함께하는 특별한 티타임을 선사하고 있다. 동해바다의 잔잔한 파도소리와 함께하는 웨이브온 커피는 바다와 커피, 디저트와 함께 여유로운 휴식시간을 선사하는 공간이다.",
3550401,흐른,카페,부산 강서구 낙동강 옆에 자리한 블루리본카페 흐른(HRNN) 은 탁 트인 강뷰와 넓은 정원이 매력적인 힐링 공간으로 향긋한 커피와 매일 아침 구운 신선한 빵을 함께 즐길 수 있다. 통유리창과 야외 테라스에서 물멍을 즐기며 계절에 따라 다양한 뷰를 감상하며 여유 있는 시간을 보낼 수 있다. 흐른라떼는 이곳의 시그니처 메뉴로 고소한 땅콩크림이 올라간 라떼이다.,
2827847,퍼프베이커리,카페,"부산 서면에 위치한 퍼프베이커리는 다양한 빵을 판매하고 있는 베이커리이다. 인테리어가 잘 되어 있어서 분위기가 좋다. 퍼프베이커리의 모든 빵에는 인공 제빵 개량제가 들어가지 않는 것이 특징이다.  베이커리에 들어서면 빵 냄새가 가득하다. 마들렌, 스콘, 쿠키 등의 구움류는 물론 크로와상, 퀸아망 등 다양한 빵종류도 있다.",
2776988,어라운드펫,카페,부산 기장군에 위치한 어라운드펫은 사랑하는 우리 강아지가 맘껏 놀 수 있는 애견테마파크다. 인조 잔디가 드넓게 펼쳐져 있고 곳곳에 있는 포토존들이 강아지와 추억을 만들기 좋다. 개껌이나 강아지 간식도 부족함 없이 진열되어 있다. 반려동물 동반 가능한 브런치 카페도 1층에 자리 잡고 있어서 브런치와 커피를 편안하게 즐길 수 있다. 어라운드펫은 수영과 셀프 목욕을 같이 즐길 수 있는 패키지가 있고 애견호텔과 애견유치원도 운영하고 있어 평소에 강아지와 함께 놀아 줄 시간이 부족한 견주에게는 좋은 시간이 될 것이다. 입장료가 있으니 이 점 참고해야 한다.,
2861132,커피트웰브 중앙동12시,카페,커피트웰브 중앙동12시는 다양한 산지별 원두를 직접 로스팅하여 커피를 내리는 아늑한 다락방 카페이다. 카페 내부는 아담하고 작은 갤러리 같은 느낌으로 꾸며져 있다. 40계단의 사진들과 고양이 사진들이 벽면과 카페 내부에 가득하다.  조용하고 아늑한 분위기로 커피 한잔 하며 책 읽기에 좋은 카페이다. 6성급 다락방이라는 다락방 공간은 아기자기하게 꾸며져 있어 비밀공간 같은 느낌을 준다.,
2563237,쉐라미과자점,카페,"부산 사람들에게 향과점으로 유명한 쉐라미 사장님에 이어 아들이 빵을 만드는 곳으로 프랑스산 밀가루와 유기농 호밀로 만드는 건강한 빵을 만날 수 있다. 통팥빵, 옛날 크림빵, 애플파이가 대표 메뉴이다. 옛스러움과 급변하는 트렌드에 맞춘 다양한 메뉴를 만날 수 있다. 2015년에 부산시로부터 명품빵집으로 지정되기도 하였다.",
2863209,오손1209,카페,"부산 해운대 카페 오손1209는 해리단길 골목 안쪽에 위치한 나무 인테리어 외관의 카페이다. 카페 내부 테이블은 바테이블 하나로 구성되어 있고, 인테리어도 심플하지만 분위기가 있다. 디저트 종류는 몽블랑 단품으로 구성되어 있지만 종류가 다양하며, 음료 메뉴는 콜드브루와 차 종류가 있다. 몽블랑 메뉴를 주문하면, 테이블 앞 몽블랑 기계로 즉석에서 면발 같은 크림을 뽑아내어 데코하기 때문에 구경하는 재미도 있다.",
2752996,브라운피크닉,카페,부산 기장군 철마에 위치한 브라운피크닉은 동화 속에 나오는 집처럼 예쁜 공간이다. 숲 속에 조그맣게 지어진 하얀색 건물 외관이 주변 자연과 조화를 이룬다. 실내로 들어가면 브라운 계열 컬러를 사용한 인테리어와 소품에서 카페 이름이 브라운피크닉임을 상기한다. 노란 파라솔과 테이블이 펼쳐진 야외 정원 곳곳에 소박하게 핀 야생화에 눈길이 간다. 브라운피크닉 원두는 밸런스가 좋은 마일드한 블랜드로 차분한 바디감과 후미에 은은하게 느껴지는 산미와 단맛이 부드러운 게 특징이다. 수제로 만든 바닐라빈라테와 달달한 생크림이 올라간 비엔나커피 아인슈페너도 인기가 좋다. 또한 시즌 메뉴로 옛날 팥빙수와 호두파이가 유명하다. 근처에 있는 아홉산 숲을 둘러보고 쉬어가기 좋은 코스이다.,
2852408,카페 만디,카페,"부산 사하구 괴정동 산 중턱에 위치한 ‘카페 만디’는 일상에서 벗어나 조용한 휴식을 즐기기에 안성맞춤인 감성적인 공간이다. 산길을 조금만 오르면 바로 눈앞에 넓은 전용 주차장이 나타나며, 멀리서도 눈에 띄는 이국적인 입구가 마치 유럽 동화 속을 떠올리게 한다. 외관뿐 아니라 내부 인테리어 역시 세련된 감성과 자연스러움이 어우러져 한적하고 우아한 분위기를 자아낸다. 카페 만디는 노키즈존, 노스모킹존으로 운영되어 조용한 환경에서 제대로 된 휴식을 원하는 성인들에게 특히 인기가 좋다. 메뉴 또한 다양하게 준비되어 있어 각종 커피와 음료는 물론 디저트로 곁들이기 좋은 케이크 등도 함께 즐길 수 있다. 복잡한 도심에서 벗어나 자연과 함께 힐링하고 싶은 이들에게 카페 만디는 특별한 하루를 선물해 줄 공간이다.",
2891745,듀스포레,카페,"부산 남구에 위치한 브런치 카페 '듀스포레'는 케이크, 수제 잼, 쿠키 등 직접 만든 건강한 디저트와 함께 수프, 샐러드, 샌드위치, 파스타 등 다양한 브런치 메뉴를 제공한다. 실내는 넓고 밝은 분위기로 꾸며져 있어 편안하게 식사와 휴식을 즐길 수 있으며, 잔디정원에는 여러 개의 야외 테이블이 마련돼 도심 속에서도 녹지 공간의 여유를 느낄 수 있다. 반려동물 동반이 가능하며, 전용 주차 공간이 넉넉해 방문객이 편리하게 이용할 수 있다. 또한 인근에는 황령산유원지 생태숲이 위치해 카페 방문 후 자연 산책을 함께 즐기기 좋다. 다양한 디저트와 브런치를 경험하며 여유로운 시간을 보낼 수 있는 장소이다.",
2759629,디저트시네마,카페,디저트시네마는 매일 영업하지 않아서 사람들을 안달나게 하는 베이커리 맛집이다. 2년 연속 블루리본서베이에 선정되었을 만큼 빵지 순례의 필수 코스로 손꼽힌다. 주말에는 앤티크 하고 빈티지한 우드 스타일 인테리어로 꾸며진 가게에서 직접 구운 다양한 빵을 맛볼 수 있다. 친근한 동네 빵집 같은 분위기 속에서 맛있는 빵과 음료를 함께 즐길 수 있다. 오픈하자마자 줄을 서서 기다릴 만큼 손님이 많으며 재료 소진 시 영업을 마감하므로 미리 이곳의 SNS를 확인하고 방문하는 게 좋다.,
2756678,포레스트3002,카페,"탁 트인 넓은 잔디밭에서 바다를 바라보며 편히 쉴 수 있는 공간이다. 소품, 옷, 모자 등을 판매하기도 하고 가끔 시간이 맞을 때는 재즈, 클래식 공연도 감상할 수 있다. 언제든 캘리그래피 체험을 해볼 수 있도록 파스텔, 물감과 붓, 펜 등이 구비되어 있다. 샌드위치, 크루아상, 케이크부터 피자 종류까지 있어 다양한 메뉴를 취향대로 고를 수 있다. 아기자기하게 꾸며진 카페 내부 곳곳을 살펴보는 재미가 있고 지하에는 비밀스러운 공간 ‘부산스런 갤러리’도 있다. 부산을 배경으로 한 다양한 사진 전시를 볼 수 있고 구매도 가능하다. 예약하면 이곳에서의 사진 촬영도 가능하다.",
2807808,카페썬번,카페,"카페썬번은 부산시 안락동 골목에 자리한 작은 카페로 미국 감성의 인테리어를 한 카페로 1990년대 팝음악을 함께 즐길 수 있다. 카페 메뉴로는 에스프레소, 플랫화이트, 필터커피 등 다양하며 커피와 함께 즐길 수 있는 스콘, 쿠키, 케이크 등이 준비되어 있다. 홀케이크는 따로 예약 주문이 가능하다. 내부는 조용하고 편안한 분위기에서 독서나 작업을 하기에 적합하다. 또한 세심한 인테리어가 돋보이며, 청결함을 갖추고 있어 방문객들의 만족도를 높여주고 있다. 낮에는 발랄한 느낌을 준다면 저녁에는 또 다른 분위기를 느낄 수 있는 공간이다.",
2891887,프루터리포레스트,카페,"광안리 바닷가의 과일 카페 프루터리포레스트는 달맞이고개 끝자락 숲속에 있다. 부산에서 가장 번화한 해운대 한 가운데 이렇게 조용한 숲이 있을 줄 누가 알았을까 싶은 곳에 있다. 프루터리포레스트는 신선한 과일을 가장 신선한 방법으로 만든 콜드프레스 주스와 달콤하고 건강한 프루츠디저트가 맛있는 곳이다. 넓은 온실 정원과 루프탑 등이 있어 다양한 좌석에서 자연을 즐길 수 있다. 반려견 동반도 가능하다. 가까운 곳에 해운대 블루라인 송정정거장, 송정해수욕장이 있어 함께 둘러보기 좋다.",
2836412,에테르,카페,"독특한 구조의 카페 에테르는 흰여울 문화마을 비탈길에 있다. 총 4층 건물로 1층~2층 실내 공간, 3층 테라스, 4층 루프탑으로 되어있는 큰 규모의 카페이다. 3~4층 야외 공간은 안전상의 이유로 노키즈 존으로 운영된다. 대로변 입구로 들어오면 보이는 계산대 층이 3층으로 위로 이동하면 루프탑이 아래로 내려가면 1~2층 실내 카페 공간이 나온다. 에테르의 가장 큰 매력은 전 층 통창으로 어느 자리에 앉든 바다 뷰를 볼 수 있다. 특히 4층 루프탑에는 선베드가 마련되어 편하게 부산의 바다를 즐길 수 있다. 저녁에 방문하면 실외에서 바라보는 밤바다와 남향대교, 흰여울길, 주택가의 멋진 야경을 볼 수 있다. 메뉴는 커피와 각종 차, 음료, 랍스터 롤, 크림 알감자 빠네, 브런치 등 다양하게 마련돼 있다. 2025년 7월 12일부터 브런치 리뉴얼로 브런치는 잠시 운영을 중단하니 참고하고 방문해야 한다.",
2818714,남천녹차팥빙수,카페,"부산 수영구에 위치한 남천녹차팥빙수는 보성녹차팥빙수가 유명한 카페이다. 우유와 얼음 위에 팥과 녹차가루에 올려져 있다. 가격이 저렴하고, 녹차는 무제한으로 제공된다. 카페 앞에는 나무가 우거져 있어 이색적인 분위기를 연출하고, 통나무 땔감이 쌓여 있다. 팥빙수 이외에도 단팥죽이 또 다른 대표 메뉴이다. 20년 넘게 한결같은 맛을 유지하고 있어 관광객은 물로 현지인들도 많이 찾고 있다. 연인과 데이트 장소로도 좋으며, 가족과 함께 부산 여행 시 방문하기에도 좋다.",
2865384,아시오,카페,"부산광역시 초읍동에 위치한 아시오 카페는 2층 건물을 전체 사용하는 큰 규모의 베이커리 카페이다. 아시오의 모든 빵은 당일 생산과 당일 판매를 원칙으로 한다. 또 천연발효로 빵을 만들고 화학 개량제를 일절 사용하지 않는다. 1층과 2층 모두 통창으로 되어 있어 개방감을 느낄 수 있으며, 유리창 너머로 보이는 풍경, 그리고 차 한잔과 함께 여유를 느낄 수 있는 공간이다.",
2870666,1950 태성당,카페,"1950태성당 본점은 부산 대표 베이커리로, 말차크림메론빵·우유크림메론빵 등 특색 있는 메뉴가 인기이다. 아메리카노는 묵직하고 고소한 향이 특징이며, 파이만쥬 등 디저트와 조화롭다. 최상급 북미산 밀가루와 프랑스산 크림치즈, 버터, 생크림, 우지말차 등 까다롭게 선별한 최상급 원재료로 매일 빵과 디저트를 만든다. 여러 종류의 빵을 담은 세트도 다양하게 준비되어 있어 여행 선물용으로도 적당하다.",
2869896,엣지993,카페,"카페 엣지993은 산 해운대 바닷가가 눈앞에 펼쳐지는 오션뷰 카페이다. 아메리카노는 고소하고 산미가 적당하며, 딸기 크림라떼도 추천 메뉴이다. 카페 앞으로는 부산 바다 풍경이 한눈에 펼쳐지고, 뒤쪽으로 블루라인파크 캡슐 열차가 지나가는 모습을 볼 수 있다. 특히, 엣지993의 가장 큰 매력은 해운대의 낮과 밤을 고스란히 품고 있다는 것이다. 좌우로 펼쳐지는 광안대교, 마린시티, 동백섬, 해운대 백사장, 대마도, 달맞이언덕의 전경을 볼 수 있다.",
2847877,일광 카페 숲,카페,부산 해안 드라이브 코스로 좋은 일광면에 있는 일광 카페 숲은 모퉁이 끝자락에 있어 바다 뷰가 한눈에 쫙 펼쳐진다. 실내 전 층 통창으로 되어 바다를 볼 수 있고 1층에서 주문 후 야외 테이블에 앉으면 바로 앞바다가 보여 조용하게 커피를 마실 수 있다. 2층은 의자로 이루어져 있고 3층은 전 좌석 빈백으로 편하게 앉아 커피를 마실 수 있다. 인근에 학리방파제와 빨간 등대가 있어 가볍게 산책하기 좋다.,
2845149,아데초이,카페,"아데초이는 베이커리가 유명한 디저트 카페이다. 고급스러운 분위기의 카페로, 아메리카노와 카페라떼 등 기본 커피 메뉴부터 아인슈페너와 같은 특별한 음료까지 다양하게 제공한다. 핸드드립 커피도 인기 있으며, 브런치 세트를 통해 여유로운 식사를 즐길 수 있다.",
2844259,오프오,카페,"부산광역시 기장군 기장읍 죽성리에 있는 오프오는 야외 테라스에서 선보이는 오션뷰가 유명한 카페다. 기장 해안가를 끼고 있는 곳에 있어서 바다를 보면서 찾아가는 즐거움도 오프오만의 매력이다. 다양한 메뉴를 제공하는 카페로, 아메리카노는 고소한 맛과 산미가 조화롭고 바닐라 라떼는 달콤하면서도 깊은 풍미를 자랑한다.",
2838418,이엘 16.52 (EL16.52),카페,"부산광역시 서구 동쪽 해안에 있는 이엘 16.52 (EL16.52) 카페는 건물이 시작되는 해발고도 16.52m와 해발고도(Elevation)의 EL을 뜻한다. 카페 3층에서 음료와 베이커리 주문이 가능하며 5층 루프탑에 올라가면 파노라마 뷰로 바다를 즐길 수 있다. 3, 4층 실내 공간을 복도식으로 길게 자리 배치하여 어디에 앉든 바다 뷰를 볼 수 있는 것이 이 카페의 장점 중 하나다. 
※ 반려동물 동반 야외 가능",
2787137,하녹,카페,"부산 기장군에 자리한 고즈넉한 분위기의 한옥 카페다. 짙푸른 산으로 둘러싸여 더욱 운치가 느껴지는 이곳은 한옥 특유의 우아함과 서정적인 풍광이 매력이다. 기와지붕을 얹은 대문을 들어서면 작은 연못과 징검다리, 정자를 떠올리게 하는 별채가 그림처럼 펼쳐진다. 대청마루를 활용한 널찍한 테라스도 부드러운 바람을 즐기기 좋다.",
2787408,반송187,카페,"반송187은 부산에 위치한 전통 한옥 카페로, 주차 공간이 넉넉하고 내부에는 다양한 좌석이 마련되어 있어 편안하게 머무르기 좋다.  정갈하게 쌓아 올린 돌담과 마당 곳곳에 아름답게 피어난 꽃들이 한순간 마음을 편하게 만들어준다. 돌담을 따라 심어진 멋스러운 소나무가 번잡한 도심 풍경을 잊게 만든다. 187라떼는 꼬숩고 진한 맛으로 방문객들에게 호평을 받고 있으며, 한옥의 아름다움과 함께 여유로운 시간을 보낼 수 있는 곳이다.",
2785267,클래식캠퍼,카페,"공장을 개조해서 카페와 캠핑용품점으로 탈바꿈한 클래식 캠퍼는 캠핑을 좋아하는 사람과 이제 캠핑에 관심을 두는 초보 캠퍼에게 핫한 곳이다. 맛있는 커피와 쿠키를 맛볼 수 있으며 클래식캠퍼만의 특별한 감성캠핑용품도 구매 가능한 이색적인 카페이다. 본관, 별관으로 나누어져 있으며 본관 1층에는 감성 가득한 소품들이 다양하게 있어 캠핑을 좋아하는 사람이라면 지나칠 수 없는 곳이다. 2층은 텐트를 만들어 놓아 캠핑을 잘 모르는 사람들도 쉽게 접할 수 있도록 전시해 놓았다. 밖으로 나와 별관으로 가면 캠핑 콘셉트 카페답게 내부도 캠핑 감성이 듬뿍 묻어 나온다.",
2783646,러브얼스,카페,"부산 비건 카페 러브얼스의 ‘Urth’는 Us와 Earth를 합친 복합어로, 우리를 사랑하고 지구를 사랑하자는 의미를 담았다. 러브얼스의 비건 버거에는 직접 만든 선 드라이 토마토 페스토가 들어가고, 빵은 부산의 또 다른 비건 베이커리인 매초롬에서 만든 쌀식빵을 사용한다. 러브얼스 벽면에는 비건에 관련된 도서가, 계산대 옆쪽으로는 버려지는 이면지를 활용한 명함과 비건 메시지를 담은 책갈피가 비치되어 있다. 제로 웨이스트에도 적극 동참해 100% 생분해되는 다회용 대나무 빨대를 제공하고, 메뉴 포장 시에도 생분해 용기를 제공한다. 직접 용기를 가져올 경우 할인 혜택을 제공한다.",
2783360,꽃피는 4월 밀익는 5월,카페,"부산 수영구에 자리한 비건 베이커리 카페다. 비건을 내세우지만 일반인들도 부담감 없이 즐길 수 있는 맛과 구성이 매력적이다. 소금빵은 고소하고 쫄깃한 식감에 초코, 체다치즈 등 다양한 필링을 즐길 수 있으며, 크로와상은 바삭한 겉과 부드러운 크림이 조화롭다. 매장 내 화장실과 테이블석이 마련되어 있어 편리하다.",
2782628,그린노마드,카페,"도심 한가운데 숨은 비밀정원 같은 카페다. 입구부터 키 큰 나무들이 반겨주는 이곳은 카페 안으로 들어서면 나무 소재의 테이블과 선반, 다양한 종류의 식물, 은은한 오렌지빛 조명이 어우러져 따스한 분위기를 풍긴다. 그야말로 자연친화적이면서 감성적인 공간이다. 곳곳에 앤티크 가구와 찻잔, 촛대 등이 자리해 구경하는 재미도 쏠쏠하다.",
2832723,이프리오,카페,"카페 이프리오는 부산 강서구에 있다. 블랙&화이트의 외관에 내부는 심플, 모던한 분위기의 대형 베이커리 카페다. 카페 앞으로 낙동강이 흘러 전망 좋은 자리에 앉으면 낙동강 뷰를 한눈에 보며 커피를 즐길 수 있다. 건물 앞에 주차장이 넓어 편리하게 이용할 수 있다. 건물 전체를 사용하며 1층에는 일반석, 단체석, 화장실이 있고 2층에는 테라스와 개별룸이 있다. 3층은 루프탑이다. 루프탑은 13세 이하는 이용할 수 없다. 커피와 빵, 디저트뿐만 아니라 샌드위치, 샐러드, 피자 등 브런치 메뉴도 즐길 수 있다. 단체석과 개별룸이 있어 모임 하기 좋다.",
1826034,아델라7,카페,"아델라 7은 유기농 빵과 향긋한 커피가 있는 부산 해운대구 좌동 신시가지 디저트 카페로써 7가지 디저트를 맛볼 수 있는 곳이다. 케이크는 다양한 종류가 있고 사이즈별로 구매할 수 있다. 메뉴는 커피, 초콜릿, 타르트, 케이크, 빵, 쿠키, 브런치가 있으며, 아델라 7의 빵은 화학재료를 쓰지 않고 순수 천연재료를 사용해 만들어진다. 커피 또한 매장에서 직접 로스팅해 향과 맛이 좋다.",
3443614,원시학,카페,원시학 카페는 '원시시대 + 學(배울 학)'을 의미하는 카페로 원시시대 분위기로 만들어본 카페이다. 림브륄레 빙수를 망치로 깨보기도 하고 불빙수의 불을 보며 놀라기도 하면서 원시인이 된것같은 기분을 느낄 수 있다. 이색적인데다가 맛도 있어서 놀라운 경험을 할 수 있다.,
2853145,브레이크인커피,카페,"기장군 정관읍 해운대CC 올라가는 길의 왼쪽에 있는 브레이크인커피는 실내에서 넓은 통유리를 통해 들어오는 풍경을 마음껏 감상할 수 있는 장점이 있다. 베이커리도 직접 만들어 빵 퀄리티가 좋다. 케이크류도 오레오, 카카오 나이트, 당근, 모카초코, 로투스 캐러멜, 바스크치즈, 티라미수 등을 다양하게 맛볼 수 있다. 반짝이는 조명 덕분에 밤이 더 아름다운 야외 테이블의 인기도 높다. 편안한 느낌을 주는 숲속의 초록으로 가득한 뷰가 브레이크인커피의 가장 큰 매력이며 주차 공간 또한 매우 넉넉하다. 정관박물관이 인접해 있어 함께 둘러보기 좋다.",
3452014,부산 카페 라운지,카페,"부산 카페 라운지는 부산의 다양한 지역에서 찾을 수 있는 세련되고 아늑한 분위기의 카페 공간이다. 이곳은 카페와 라운지의 특징을 결합하여, 편안한 휴식과 함께 고급스러운 커피와 음료를 즐길 수 있는 장소이다. 대부분의 카페 라운지는 스타일리시한 인테리어와 편안한 좌석을 제공하며, 현대적인 디자인을 채택하여 고객들에게 여유로운 시간을 선사하는 곳이다.",
2781799,덕미,카페,기장읍에 위치한 카페 덕미는 심플하고 세련된 인테리어에 이색적인 음료와 디저트를 판매하는 곳이다. 매장 내부는 어디에서 찍어도 멋진 사진이 나올 수 있도록 깔끔하고 군더더기 없는 공간과 감성적인 공간을 자랑한다. 앞마당에 테이블이 있어 반려동물과도 함께 갈 수 있다(실내 동반 불가). 해안 산책로와 붙어 있어 커피 한잔 마시고 가볍게 바다를 보면서 걷기 좋은 곳이다.,
2841029,이지요 더파크,카페,이지요 더파크 베이커리 카페는 유기농 재료로 만든 베이커리를 당일 제조 당일 판매를 원칙으로 하고 있다. 자체 블렌딩과 자체 로스팅으로 고급 원두가 가진 풍미를 선사한다. 키즈 카페가 아님에도 어린이들을 위한 키즈 존을 마련하여 부모들의 여유로운 휴식을 돕고 있다. 넓은 하늘과 노을을 보며 즐기는 루프탑이 있다. 숲과 바다를 동시에 보며 데이트를 즐길 수 있는 환경을 가지고 있다는 자부심이 높다. 또 하나의 특장점은 휠체어와 유모차를 편하게 이용할 수 있도록 설계하여 행복만큼은 차별받지 않기를 바라는 마음이 담긴 디테일한 서비스가 인상적이다. 갯벌 체험으로 유명한 신호공원이 근접해 있으며 전용 주차장도 있어 편리하다.,
2832717,어라우즈로스터리,카페,"부산 명지에 있는 어라우즈 로스터리는 편안한 느낌의 우드 소재와 멋스러운 벽돌이 주는 따뜻한 감성이 가득 묻어나는 곳이다. 골프 연습장을 지나 안쪽으로 들어오면 카페가 있다. 총 3층 건물로 이루어진 어라우즈 로스터리는 1층에 야외 테라스가 있어 반려동물 입장이 가능하다. 2, 3층 모두 통창으로 바다와 낙동강 뷰를 볼 수 있어 뷰 맛집으로도 유명하다. 3층에는 좌식으로 앉을 수 있는 개별 공간이 있어 독립된 공간이 필요할 때 방문하면 좋다.
※ 반려동물 동반 야외만 가능",
2786008,다온나루,카페,"부산 강서구에 자리한 한옥 카페로 ‘ㄱ’자 형태의 고풍스러운 구조가 눈길을 사로잡는다. 좋은 일이 한꺼번에 들어온다는 의미의 순 한글 ‘다온’과 조만강, 서낙동강을 끼고 자리한 쉼터라는 의미에서 ‘나루’를 합하여 이름을 지었다. 경상도 사투리로 모두 오라는 의미의 ‘다온나’도 연상시키는 이름이다. 카페 내부에서는 통유리 너머 널찍한 마당을 눈에 담을 수 있고, 한옥 특유의 따스하면서도 감성 넘치는 공간으로 꾸며졌다. 별채 지음당에는 온돌방 구조의 작은 방이 있어 프라이빗하게 머물기 좋다. 또 지음당 외부에는 야외 테이블이 있어  따뜻한 햇살과 부드러운 바람을 즐길 수 있다.",
2781598,앙로고택,카페,"앙로고택은 인간문화재가 건축한 한옥카페이다. 본관과 별관으로 나누어져 있으며 음료와 빵을 함께 판매하는 베이커리 카페이다. 실내에서는 큰 통 창을 통해 멋진 풍경을 감상할 수 있고, 야외 테이블에서는 낙동강을 바라보며 커피를 즐길 수 있다. 앙로고택은 포토존으로도 유명하다. 별관 강가 나룻배를 배경으로 한 컷,  2층 옥상에서 한옥을 배경으로 또 한 컷, 인생 샷을 남기기에 충분하다.",
2875345,카페공지,카페,"카페공지는 부산 기장군 연화리에 위치한 카페로, 초록이 가득한 정원을 중심으로 조성되었다. 1층부터 루프탑이 있는 3층까지 각각의 층마다 독특한 테이블로 구성되었으며, 편안하게 자연을 감상할 수 있도록 공간이 구성되어 있다. 메뉴는 다양한 음료와 함께 직접만든 베이커리를 중심으로 운영되고 베이커리는 당일 제작, 당일 판매를 원칙으로 한다. 야외에는 잘 손질된 정원을 따라 놓인 테이블이 마련되어 있어 편하게 감상이 가능하고 카페 내외부에는 사진을 찍기 좋은 포토존이 곳곳에 마련되어 있어 사진을 남기기에도 좋다. 넓은 전용 주차장이 있어 차량 이용 시에도 접근성이 좋으며 근처에 임랑해수욕장과 죽도 같은 관광지들이 가까워 연계 관광코스로 추천할 만 하다.",
2872353,엠아이알오,카페,"기장 최고의 오션뷰를 자랑하는 엠아이알오(MIRO)는 기장 바닷가 바로 옆에 있는 카페이다. 해안 도로에 위치해 있어 오션뷰와 함꼐 커피를 즐기기 좋다. 거의 전면 통창이라서 창가 자리에 앉으면 시원한 바다 뷰를 즐길 수 있다. 대표 메뉴는 달콤한 벌꿀과 수제 제철 과일쨈, 여러 과일을 더한 떠먹는 요거트인 MIRO요거트이다. 또한 홍차베이스의 레몬을 블렌딩한 상큼한 골드문과 수제 연유크림과 캬라멜, 복분자 소금이 들어간 단짠한 매력이 있는 솔티카라멜슈페너도 대표 메뉴이다. 이외에도 녹차라떼와 초코라떼, 과일타르트 등 다양한 메뉴가 있어 취향에 맞게 선택해 즐길 수 있다. 엠아이알오는 넓은 전용 주차장이 있어 편리하고, 인근에 임랑해수욕장이 있어 함께 둘러보기 좋다.",
2872258,채플린,카페,"채플린은 부산 기장군에 위치한 디저트 카페이다. 탁 트인 동해바다를 한눈에 볼 수 있고, 바다 전망과 쾌적하고 넓은 주차장을 구비하고 있다. 화창한 날에는 대마도가 한눈에 들어오는 채플린은 바다 전망도 좋지만, 카페 내부의 인테리어 또한 바다와 잘 어울리는 지중해 느낌으로 꾸며져 있다. 채플린은 스페셜티 커피와 이색적인 시즌별 식음료들, 전통 수제차, 매장에서 매일 만드는 신선한 베이커리 등을 판매하고 있다. 히비스커스뱅쇼와 블루베리라떼, 그린애플블랙티 같은 이색적인 음료와 함께 수제 바나나 푸딩, 수제 그릭요거트 등의 다양한 디저트 메뉴가 있어 취향에 맞게 선택해 즐길 수 있다.",
2870841,우디브룩,카페,"부산 사상구 학장동에 있는 우디브록은 넓은 정원에 나무들이 가득 심겨 있어 분위기 좋은 숲속 카페이다. 카페 들어가는 안쪽 길에 마련된 테이블에선 계곡이 물소리를 들으며 커피를 마실 수 있다. 넓은 야외 공간에는 강아지와 여러 마리의 고양이가 생활하여 노키즈, 노팻존으로 운영하고 있다. 실내는 넓은 좌석과 깔끔하고 아늑한 분위기로 꾸며져 있고 이곳에서는 커피와 음료 뿐만 아니라 오일 파스타, 크림 파스타, 샐러드 등의 식사도 함께 할 수 있다. 브런치는 오전 11시부터 오후 2시까지 주문할 수 있다. 매주 다른 메뉴의 파스타가 준비되어 다양하게 맛볼 수 있다. 근처에 함께 둘러보기 좋은 관광지로 백양 낙조 전망대도 있다.",
2870751,초량845,카페,"부산 동구 초량동에 있는 초량 845는 높은 언덕에 있어 부산 풍경을 한눈에 담을 수 있는 전망 좋은 브런치 카페이다. 전용 주차장이 건물 옆에 있어 편하게 주차할 수 있고, 오르막길에 있어 자차 이용을 추천한다. 창고를 개조한 듯한 빈티지 느낌의 내부는 층고가 넓고, 통창으로 개방감이 좋다. 메뉴는 명란오일파스타, 프렌치 토스트 등 브런치 메뉴와 다양한 음료를 판매하고 있다. 화이트 톤의 심플한 인테리어와 세련된 가구들이 구비되어 있으며 좌석 간 간격이 여유 있어 편하게 대화할 수 있다. 낮에 가도 좋지만, 밤에는 부산의 멋진 야경을 볼 수 있어 저녁에 방문하는 사람들이 많다. 근처에 숲길 산책코스로 좋은 중앙공원도 있어 함께 둘러보기 좋다.",
2869159,디원카페,카페,"부산 기장군에 위치한 디원카페는 바다를 바라보며 여유로운 시간을 보낼 수 있는 오션 뷰 카페이다. 산토리니를 연상시키는 인테리어와 함께 ‘천국의 계단’, ‘천사의 날개’ 포토존이 마련되어 있어 푸른 바다를 배경으로 인생사진을 남기기에 좋다. 카페 내부는 통창으로 이루어져 있어 자연광이 잘 들어오며, 시원한 바다 풍경을 감상하며 식사를 즐길 수 있다. 브런치 메뉴는 한 접시에 먹기 좋은 구성으로 제공되며, 신선한 재료로 만든 샌드위치도 인기 메뉴 중 하나다. 전용 주차장이 마련되어 있어 차량 이용 시에도 편리하게 방문할 수 있으며, 카페 인근에는 국립 달음산 자연휴양림이 위치해 있어 식사나 차를 즐긴 후 함께 둘러보기에 좋은 코스로 추천된다.",
2865975,스페이스앤무드,카페,"스페이스앤무드는 공간을 의미하는 ‘Space’와 공간을 통해 느껴지는 기분인 ‘Mood’를 합쳐 우리를 둘러싼 공간이 행복한 에너지를 갖길 희망하는 뜻을 담고 있다. 스페이스앤무드는 모던 클래식 디자인을 기반으로 카페와 호텔, 온라인샵을 운영하고 있다. 부산 서면에 위치해 있으며, 이곳만의 감성이 깃든 감각적인 식음료와 공간을 즐길 수 있고, 온라인샵에서는 스타일리쉬한 리빙 제품을 구매할 수 있다. 이 곳의 대표메뉴는 머핀 위 루꼴라, 베이컨, 수란에 소스를 곁들인 클래식 에그베네딕트이며, 이외에도 참나물 로제파스타, 크로와상 샌드위치 등 다양한 메뉴가 준비되어 있다. 디저트로는 제누아즈 위에 향긋한 레몬 제스트와 부드러운 마스카포네 크림을 겹겹이 쌓아 상큼하면서도 단맛이 매력적인 레몬 마스카포네 케이크는 인기메뉴이며, 예약하면 홀케이크로 받아볼 수 있다.",
2865236,희와제과,카페,"부산 서면에 위치한 희와제과는 ‘빵지순례’ 코스에 빠지지 않고 등장하는 인기 제과점이다. 희와제과는 매장에서 수십 가지의 다양한 빵을 판매하고 있으며, 종류가 워낙 많아 빵이 나오는 시간도 정해져 있다.  이곳의 시그니처 메뉴는 밤팥빵으로, 얇고 쫄깃한 빵 속에 직접 만든 팥앙금과 통밤이 듬뿍 들어 있어 풍부한 맛을 자랑한다. 남녀노소 누구나 부담 없이 즐길 수 있으며, 워낙 인기가 높다 보니 인당 구매 개수 제한이 있다. 이로 인해 일부 손님들은 줄을 서도 매하지 못하는 경우도 있다. 밤팥빵 외에도 스콘, 휘낭시에, 파운드케이크 등 다양한 구움 과자류 또한 인기 메뉴로, 고급스러운 맛과 정성 어린 수제 느낌이 돋보인다.",
2860839,스노잉클라우드,카페,"부산 해운대 달맞이길 해월정 뒤편 언덕에 있는 스노잉 클라우드는 하늘에서 내려다보는 바다 풍경이 멋진 루프탑 디저트 카페다. 맑은 날엔 청사포, 오륙도, 대마도까지 보이는 파노라마 바다 뷰를 즐길 수 있다. 깔끔하고 고급스러운 분위기의 스노잉클라우드는 커피 위에 수제 크림을 올려주는 스노잉 콜드브루와 로제 에이드, 뱅쇼, 샹그리아 등 10여 가지의 다양한 시그니처 음료가 있어 골라 먹는 재미가 있다. 실내보다 야외 공간이 더 분위기 좋은 이곳은 낮에는 바다 풍경을, 저녁에는 부산의 멋진 야경을 볼 수 있다. 카페 바로 앞에 걷기 좋은 달맞이동산과 해운대 해수욕장이 있어 함께 둘러보기 좋다.",
2853060,카페 도토리 로스터스,카페,"부산 기장군 장안읍에 위치한 갤러리 카페 도토리는 마치 동화 속 정원에 들어온 듯한 분위기를 자랑하는 이색적인 공간이다. 입구부터 다양한 조각품과 예술 작품들이 전시되어 있어, 방문객의 시선을 사로잡는다. 마치 호텔 로비나 예술 갤러리에 들어온 듯한 느낌을 준다. 특히, 독특한 디자인의 스피커와 다양한 예술 작품들이 조화를 이루며 감각적인 분위기를 연출한다. 도토리에서는 피스타치오 프루토, 베리프레소 등 이곳만의 개성이 담긴 시그니처 커피 메뉴를 즐길 수 있으며, 맛과 비주얼 모두 만족스러운 음료들로 인기가 높다. 넓은 전용 주차장이 마련되어 있어 접근성도 좋으며, 카페 인근에는 고즈넉한 사찰인 장안사가 위치해 있어 함께 방문하면 좋은 여행 코스가 된다.",
2852696,수안커피컴퍼니 커피하우스,카페,"부산 동래구 수안동에 위치한 ‘수안커피컴퍼니 커피하우스’는 수안역 인근에 자리한 커피 전문 매장이다. 이곳은 오직 커피에 집중할 수 있도록 꾸며진 공간으로, 커피 애호가들 사이에서 큰 인기를 얻고 있다. 다양한 원두를 직접 골라 시음해볼 수 있는 시스템을 갖추고 있어 자신의 취향에 맞는 커피를 찾아가는 재미가 있다. 특히, 고품질 원두를 온라인과 오프라인 모두에서 구매할 수 있어 집에서도 전문적인 커피를 즐기고자 하는 사람들에게 적합하다. 외관은 독특한 형태의 건축물로 고급스럽고 세련된 인상을 준다. 내부는 넓고 쾌적한 구조로 되어 있으며, 따뜻한 조명이 더해져 편안한 분위기를 자아낸다.",
2852620,코모도테이블,카페,"부산 동래구 온천천 카페거리 느티나무 골목에 위치한 브런치 카페 ‘코모도테이블’은 건강하고 감각적인 브런치를 즐길 수 있는 공간이다. 대표 메뉴는 신선한 채소와 토핑이 어우러진 콥샐러드와 그릴드 아보카도 샌드위치이다. 이 외에도 차돌박이를 곁들인 샐러드, 크로와상 햄치즈 샌드위치 등 다양한 메뉴가 준비되어 있어 취향에 맞는 선택이 가능하다. 카페 내부는 여유로운 유럽풍 인테리어로 꾸며져 있으며, 아기의자도 마련되어 있어 아이를 동반한 가족도 편하게 이용할 수 있다. 가게 앞에는 주차가 가능해 차량을 이용한 방문이 편리하고, 옆에 흐르는 온천천이 있어 식사 후 산책을 즐기기에도 좋은 위치이다.",
2852402,이티135,카페,"이티135는 부산 사하구 신평동에 위치한 그랜드 피아노를 연주하는 대형 브런치 베이커리 카페이다. 낙동강 동풍을 견디고 고운 이화를 피워낸 배고개에서 135초의 정성을 들인 커피를 선물한다는 뜻으로 카페 이름을 지었다고 한다. 지하에는 사무실과 주차장, 1층은 오더 및 픽업이 가능한 클래식한 공간이고 1.5층은 모던존과 화장실, 루프탑에는 다락방과 옥상 정원으로 구성되어 있다. 정성껏 만든 음료와 베이커리는 물론 원두와 노트, 에코백 같은 굿즈들도 판매한다. 1층을 제외하고 노키즈존으로 운영하며 가까운 곳에 동매산이 있어 함께 둘러보기 좋다.",
2852185,웨스턴챔버,카페,"부산광역시 기장군 정관읍에 위치한 베이커리 전문 카페 ‘웨스턴챔버’는 마치 남프랑스의 숲속에 들어선 듯한 이국적인 분위기를 자랑하는 카페다. 눈에 띄는 화이트톤 외관은 고급스러우면서도 자연과 어우러지는 세련된 건축미를 보여주며, 마치 영화 속 한 장면에 들어온 듯한 기분을 느끼게 한다. 내부는 깔끔하고 세련된 인테리어가 돋보이며, 큰 창을 통해 보이는 숲의 풍경은 액자 속 그림처럼 아름다워 방문객들의 시선을 사로잡는다. 고요하게 흐르는 물줄기와 나무들이 어우러져 자연 속에서 여유로운 시간을 보낼 수 있어 힐링을 원하는 이들에게 제격이다. 또한 미서부의 단독주택을 연상케 하는 입구는 독특한 외관 덕분에 사진명소로도 잘 알려져 있다.",
2848930,하바나,카페,"부산시 기장군 일광면 바다 앞에 위치한 하바나는 이국적인 분위기의 브런치 카페이다. 하바나는 하늘, 바다 그리고 너와 나의 줄임말로 야외 테이블과 작은 오두막이 있어 가족, 연인, 친구들과 함께 방문하기 좋다. 또, 가게 내부에서 그날의 무드에 맞는 음악을 빈티지 진공관 스피커로 틀어주고 있어 분위기 있는 휴식이 가능하다. 이곳의 인기메뉴는 제주 흑돼지 불고기와 불향을 입힌 새우가 만난 피자이다. 이외에도 매장에서 직접 만들어 제면 한 생면 투움바 파스타와 크림파스타, 황금빛 패스츄리 모자를 쓴 팟 파이 수프 등 이색적이고 다양한 메뉴들이 준비되어 있다.",
2847969,브리타니,카페,"부산에 있는 섬 중 가덕도에 있는 브리타니는 야외 테이블과 루프탑이 있는 브런치 카페이다. 카페 브리타니의 시그니처 메뉴는 브리타니 샌드 크림 라테이다. 커피를 제외한 대부분의 음료는 와인잔에 담겨 나와 통창으로 보이는 바다를 배경으로 사진을 찍으면 멋스럽게 나온다. 음료뿐 아니라 이곳에서 직접 만드는 피자, 샌드위치 등 브런치 메뉴도 있어 식사도 가능하다. 야외 공간은 반려동물 동반이 가능해서 반려견 전용 음료 퍼푸치노도 판매하고있다. 루프탑에는 바다 배경으로 사진을 찍을 수 있는 포토존도 있다. 인근에 함께 둘러보기 좋은 여행지로 대항항, 새바지항, 외양포 등이 있다.",
2847893,메이크씨,카페,"부산광역시 기장군 일광면 문동리에 위치한 ‘메이크씨’는 베이글 맛집으로 잘 알려진 인기 베이커리 카페이다. 이곳은 총 4층으로 이루어진 건물에 자리하고 있으며, 매장 입구는 도로 쪽과 바닷가 쪽 두 군데로 나뉘어 있어 접근성이 좋다. 1층은 주차장으로 운영되며, 방문객들이 편리하게 차량을 주차할 수 있다. 2층부터는 넓고 세련된 카페 공간과 화장실이 마련되어 있어 쾌적하게 머물 수 있다. 3층에서는 다양한 음료와 신선하게 구운 베이글, 다양한 베이커리류를 주문할 수 있으며, 깔끔한 실내 공간이 마련되어 있다. 4층에는 커피를 즐길 수 있는 테이블이 배치되어 있어 여유로운 시간을 보낼 수 있다. 이곳에서 판매되는 베이글은 ‘당일 생산, 당일 판매’를 원칙으로 하여 신선하고 믿을 수 있어 더욱 인기가 높다. 주변에는 칠암방파제와 기장의 명산 중 하나인 달음산 등 함께 둘러보기 좋은 자연 관광지도 가까이 있어, 메이크씨 방문과 함께 알찬 여행 코스로 구성하기 좋다.",
2845094,마리솔,카페,"부산 기장 일광 카페거리 시작점에 위치한 마리솔은 대한민국 명장의 제자가 만드는 유일무이한 명품 베이커리 카페이다. 총 4층의 건물로 기장에서 큰 규모를 자랑하는 카페이다. 탁 트인 바다 전망은 기본이고, 제과 명장이 매일 직접 만드는 베이커리와 고급 원두만 선별하여 제대로 된 로스팅을 통해 만든 커피가 유명하다. 그 외 파스타와 피자 메뉴에도 재료를 아낌없이 넣어 다양한 메뉴를 푸짐하게 먹을 수 있다. 또 천국의 계단이라는 포토존이 있으며, 루프탑도 조성되어 있어 바닷바람과 함께 음료를 즐기기 좋다. 넓은 주자장을 보유하고 있어 방문하기에도 편리하다.",
2844738,팜카페,카페,"부산광역시 기장군에 위치한 팜카페는 도심 속 정원에서 반려동물과 함께 브런치를 먹을 수 있는 카페이다. 대표 메뉴는 직접 재배한 토마토와 로메인이 들어간 바게트샌드위치이고 아메리카노, 농장주스, 몽블랑, 클럽샌드위치 등 다양한 메뉴가 준비되어있다. 한 팀당 세 마리까지, 15kg이하의 강아지와 이용이 가능하다. 강아지를 동반하지 않고 구경 목적으로 방문하는 어린이의 동반은 제한된다. 팜에서 반려견과 함께 힐링할 수 있는 카페이다. 인근에 함께 둘러보기 좋은 관광지로는 국립부산과학관 어린이과학관, 국립부산과학관새싹누리관, 해광사, 헤운대 달맞이길 등이 있다.",
2841499,메르데쿠르,카페,"메르데쿠르(Mer De Cour)에서는 기장 푸른 바다를 마주하며 스페셜 원두로 내린 아메리카노와 파티쉐가 만든 베이커리를 즐길 수 있다. 프랑스의 미슐랭가이드와 미국의 자갓서베이의 장점을 조합하여 만든 대한민국 레스토랑 가이드북인 블루리본서베이에 수록되었으며 조형미가 돋보이는 건축물과 깔끔한 실내 인테리어도 매력적인 공간이다. 대표 메뉴는 마다가스카르 바닐라빈과 고이아사설탕을 넣어 직접 끊여 만든 수제 바닐라빈 시럽이 들어간 라테와 앞뜰의바다를 비롯하여 앞뜰의열매, 앞뜰의숲, 오지다앞뜰 등 앞뜰 시리즈 음료도 인기가 좋다. 대형 카페들이 즐비한 기장에서도 탁 트인 바다 전망 카페를 찾는다면 이곳이 안성맞춤이다.",
2841481,공극샌드커피,카페,"부산광역시 기장 앞바다를 보며 힐링의 시간을 가질 수 있는 공극샌드커피는 카페 이름이 독특한데 비가 오거나 날씨가 조금 흐려져도 맛이 달라질 수 있는 커피를 내리는 과정에서 형성될 수 있는 미세하고 독특한 맛과 모래에 넘어져도 모래와 모래 사이의 공간인 공극 때문에 다치지 않고 일어설 수 있다는 스토리텔링의 의미까지 담고있다. 야외테라스 및 루프탑이 있어 마음껏 바다 풍경을 즐길 수 있다. 루프탑에는 거울 포토존이 있어 인기가 좋으며, 노란 파라솔이 달린 평상에 앉아 바다와 빨간 등대를 바라보며 커피를 마실 수 있다. 전용 주차장이 있고 주차요원이 있어 편한 주차가 가능하다. 맑은 바닷물과 은빛의 백사장이 가득한 송정해수욕장과 바다와 가장 가까운 사찰로 용궁사가 인접해 있다. 주변 관광 후에 잠깐의 피로를 풀기에 좋은 카페다.",
2841417,리디앤폴(LIDI&PAUL),카페,"부산광역시 금정구에 위치한 ‘리디엔폴’은 다양한 원두로 정성껏 내린 핸드드립 커피와 든든한 브런치, 베이커리를 함께 즐길 수 있는 카페이다. 음식 메뉴도 잘 갖추어져 있어 간단한 식사를 원하는 이들에게 제격이다. 특히 소시지, 닭가슴살, 샐러드 등으로 구성된 브런치 메뉴와 파스타는 오전 10시부터 오후 1시까지 주문 가능하며, 여유로운 아침 시간을 보내기 좋다. 카페는 넓고 따뜻한 브라운톤 인테리어로 꾸며져 있어 편안한 분위기 속에서 휴식을 취할 수 있으며, 가족 단위 방문객들에게도 인기가 많다. 주차 공간도 잘 마련되어 있어 차량을 이용해 방문하는 손님들에게도 접근성이 좋다. 아침 일찍 문을 열기 때문에 여유로운 하루의 시작을 커피 한 잔과 함께 하고 싶은 사람들에게 안성맞춤인 장소이다.",
2841064,더팜471,카페,"초록의 자연 속에서 차 한 잔의 여유를 즐길 수 있는 ‘더팜471’은 부산 금정구 범어사 인근에 위치한 숲속 카페로, 도심 속에서 잠시 벗어나 자연과 함께 힐링할 수 있는 공간이다. 카페 외관은 검은색과 자줏빛 징크 소재로 마감되어 모던하고 세련된 분위기를 자아내며, 주변 자연과도 조화롭게 어우러져 진다. 실내는 물론 야외 공간도 깔끔하게 정돈되어 있어 나무 그늘 아래에서 편안하게 음료와 디저트를 즐길 수 있다. 연인들이 많이 찾는 데이트 카페로 손꼽히며, 사계절 내내 아름다운 자연 뷰를 감상할 수 있는 점이 매력적이다. 인기 메뉴로는 상큼하고 향긋한 애플 유자차, 진한 맛이 일품인 브라우니 케이크, 부드럽고 달콤한 우유 크림빵 등이 있다. 카페 인근에는 사찰인 범어사가 위치해 있어, 카페 방문 전후로 함께 둘러보기에 좋은 나들이 코스가 된다.",
2841052,한그루양과점,카페,"수플레와 파스타 맛집으로 소문난 한그루양과점은 부산 명지국제신도시에 있다. 수플레란 프랑스어로 ‘부풀어 오른다’에서 유래된 말로 대만, 일본에서 먼저 자리 잡은 디저트 메뉴다. 수플레 팬케이크는 주문 후 즉시 조리되기 때문에 어느정도의 시간이 소요된다. 빵빵하게 부푼 팬케이크는 비주얼만으로도 임팩트가 크지만 한 입 넣는 순간 펼쳐지는 진하고 실키한 맛과 푹신하게 녹아내리는 식감은 감동을 더한다. 한그루양과점의 인테리어는 화려하지 않은 절제된 분위기에 엔틱하고 빈티지한 느낌이 드는 동시에 초록 식물과 하얀 시폰 커튼이 주는 느낌이 매력적이다. 매장을 관통하는 커다란 창문은 한그루양과점의 포토존이다.",
2840956,벨렘351,카페,"벨렘351은 부산 강서구 대저생태공원 인근에 위치한 대형 베이커리 카페로, 넓은 공간과 감각적인 인테리어로 인기가 있다. 이곳은 제과 명인으로 인증받은 대표가 운영하는 곳으로, 2019년 포르투갈 현지를 직접 방문해 현지 장인으로부터 전통 에그타르트의 제빵 기술을 전수받았다. 정통의 맛을 완벽하게 재현하기 위해 포르투갈에서 사용하는 제빵 기계를 직수입해 베이커리 생산에 활용하고 있다. 빵 외에도 커피와 다양한 디저트를 함께 즐길 수 있으며, 건물 상층에 위치한 루프탑은 대저생태공원의 전경을 한눈에 내려다볼 수 있다. 루프탑 공간은 탁 트인 개방감을 자랑하며, 단체 손님이 이용할 수 있는 넓은 테이블부터 커플을 위한 아늑한 프라이빗 공간까지 다양하게 마련되어 있어 누구나 편안하게 머물 수 있는 분위기를 제공한다.",
2840901,로다로지,카페,"부산광역시 명지국제신도시에 위치한 베이커리 카페 ‘로다로지’는 건강하고 신선한 빵을 지향하는 곳이다. 식사 대용으로 좋은 다양한 종류의 빵과 수제 케이크를 당일 생산하여 당일에만 판매하는 것을 원칙으로 한다. 모든 제품은 유기농 밀을 사용해 정성껏 만들며, 고객이 안심하고 즐길 수 있도록 빵을 직접 만드는 과정을 볼 수 있는 오픈 키친 형태로 운영된다. 대표 메뉴는 바삭하고 풍미가 살아 있는 다양한 크루아상과 앙버터로, 계절에 따라 다채로운 맛과 속재료의 조화를 느낄 수 있다. 케이크 또한 인기 있는 메뉴로, 예약 시 단일 맛뿐만 아니라 여러 가지 맛을 혼합해 선택할 수 있다.",
2838935,비상(VSANT),카페,북구에서 사하구 쪽 강변 대로에 있는 카페 비상(VSANT)은 공장지대의 폐기물 처리용 용지를 깔끔히 재정비하여 만든 곳이다. 3층 건물로 입구 쪽에 야외 테라스가 마련되어 있다. 전체적으로 노출 콘크리트와 철재를 사용한 인더스트리얼 인테리어로 꾸며져 있어 빈티지 감성을 느낄 수 있다. 층마다 다양한 소품들로 공간 연출을 해 놓아 볼거리가 많으며 특히 1층 한쪽에는 빨간색 폭스바겐 차를 비치해 놓은 포토존도 마련되어 있다. 3층 루프탑은 젊은 작가들의 그라피티 아트로 꾸며져 있으며 선베드가 준비되어 있어 탁 트인 공간에서 하늘과 낙동강 뷰를 한눈에 볼 수 있다. 건물 뒤쪽에 넓은 주차장이 있어 편리하게 이용할 수 있다.,
2838849,초량1941,카페,"초량 1941은 건물을 부산 동구에 위치해있으며, 지은 년도와 지역명이 합쳐진 이름이다. 우유를 기본으로 브랜딩을 한 카페로 부산역 뒤편의 산복도로를 따라 올라가는 이바구길 끝자락 산기슭에 자리 잡고 있다. 과거 일본식 가옥을 리모델링한 독특한 외관과 내부 인테리어가 인상적이다. 빈티지한 가구와 아기자기한 소품들로 꾸며진 실내는 과거로 시간 여행을 떠난 듯한 분위기를 자아내 방문객들에게 색다른 경험을 선사한다. 이곳에서 다양하게 개발하여 만든 우유음료는 방부제  및 화학첨가물을 사용하지 않는다. 카페인에 민감한 사람이나 유제품 알레르기가 있는 사람은 주의가 필요하다. 우유음료뿐만 아니라 다양한 과일샌드 디저트도 맛볼 수 있다.",
2836431,노티스,카페,"노티스는 1950년에 지어진 쌀 창고를 현대적 감각으로 재해석한 도심 속 복합문화공간이다. 쌀 창고 적벽돌을 그대로 유지하고 벽돌 사이에 숯을 넣는 근현대 건축기법으로 재탄생한 노티스의 1층은 컨벤션홀로 기업행사, 플리마켓, 소규모 웨딩, 문화행사 등 대관을 주로 한다. 2층은 부산항이 한눈에 보이는 카페로 다양한 음료와 베이커리를 판매한다. 3층 루프탑은 탁 트인 야외에서 부산항과 부산항 대교를 바라보며 과거의 부산과 현재의 부산을 모두 즐길 수 있다. 루프탑도 생일 파티, 연말 모임, 돌잔치, 각종 모임 등 특별한 날 공간을 이용할 수 있게 대관 신청이 가능하다. 주변에 용두산공원, 비프광장, 스카이파크전망대 등이 있어 함께 방문하기 좋다.",
2836424,오구카페,카페,"부산 남향대교와 바다가 한눈에 보이는 오구카페는 항해 통신장비, 설계 및 생산을 하는 오구정밀 회사에서 오구로 상호 변경 후 공장 건물의 일부를 카페로 리모델링하여 운영하는 곳이다. 총 4층 건물로 야외 테라스와 루프탑이 있는 대형 베이커리 카페이다. 입구로 들어가면 정면에 주문할 수 있는 계산대와 내부 쇼케이스에  들어가 있는 빵들을 구매할 수 있다. 시그니처 음료 메뉴는 에스프레소와 우유, 유기농 설탕을 넣어 만든 오구라떼, 콜드브루에 크림, 바닐라 시럽을 넣은 콜.크.바, 말차 크림라떼가 있다. 오구카페에는 직접 로스팅한 네 가지 원두와 물 맛을 선택할 수 있는 특별한 커피가 있다. 정수필터, 나트륨필터, 수소이온필터 세 가지 타입의 물이 있는데 선택에  따라 단맛, 산미, 무게감, 향미를 다르게 느낄 수 있어 이곳에서만 맛볼 수 있는 이색 메뉴이다.",
2833257,그릿비 일광,카페,"바다와 자연이 어우러진 감성적인 카페, 반가운 손님이라는 뜻의 그릿비 일광은 부산 기장군 일광면에 있다. 이곳은 바다를 바라보며 여유로운 시간을 보낼 수 있는 테라스와 모던한 인테리어로 꾸며진 실내 공간을 제공한다. 1층, 2층, 옥상으로 이루어져 있으며 야외 테라스 좌석도 넉넉해 기장 앞바다를 보며 커피를 즐길 수 있다. 입구에 들어서면 왼편에는 다양한 빵이 먹음직스럽게 진열되어 있고 쇼케이스에는 여러 종류의 케이크, 타르트, 밀크티가 진열되어 있다. 또한, 커피, 음료, 디저트 뿐 아니라 브런치 맛집으로도 유명하다. 그릿비 일광은 자연과 함께하는 힐링 공간으로, 바다의 소리와 함께 편안한 휴식을 취할 수 있는 곳이다.",
2832729,모모스커피 본점,카페,"부산 금정구에 위치한 모모스커피 본점은 품질 좋고 맛있는 커피로 유명하다. 오래된 건물 정원에서 운치 있게 커피를 맛볼 수 있어 인기이며, 2019년 월드 바리스타 챔피언십에서 우승한 바리스타를 배출한 곳으로 소문이 났다. 로스팅 룸과 베이킹 실이 있어 매일매일 특별하고 맛있는 커피와 빵을 제공한다. 매장 내부는 넓은 편으로 분위기가 있어 연인과 함께 시간을 보내기에도 좋다. 오랜 시간 같은 장소에서 주민들과 관광객의 사랑을 받는 모모스는 온천장역 2번 출구에서 가깝다. 주차장은 따로 마련되어 있지 않다. 각기 다른 매력을 가진 고품질의 커피를 통해 또 다른 즐거움을 느낄 수 있는 오늘의 커피를 추천한다.",
2832712,록산,카페,"부산 명지에 있는 록산은 깔끔하고 세련된 인테리어가 매력적인 카페이다. 카페 내부는 따뜻한 우드톤의 감성적인 인테리어에 1층, 2층, 야외 테라스가 있다. 넓은 창가 자리는 햇살을 즐기며 여유로운 시간을 보내기에 안성맞춤이다. 메뉴로는 다양한 커피와 차, 에크타르트, 빙수의 디저트가 준비되어 있으며, 특히 수제 케이크와 파스타, 샐러드, 버거 등의 브런치 메뉴가 인기이다. 전반적으로 세련된 감성과 따뜻한 환대가 어우러져 데이트나 혼자만의 시간, 소규모 모임 장소로도 적합한 곳이다. 록산은 일상 속 여유와 특별함을 동시에 느낄 수 있는 공간이다.",
2832655,헤이든,카페,"부산 기장에 위치한 일광카페 헤이든은 야자수 나무에 둘러싸여 있고, 카페 입구는 미로처럼 두어 번 꺾어 걸어 들어가야 나온다. 때문에 이곳을 찾는 사람들에게 독특하고 재밌는 인상을 준다. 카페 헤이든은 전체적으로 차분하고 깔끔한 인테리어로, 1층 창가 자리는 바로 바다와 맞닿아 있어 인기가 많다. 2층 공간은 넓게 트여 있어 인원이 많을 때 가면 좋다. 3층에 올라가면 아늑하게 마련된 공간도 있다. 야외 테라스에는 파라솔 의자도 있어 다채로운 각도에서 기장 앞바다를 감상할 수 있다. 또한 베이커리 맛집으로 당일 생산한 베이커리를 당일에 판매하고 있다. 대형 주차장이 있어 주차가 편리하고 파노라마뷰의 바다를 보며 힐링 할 수 있는 카페이다.",
2832700,구디너프,카페,"건물 전체가 통유리로 되어 오션뷰를 바로 볼 수 있는 부산의 구디너프는 가덕도 핫플레이스다. 1층, 2층, 3층 모두 실내, 실외 테라스, 루프탑이 갖춰져 있어 다양한 각도에서 오션뷰를 즐길 수 있다. 위치적으로는 도시에서 조금 벗어나 넓은 바다와 푸른 산이 보이는 곳에서 이용하는 사람들에게 자유로움을 느낄 수 있게 했으며, 내부적으로는 자유로운 동선과 편안한 휴식을 맛있는 커피와 달콤한 디저트를 함께 이용할 수 있게 함으로써 구디너프 하나만으로도 충분하다는 느낌이 받을 수 있도록 노력했다. 구디너프에서는 산미 있는 원두와 바디감이 있는 원두를 선택할 수 있으며, 커피를 못 마시는 사람을 위한 디카페인 음료와 여러 종류의 허브티가 준비되어 있다. 허브티에 사용되는 재료는 모두 유기농이며 블렌딩 되어 이색적인 맛을 느낄 수 있다. 티에 대해 궁금하거나 자세한 설명이 필요하면 직원에게 물어보면 된다. 디저트 종류도 브리오슈, 스콘, 케이크, 먹물 치즈 빵 등 다양하게 구성되어 있다.",
2832649,피크스퀘어,카페,"부산 기장에 위치한 피크스퀘어는 독특한 형태의 외관을 자랑한다. 제주도에서나 볼법한 돌 담벼락에 둘러싸인 오션뷰 카페다. 찾아가는 길이 좁아 불편하지만, 건물 앞에 도착하면 넓은 주차장이 있다. 카운터와 카페 공간이 분리되어 차분한 분위기에서 커피를 즐길 수 있는 곳이다. 들어가는 입구 왼쪽에 화살표는 피크스퀘어의 포토존으로 유명하다. 화살표 표시 옆으로 건물을 등지고 서면 건물과 하늘이 맞닿아 멋진 사진을 남길 수 있다. 피크스퀘어에는 산미와 바디감이 있는 원두 종류를 취향에 따라 선택할 수 있다. 이 밖에도 간단하게 먹을 수 있는 케이크, 앙버터, 몽블랑 등 다양한 디저트도 있다. 가족들과 친구 그리고 연인과 함께 방문하기 좋다.",
2832636,코랄라니,카페,"부산 기장에 위치한 코랄라니는 송정해수욕장과 송정항을 지나 기장 연화리 쪽에 위치해 있는 대형 베이커리 카페이다. 처음 이곳을 방문하는 사람들은 카페 규모와 예사롭지 않은 건물 디자인에 놀란다. 특히 카페보다는 갤러리, 미술관을 방문한 느낌을 받을 수 있다. 볼거리가 많은 코랄라니에는 야외에 마련된 계단식 의자가 유명하다. 날씨가 좋은 날이면, 금세 자리가 찬다. 1층보다는 3층과 4층에서 뷰를 볼 수 있어 인기가 많으며, 2층에서 루프탑까지는 내부계단이 가파르기 떄문에 안전상의 이유로 노키즈 존으로 운영한다. 아이와 방문할 경우엔 1층 테라스와 실내 공간을 이용할 수 있다.",
2822838,대보름,카페,"부산 대보름 카페는 기장 오시리아 관광단지 이케아 맞은편 오시리아스퀘어 1층에 위치하고 있다. 카페 내부는 넓고 꽃장식 등의 화려한 인테리어와 분위기로 사진찍기에도 좋아 인기 있는 카페이다. 단순히 음료만 판매하는 것이 아닌 버거와 다양한 피자메뉴도 판매하고 있어 음료와 함께 즐기기 좋다. 조용한 분위기와 친절한 서비스로 가족과 연인, 다른 누구와 가도 만족스러운 모임이 가능하다. 주차도 편리하고 주변에 산책로도 있어 함께 둘러보기에도 좋다. 대보름은 단순히 음식을 먹는 것이 아닌 좋은 사람과 함께한다는 정을 나눈다는 한국의 식문화에 복, 소원성취를 담은 브랜드이다.",
2822840,칠암사계,카페,"칠암사계는 부산에서 오랜 세월 사랑받아 온 이흥용 과자점이 지역 건축가와 협업하여 인심이 후한 어촌 마을 칠암에 베이커리 갤러리를 만들었다. 다양한 방식으로 고객들과 소통하고 가깝게 다가가고자 만든 이 공간은 건물 너머 들리는 파도 소리와 나뭇잎이 바람에 부딪쳐 내는 소리를 느끼고 싱그러운 이끼의 향을 맡으며 수목들 사이를 천천히 걸으며 마음이 여유로움을 느낄 수 있는 곳이다. 칠암사계는 변함없이 따듯한 편안함과 함께 계절마다 새로운 설렘을 가지고 올 수 있는 곳이며, 가까운 마을 사람, 멀리서 찾아오는 모든 사람들에게 평온하고 아름다운 힐링의 시간을 제공한다.",
2642681,카페 385,카페,"영도에 자리한 카페 385는 바다 뷰가 보이는 위치로 4층짜리 루프탑 카페이다. 나무 숲 사이로 흰색의 깔끔한 건물이 보이고 안으로 들어오는 순간 원두의 향에 설레고, 두 번째로는 베이커리 향에 취할 수 있는 곳이다. 영도할매빵으로 알려진 '부산 할머핀'은 달콤한 고구마와 꾸덕한 크림치즈가 어우러진 시그니처 메뉴로 유명하다. 영도 바다가 한눈에 들어오고 대형 카페로 따뜻함과 부드러운 추억을 공유할 수 있는 장소이다.",
1805095,할매팥빙수단팥죽,카페,할머니팥빙수단밭죽은 부산시 용호동에 본점을 두고 있는 팥빙수 전문점이다. 중소벤처기업 백년가게 인증을 받은 바 있는 전통 있는 음식점으로 여러 매체에 소개되기도 하였다. 이곳의 팥빙수는 직접 삶은 통팥과 잘게 갈린 얼음 위에 우유와 조린 과일을 얹어 제공하는데 많은 재료가 들어가지 않아 팥빙수 본연의 맛을 즐길 수 있다. 내부는 협소한 편이지만 아늑한 분위기를 풍긴다. 시민들 뿐만 아니라 관광객들도 일부러 찾는 맛집이다.,
3373600,세븐아일랜드,카페,"세븐 아일랜드는 우리가 ‘섬에 가고 싶었던 이유들’을 모두 반영한 공간이다. 섬에 둘러싸인 섬 위에 놓인 여유, 흥미로움, 고요, 만남이 공존하는 이 공간, 세븐 아일랜드는 섬을 경험하는 공간이다. 6~12인까지 수용가능한 미팅룸을 사전 예약 시 이용이 가능하여 단체로 방문하기에도 좋다. 애견동반은 불가능한 곳으로 참고하면 된다. 대표메뉴는 블랙라떼로, 세븐아일랜드만의 모노톤 인테리어와 바다 위에 떠 있는 섬에서 영감을 받아 개발했다고 한다.",
3412613,암남길 벗과벗,카페,"암남길 벗과벗은 송도 해수욕장 오션뷰를 즐길 수 있는 고풍스러운 유럽 엔틱 갤러리 카페이다. 베르사유 궁전을 모티브로 한 화려한 샹들리에 조명이 인상적이며, 다양한 시그니처 음료와 디저트, 디쉬 메뉴, 맥주와 와인을 바다를 보며 편안하게 즐길 수 있다. 고급스러운 분위기 속에서 식사와 음료를 즐기며 특별한 시간을 보낼 수 있는 암남길 벗과벗은 아름다운 경치와 우아한 인테리어가 어우러져 기억에 남는 경험을 선사한다.",
2952936,카페제노아,카페,"카페제노아는 부산 자갈치역 근처있는 카페로 부평족발골목과 미술의거리 사이에 위치해있다. 1층은 주문 및 로스터리, 2층은 카페, 3층은 루프탑으로 운영하고 있으며, 유료 짐 보관 서비스를 이용할 수 있어 관광객들의 편의를 제공하고 있다. 부산에 어울리는 비주얼의 제노아슈패너와 상하목장으로 만든 아이스크림 라떼인 노스폴라떼가 대표 메뉴이다.",
2852263,초오록,카페,"부산광역시 기장군 일광면 화전리에 있는 초오록은 기장 IC에서 가까운 카페이다. 조경이 잘된 정원이 있어 주변이 온통 초록빛으로 여유롭고 조용하다. 카페 내부에도 자리가 많지만, 날씨가 좋으면 잔디밭 파라솔이 인기다.  정원 카페로도 소문난 이곳의 대표 메뉴는 크리스피 토스트, 브런치 플레이트, 햄치즈샌드위치 등이고 우도 땅콩으로 만든 우도땅콩슈도 인기다. 그밖에 다양한 음료와 커피, 크로플과 스콘, 에그타르트가 있다. 또 젤라또 아이스크림은 어린이들이 좋아하는 메뉴이다. 깔끔한 분위기의 카페 건물과 정원에 야외 조명이 켜지면 마치 산속 깊은 산장에 와 있는 기분이 든다. 가까운 곳에 일광이천생태공원이 있어 함께 둘러보기 좋다.",
2853081,파나카F,카페,"금정마을 안에 있는 동래 숲속 뷰 카페 파나카F는 도심에서 차로 5분 거리 숲속에서 자연을 만끽하며 여유롭게 커피를 즐길 수 있는 숲세권 카페다. 커피, 핸드드립, 에이드, 밀크티 등 음료 메뉴가 다양하다. Panama Caja의 줄임말로 '파나마에서 온 상자'라는 뜻에 Forest를 붙여 Panaca F가 만들어졌다. 파나마의 환상적인 자연환경 속에서 자란 생두를 직접 수입하고 로스팅, 추출까지 커피의 모든 가공 과정에 참여함으로 맛의 일관성과 독특함을 두루 갖춘 커피를 제공한다. 또한 나무꾼케이크, 제리치즈케이크 등 만듦새가 좋은 디저트도 인기가 좋다. 저녁이 되면 반짝이는 조명과 함께 소나무 숲에 둘러싸인 계단식 야외 데크가 포토존으로 변한다. 매장 앞에 주차 공간이 있다. 근처에 사직공원과 금강공원이 있어 함께 둘러보기 좋다.",
2785269,수월경화,카페,"물에 비친 달, 거울에 비친 꽃이란 뜻을 가진 수월경화는 엘리베이터가 없는 건물 4층에 위치해 있는데 올라가는 계단이 감각적으로 꾸며져 여기저기 사진을 찍다 보면 어느새 4층이다. 대표메뉴는 '달달하고 부드럽다'의 순우리말인 달보드레 상자이다. 막걸리를 발효해서 만든 흑미 증편과 고소한 콩고물이 맛난 인절미 꼬챙이, 프랑스산 명품 초콜릿 발로나로 만든 가나슈 모나카, 통팥앙버터모나카 그리고 단짠 하모니 감태명란피낭시에까지 더해 푸짐한 선물세트를 같다. 또한 수월경화는 세 가지 테마로 운영 중인데 첫 번째 카페는 송정바다를 멍하니 바라보며 커피와 차, 다과를 즐기는 공간이고 수월경화 피크닉은 좋은 추억을 남길 수 있는 곳으로 100% 예약제며 수월경화 세 번째 이야기인 '리추얼 오브 수월경화'는 에프터눈티, 티클래스 등 프라이빗 한 문화공간이다.",
2868448,타타에스프레소바,카페,광안 종합시장 근처에 있는 타타에스프레소바는 한적한 주택가 골목에 있다. 1층에 있는 타타에스프레소바는 아담하고 분위기 좋은 카페로 입소문이 난 곳이다. 내부는 공간이 협소한 편이다. 에스프레소 전문점으로 다양한 커피 메뉴가 있는 타타에스프레소바의 대표 메뉴는 에스프레소 위에 크림을 올린 콘파냐이다. 이곳 모든 커피 메뉴는 카페인과 디카페인으로 주문할 수 있어 누구나 부담 없이 올 수 있는 카페이다. 근처 부산광역시 기념물 제8호로 지정된 수영사적공원도 가까이 있어 함께 둘러보기 좋다.,
2853012,낭만송백,카페,"넓은 정원과 다양한 체험장이 있는 낭만송백은 부산 강서구 대저동 송백 마을 한적한 곳에 있다. 자차 방문 시 내비게이션에 낭만송백으로 검색하면 비포장도로로 안내가 되기에 경유지에 은진카센타를 추가하고 도착지 낭만송백을 검색하면 포장도로로 안내해 준다. 카페 입구를 들어가다 보면 우측으로 쭉 뻗은 낙동강의 멋진 풍경을 볼 수 있으며 2층 건물로 된 내부는 여러 가지의 식물과 아늑한 분위기로 꾸며져 있다. 1층에서 주문 후 원하는 곳에 앉으면 된다. 2층은 노키즈 존으로 운영되고 있고 낭만송백의 매력은 야외 공간에 모래놀이 체험, 트램펄린, 정자 등이 있어 어린이들과 함께 방문하면 자유롭게 마음껏 뛰놀 수 있다. 또 카페 가까이 을숙도생태공원이 있어 함께 방문하기 좋다.
※ 반려동물 동반 불가",
2782695,르쎄,카페,"부산 동래구의 온천천로는 봄날에 흐드러지게 핀 벚꽃이 아름다운 거리다. 과거 동래 지역의 젖줄 역할을 했던 온천천을 따라 벚나무들이 즐비한 때문인데, 하천과의 경계에는 노란색 유채꽃까지 피어 계절의 정취에 흠뻑 빠지게 한다. 온천천 벚꽃길 바로 곁에 자리한 카페 르쎄는 이 같은 풍경을 온전히 즐기기에 더없이 좋은 위치다. 통유리 너머 분홍색 벚꽃과 파란 하늘을 마음껏 눈에 담을 수 있다. 이곳에서는 커피와 차 외에 매장에서 전문 파티시에가 직접 만든 케이크와 디저트를 낸다. 특히 치즈케이크와 녹차 케이크, 쇼콜라 케이크, 무화과 케이크, 크레이프 케이크 등 케이크 종류가 굉장히 다양하다. 미리 주문하면 홀 케이크 구매도 할 수 있다.",
2659244,옥탑방,카페,"옥탑방은 더이스트인부산 루프탑에 위치한 베이커리 카페이다. 바리스타의 손길이 담긴 신선한 커피, 좋은 재료로 건강하게 만든 디저트, 기장 앞바다가 한눈에 내려다 보이는 뷰, 이 세 가지 즐거움을 한곳에서 느낄 수 있다.",
